SOLD TO PARTY,SALES ORG
10894,ZDOM
13428,ZDOM
11889,ZDOM
12079,ZDOM
11071,ZDO1M
13171,ZDOM
13551,ZDOM
13171,ZDOM
10813,ZDOM
11653,ZDOM
12893,ZDOM
12079,ZDOM
11978,ZDOM
13180,ZDOM
12182,ZDOM
12001,ZDOM
11980,ZDOM
12755,ZDOM
11256,ZDOM
10972,ZDOM44
12019,ZDOM
13219,ZDOM
13526,ZDOM
11568,ZDOM
12004,ZDOM
12970,ZDOM
12959,ZDOM
13024,ZDOM
12079,ZDOM
11747,ZDOM
13218,ZDOM
13220,ZDOM
11407,ZDOM
10851,ZDOM
11777,ZDOM
11236,ZDOM
10975,ZDOM
13026,ZDOM
12773,ZDOM
11306,ZDOM
11363,ZDOM
13598,ZDOM
11778,ZDOM
12008,ZDOM
11903,ZDOM
13428,ZDOM
10894,ZDOM
11889,ZDOM
13428,ZDOM
12079,ZDOM
12079,ZDOM
12079,ZDOM
13551,ZDOM
12909,ZDOM
13404,ZDOM
10966,ZDOM
11956,ZDOM
11140,ZDOM
11221,ZDOM
13404,ZDOM
11956,ZDOM
13570,ZDOM
12022,ZDOM
11542,ZDOM
13001,ZDOM
11989,ZDOM
13097,ZDOM
13219,ZDOM
10955,ZDOM
10794,ZDOM
10877,ZDOM
13216,ZDOM
12889,ZDOM
12969,ZDOM
11827,ZDOM
12909,ZDOM
11221,ZDOM
11956,ZDOM
11708,ZDOM
12006,ZDOM
11926,ZDOM
12022,ZDOM
13428,ZDOM
12833,ZDOM
12164,ZDOM
12887,ZDOM
11996,ZDOM
13130,ZDOM
13643,ZDOM
10904,ZDOM
11933,ZDOM
11301,ZDOM
13039,ZDOM
10966,ZDOM
11787,ZDOM
12865,ZDOM
11588,ZDOM
11989,ZDOM
11956,ZDOM
10826,ZDOM
11071,ZDOM
11672,ZDOM
11221,ZDOM
12182,ZDOM
10794,ZDOM
11201,ZDOM
11934,ZDOM
11555,ZDOM
10744,ZDOM
12481,ZDOM
12637,ZDOM
11407,ZDOM
12042,ZDOM
11861,ZDOM
11777,ZDOM
12008,ZDOM
11110,ZDOM
12957,ZDOM
12876,ZDOM
10885,ZDOM
11919,ZDOM
12717,ZDOM
12962,ZDOM
10877,ZDOM
11542,ZDOM
12756,ZDOM
13570,ZDOM
13069,ZDOM
11936,ZDOM
11936,ZDOM
12541,ZDOM
11582,ZDOM
12261,ZDOM
11363,ZDOM
11928,ZDOM
11980,ZDOM
11091,ZDOM
12777,ZDOM
12940,ZDOM
13171,ZDOM
11979,ZDOM
13404,ZDOM
11778,ZDOM
11161,ZDOM
11221,ZDOM
13157,ZDOM
12972,ZDOM
11519,ZDOM
11236,ZDOM
11618,ZDOM
12220,ZDOM
12671,ZDOM
12909,ZDOM
11689,ZDOM
12334,ZDOM
11903,ZDOM
13216,ZDOM
13598,ZDOM
11747,ZDOM
13382,ZDOM
11921,ZDOM
11973,ZDOM
13570,ZDOM
13219,ZDOM
13405,ZDOM
11848,ZDOM
13570,ZDOM
13171,ZDOM
13065,ZDOM
12296,ZDOM
12940,ZDOM
11140,ZDOM
11705,ZDOM
12680,ZDOM
11557,ZDOM
11901,ZDOM
11956,ZDOM
12481,ZDOM
12893,ZDOM
12555,ZDOM
12777,ZDOM
11140,ZDOM
11260,ZDOM
12021,ZDOM
13428,ZDOM
12912,ZDOM
12912,ZDOM
13180,ZDOM
12262,ZDOM
12186,ZDOM
12960,ZDOM
12527,ZDOM
11653,ZDOM
11955,ZDOM
11140,ZDOM
13137,ZDOM
13026,ZDOM
12092,ZDOM
13097,ZDOM
13570,ZDOM
13597,ZDOM
12026,ZDOM
13024,ZDOM
12959,ZDOM
11603,ZDOM
11737,ZDOM
13096,ZDOM
13551,ZDOM
12909,ZDOM
11956,ZDOM
13643,ZDOM
12481,ZDOM
13598,ZDOM
11363,ZDOM
12503,ZDOM
11848,ZDOM
13216,ZDOM
10966,ZDOM
12671,ZDOM
12957,ZDOM
13129,ZDOM
11705,ZDOM
11861,ZDOM
12481,ZDOM
11778,ZDOM
11988,ZDOM
11708,ZDOM
12637,ZDOM
11110,ZDOM
11407,ZDOM
13111,ZDOM
12833,ZDOM
12008,ZDOM
10966,ZDOM
13024,ZDOM
11936,ZDOM
12879,ZDOM
13670,ZDOM
10794,ZDOM
12909,ZDOM
12878,ZDOM
12748,ZDOM
10877,ZDOM
10744,ZDOM
13035,ZDOM
10991,ZDOM
12569,ZDOM
12878,ZDOM
11201,ZDOM
12903,ZDOM
12878,ZDOM
11936,ZDOM
12879,ZDOM
13169,ZDOM
12779,ZDOM
12334,ZDOM
12139,ZDOM
12531,ZDOM
11955,ZDOM
11952,ZDOM
11102,ZDOM
11140,ZDOM
11903,ZDOM
13793,ZDOM
10794,ZDOM
13220,ZDOM
13051,ZDOM
11642,ZDOM
11980,ZDOM
13643,ZDOM
13219,ZDOM
13171,ZDOM
13218,ZDOM
13171,ZDOM
13026,ZDOM
12527,ZDOM
11777,ZDOM
11071,ZDOM
12909,ZDOM
11407,ZDOM
11979,ZDOM
12848,ZDOM
12959,ZDOM
11221,ZDOM
12019,ZDOM
12004,ZDOM
12321,ZDOM
12893,ZDOM
10966,ZDOM
13598,ZDOM
12843,ZDOM
10924,ZDOM
12312,ZDOM
11363,ZDOM
13180,ZDOM
11256,ZDOM
11568,ZDOM
12137,ZDOM
13570,ZDOM
10972,ZDOM
12845,ZDOM
13180,ZDOM
13171,ZDOM
12865,ZDOM
13171,ZDOM
13026,ZDOM
11996,ZDOM
11346,ZDOM
13026,ZDOM
11441,ZDOM
12716,ZDOM
12992,ZDOM
12481,ZDOM
12889,ZDOM
11861,ZDOM
13180,ZDOM
12969,ZDOM
11710,ZDOM
12969,ZDOM
11762,ZDOM
12865,ZDOM
11568,ZDOM
12491,ZDOM
12101,ZDOM
13096,ZDOM
11927,ZDOM
11634,ZDOM
12471,ZDOM
11789,ZDOM
12679,ZDOM
11566,ZDOM
10906,ZDOM
10851,ZDOM
13025,ZDOM
12637,ZDOM
11762,ZDOM
11901,ZDOM
11889,ZDOM
11238,ZDOM
11961,ZDOM
13116,ZDOM
11986,ZDOM
11777,ZDOM
12006,ZDOM
11238,ZDOM
11186,ZDOM
12026,ZDOM
11557,ZDOM
11568,ZDOM
13026,ZDOM
11796,ZDOM
12561,ZDOM
11546,ZDOM
12679,ZDOM
12717,ZDOM
11748,ZDOM
12079,ZDOM
12079,ZDOM
10885,ZDOM
13066,ZDOM
11641,ZDOM
11737,ZDOM
13551,ZDOM
12069,ZDOM
13509,ZDOM
12262,ZDOM
11737,ZDOM
13033,ZDOM
12581,ZDOM
11236,ZDOM
11906,ZDOM
11617,ZDOM
11091,ZDOM
12777,ZDOM
12716,ZDOM
13526,ZDOM
10813,ZDOM
11829,ZDOM
11653,ZDOM
12137,ZDOM
13038,ZDOM
11091,ZDOM
13219,ZDOM
12879,ZDOM
11140,ZDOM
12889,ZDOM
11236,ZDOM
12312,ZDOM
11566,ZDOM
11949,ZDOM
10978,ZDOM
12017,ZDOM
12596,ZDOM
12664,ZDOM
12481,ZDOM
12865,ZDOM
10929,ZDOM
11557,ZDOM
13026,ZDOM
12137,ZDOM
11221,ZDOM
10877,ZDOM
11899,ZDOM
13696,ZDOM
13405,ZDOM
11921,ZDOM
10794,ZDOM
11071,ZDOM
12909,ZDOM
11936,ZDOM
11737,ZDOM
11710,ZDOM
10744,ZDOM
11260,ZDOM
10924,ZDOM
10991,ZDOM
13175,ZDOM
13220,ZDOM
12748,ZDOM
11201,ZDOM
12006,ZDOM
10813,ZDOM
13218,ZDOM
12531,ZDOM
12334,ZDOM
11861,ZDOM
12008,ZDOM
12019,ZDOM
11642,ZDOM
13180,ZDOM
10972,ZDOM
11641,ZDOM
12561,ZDOM
12823,ZDOM
11762,ZDOM
11847,ZDOM
11256,ZDOM
12637,ZDOM
13598,ZDOM
12833,ZDOM
12043,ZDOM
10991,ZDOM
10813,ZDOM
12569,ZDOM
13171,ZDOM
11441,ZDOM
10991,ZDOM
11978,ZDOM
12755,ZDOM
12314,ZDOM
12139,ZDOM
12321,ZDOM
11980,ZDOM
12679,ZDOM
12637,ZDOM
11797,ZDOM
11653,ZDOM
13069,ZDOM
12679,ZDOM
12481,ZDOM
12581,ZDOM
11903,ZDOM
12969,ZDOM
11738,ZDOM
12547,ZDOM
11777,ZDOM
12992,ZDOM
11617,ZDOM
11634,ZDOM
12818,ZDOM
11796,ZDOM
10885,ZDOM
13001,ZDOM
10966,ZDOM
10904,ZDOM
13403,ZDOM
10885,ZDOM
13157,ZDOM
10906,ZDOM
13198,ZDOM
11789,ZDOM
13000,ZDOM
13190,ZDOM
12841,ZDOM
13219,ZDOM
11555,ZDOM
11140,ZDOM
11582,ZDOM
11827,ZDOM
11848,ZDOM
13457,ZDOM
12961,ZDOM
10972,ZDOM
11140,ZDOM
11140,ZDOM
12940,ZDOM
11519,ZDOM
13069,ZDOM
12969,ZDOM
12092,ZDOM
11926,ZDOM
11091,ZDOM
12702,ZDOM
11672,ZDOM
12912,ZDOM
13403,ZDOM
13570,ZDOM
13570,ZDOM
12186,ZDOM
12182,ZDOM
13643,ZDOM
11407,ZDOM
12555,ZDOM
11979,ZDOM
10955,ZDOM
12755,ZDOM
11710,ZDOM
12773,ZDOM
11705,ZDOM
12022,ZDOM
11238,ZDOM
13130,ZDOM
11927,ZDOM
12019,ZDOM
12137,ZDOM
13180,ZDOM
11936,ZDOM
11980,ZDOM
13597,ZDOM
12261,ZDOM
13137,ZDOM
11689,ZDOM
12756,ZDOM
13000,ZDOM
11737,ZDOM
11238,ZDOM
13065,ZDOM
13097,ZDOM
11778,ZDOM
11603,ZDOM
11777,ZDOM
12887,ZDOM
13509,ZDOM
11071,ZDOM
12777,ZDOM
12114,ZDOM
12960,ZDOM
13001,ZDOM
12262,ZDOM
11708,ZDOM
13001,ZDOM
11748,ZDOM
12131,ZDOM
12314,ZDOM
12717,ZDOM
11796,ZDOM
12957,ZDOM
13096,ZDOM
11996,ZDOM
11989,ZDOM
11588,ZDOM
12042,ZDOM
13039,ZDOM
11546,ZDOM
11201,ZDOM
12865,ZDOM
11919,ZDOM
11901,ZDOM
10906,ZDOM
12555,ZDOM
12531,ZDOM
12541,ZDOM
12748,ZDOM
12114,ZDOM
12671,ZDOM
13172,ZDOM
11747,ZDOM
11861,ZDOM
12569,ZDOM
11973,ZDOM
12164,ZDOM
13026,ZDOM
11929,ZDOM
13216,ZDOM
13119,ZDOM
11260,ZDOM
11906,ZDOM
13293,ZDOM
12069,ZDOM
13198,ZDOM
11762,ZDOM
13598,ZDOM
11557,ZDOM
11928,ZDOM
13191,ZDOM
13405,ZDOM
12026,ZDOM
11306,ZDOM
12296,ZDOM
12937,ZDOM
13645,ZDOM
12847,ZDOM
10993,ZDOM
10033,ZDOM
12663,ZDOM
12897,ZDOM
11336,ZDOM
10278,ZDOM
10368,ZDOM
12871,ZDOM
12735,ZDOM
11941,ZDOM
13139,ZDOM
13565,ZDOM
13211,ZDOM
11452,ZDOM
10203,ZDOM
10349,ZDOM
11332,ZDOM
10705,ZDOM
10102,ZDOM
12758,ZDOM
10654,ZDOM
13006,ZDOM
13212,ZDOM
10417,ZDOM
12805,ZDOM
12191,ZDOM
10285,ZDOM
13665,ZDOM
13073,ZDOM
10503,ZDOM
13184,ZDOM
12999,ZDOM
10729,ZDOM
11721,ZDOM
11959,ZDOM
11458,ZDOM
11469,ZDOM
10727,ZDOM
10599,ZDOM
10422,ZDOM
10289,ZDOM
10853,ZDOM
13396,ZDOM
10804,ZDOM
11601,ZDOM
10103,ZDOM
12271,ZDOM
13021,ZDOM
10138,ZDOM
10331,ZDOM
10995,ZDOM
13215,ZDOM
10155,ZDOM
10123,ZDOM
10051,ZDOM
12920,ZDOM
13146,ZDOM
13055,ZDOM
10589,ZDOM
12743,ZDOM
11792,ZDOM
10373,ZDOM
10206,ZDOM
10089,ZDOM
10912,ZDOM
12730,ZDOM
10111,ZDOM
10761,ZDOM
13074,ZDOM
10225,ZDOM
13003,ZDOM
13214,ZDOM
10344,ZDOM
12525,ZDOM
11451,ZDOM
10827,ZDOM
11959,ZDOM
10185,ZDOM
12645,ZDOM
11522,ZDOM
10829,ZDOM
11836,ZDOM
13127,ZDOM
13240,ZDOM
12869,ZDOM
12919,ZDOM
12852,ZDOM
13266,ZDOM
11445,ZDOM
10956,ZDOM
11722,ZDOM
10624,ZDOM
10771,ZDOM
13482,ZDOM
13047,ZDOM
12939,ZDOM
13790,ZDOM
10574,ZDOM
12742,ZDOM
10388,ZDOM
11997,ZDOM
13483,ZDOM
13072,ZDOM
10456,ZDOM
10296,ZDOM
12628,ZDOM
10759,ZDOM
12978,ZDOM
12725,ZDOM
10509,ZDOM
13383,ZDOM
13186,ZDOM
13727,ZDOM
10633,ZDOM
10679,ZDOM
12733,ZDOM
12452,ZDOM
10155,ZDOM
10162,ZDOM
13241,ZDOM
10052,ZDOM
10348,ZDOM
12080,ZDOM
12831,ZDOM
11459,ZDOM
10774,ZDOM
10208,ZDOM
10625,ZDOM
13185,ZDOM
11464,ZDOM
10449,ZDOM
13242,ZDOM
10145,ZDOM
12920,ZDOM
13064,ZDOM
11296,ZDOM
13063,ZDOM
10720,ZDOM
13421,ZDOM
12991,ZDOM
13017,ZDOM
10723,ZDOM
13141,ZDOM
10314,ZDOM
11963,ZDOM
12911,ZDOM
11004,ZDOM
12905,ZDOM
13493,ZDOM
12575,ZDOM
12733,ZDOM
12905,ZDOM
10163,ZDOM
12905,ZDOM
13120,ZDOM
10000,ZDOM
10042,ZDOM
11867,ZDOM
10690,ZDOM
10501,ZDOM
12083,ZDOM
12676,ZDOM
10911,ZDOM
13496,ZDOM
10066,ZDOM
13433,ZDOM
10361,ZDOM
13511,ZDOM
13166,ZDOM
10042,ZDOM
11366,ZDOM
12991,ZDOM
11470,ZDOM
10374,ZDOM
10653,ZDOM
11447,ZDOM
11759,ZDOM
12881,ZDOM
11460,ZDOM
10769,ZDOM
10147,ZDOM
10281,ZDOM
13067,ZDOM
13343,ZDOM
13049,ZDOM
10163,ZDOM
12722,ZDOM
12805,ZDOM
12686,ZDOM
13105,ZDOM
12579,ZDOM
10705,ZDOM
11417,ZDOM
13036,ZDOM
12791,ZDOM
13102,ZDOM
10443,ZDOM
10456,ZDOM
11533,ZDOM
10280,ZDOM
11691,ZDOM
12766,ZDOM
13063,ZDOM
11415,ZDOM
12669,ZDOM
10720,ZDOM
10727,ZDOM
12721,ZDOM
13017,ZDOM
12979,ZDOM
12715,ZDOM
12171,ZDOM
13497,ZDOM
10501,ZDOM
13266,ZDOM
11809,ZDOM
12826,ZDOM
12854,ZDOM
12553,ZDOM
13125,ZDOM
13061,ZDOM
10940,ZDOM
12905,ZDOM
11726,ZDOM
10370,ZDOM
12965,ZDOM
12915,ZDOM
13254,ZDOM
10348,ZDOM
12926,ZDOM
11132,ZDOM
10644,ZDOM
11457,ZDOM
10420,ZDOM
10448,ZDOM
12681,ZDOM
13113,ZDOM
13166,ZDOM
13178,ZDOM
12313,ZDOM
10422,ZDOM
11151,ZDOM
10309,ZDOM
13106,ZDOM
13148,ZDOM
10759,ZDOM
10917,ZDOM
12724,ZDOM
13492,ZDOM
10102,ZDOM
10373,ZDOM
11443,ZDOM
11881,ZDOM
12830,ZDOM
13418,ZDOM
11640,ZDOM
11268,ZDOM
13158,ZDOM
11486,ZDOM
10185,ZDOM
10726,ZDOM
13042,ZDOM
11530,ZDOM
11963,ZDOM
11578,ZDOM
10501,ZDOM
13126,ZDOM
12730,ZDOM
12949,ZDOM
12066,ZDOM
12827,ZDOM
12905,ZDOM
12121,ZDOM
13225,ZDOM
12735,ZDOM
10000,ZDOM
10290,ZDOM
10589,ZDOM
10388,ZDOM
10650,ZDOM
13146,ZDOM
10633,ZDOM
13392,ZDOM
12536,ZDOM
10062,ZDOM
11458,ZDOM
13511,ZDOM
10264,ZDOM
12081,ZDOM
12937,ZDOM
13192,ZDOM
10804,ZDOM
12674,ZDOM
13068,ZDOM
12967,ZDOM
11941,ZDOM
10051,ZDOM
13498,ZDOM
12864,ZDOM
10963,ZDOM
12956,ZDOM
13214,ZDOM
12728,ZDOM
12666,ZDOM
11362,ZDOM
10928,ZDOM
13213,ZDOM
13003,ZDOM
10863,ZDOM
11959,ZDOM
11021,ZDOM
12874,ZDOM
13510,ZDOM
10654,ZDOM
12822,ZDOM
13140,ZDOM
11508,ZDOM
12226,ZDOM
13093,ZDOM
13397,ZDOM
13047,ZDOM
10835,ZDOM
10679,ZDOM
12936,ZDOM
10690,ZDOM
13141,ZDOM
12571,ZDOM
11500,ZDOM
11332,ZDOM
10863,ZDOM
12580,ZDOM
13243,ZDOM
10740,ZDOM
12881,ZDOM
13645,ZDOM
13263,ZDOM
13048,ZDOM
13412,ZDOM
12911,ZDOM
12430,ZDOM
12451,ZDOM
10812,ZDOM
13139,ZDOM
12901,ZDOM
10449,ZDOM
10319,ZDOM
13384,ZDOM
13398,ZDOM
13482,ZDOM
13014,ZDOM
13115,ZDOM
12815,ZDOM
11011,ZDOM
13563,ZDOM
12640,ZDOM
12927,ZDOM
11004,ZDOM
11942,ZDOM
12920,ZDOM
10317,ZDOM
12782,ZDOM
13790,ZDOM
12742,ZDOM
13244,ZDOM
13174,ZDOM
12628,ZDOM
10881,ZDOM
11521,ZDOM
12093,ZDOM
13215,ZDOM
11534,ZDOM
12914,ZDOM
13599,ZDOM
10322,ZDOM
11371,ZDOM
13029,ZDOM
12897,ZDOM
13456,ZDOM
10858,ZDOM
12786,ZDOM
12732,ZDOM
12817,ZDOM
13105,ZDOM
13055,ZDOM
12525,ZDOM
12767,ZDOM
11587,ZDOM
10675,ZDOM
12924,ZDOM
10810,ZDOM
10427,ZDOM
13071,ZDOM
11336,ZDOM
13568,ZDOM
11445,ZDOM
12729,ZDOM
13006,ZDOM
11638,ZDOM
13134,ZDOM
10123,ZDOM
12696,ZDOM
11517,ZDOM
13062,ZDOM
10164,ZDOM
12821,ZDOM
11011,ZDOM
12081,ZDOM
13208,ZDOM
11608,ZDOM
13727,ZDOM
12711,ZDOM
10373,ZDOM
10863,ZDOM
10257,ZDOM
11277,ZDOM
10492,ZDOM
11838,ZDOM
13151,ZDOM
10694,ZDOM
11416,ZDOM
10118,ZDOM
13342,ZDOM
13052,ZDOM
10670,ZDOM
11501,ZDOM
11843,ZDOM
10753,ZDOM
10997,ZDOM
13032,ZDOM
10467,ZDOM
11216,ZDOM
11857,ZDOM
10790,ZDOM
11046,ZDOM
11692,ZDOM
11865,ZDOM
10914,ZDOM
12540,ZDOM
13182,ZDOM
13212,ZDOM
13108,ZDOM
13109,ZDOM
11510,ZDOM
11478,ZDOM
10257,ZDOM
11206,ZDOM
10177,ZDOM
10590,ZDOM
10375,ZDOM
11493,ZDOM
10375,ZDOM
10452,ZDOM
12029,ZDOM
12029,ZDOM
10268,ZDOM
11487,ZDOM
11008,ZDOM
10396,ZDOM
11215,ZDOM
12029,ZDOM
12029,ZDOM
11454,ZDOM
11543,ZDOM
12638,ZDOM
13248,ZDOM
13250,ZDOM
12829,ZDOM
12990,ZDOM
11266,ZDOM
12953,ZDOM
11718,ZDOM
11263,ZDOM
10202,ZDOM
12749,ZDOM
13150,ZDOM
10468,ZDOM
10649,ZDOM
11412,ZDOM
10279,ZDOM
12846,ZDOM
11914,ZDOM
10382,ZDOM
12958,ZDOM
13182,ZDOM
13334,ZDOM
12761,ZDOM
10447,ZDOM
12548,ZDOM
12734,ZDOM
11664,ZDOM
12757,ZDOM
10194,ZDOM
10725,ZDOM
10167,ZDOM
11177,ZDOM
12675,ZDOM
10033,ZDOM
13343,ZDOM
10829,ZDOM
10047,ZDOM
10344,ZDOM
11524,ZDOM
11505,ZDOM
10519,ZDOM
13586,ZDOM
11807,ZDOM
12237,ZDOM
12999,ZDOM
10123,ZDOM
10799,ZDOM
10115,ZDOM
10456,ZDOM
10443,ZDOM
13418,ZDOM
11841,ZDOM
10862,ZDOM
12692,ZDOM
11562,ZDOM
11417,ZDOM
13251,ZDOM
10595,ZDOM
12729,ZDOM
13165,ZDOM
12171,ZDOM
12728,ZDOM
11009,ZDOM
10287,ZDOM
12768,ZDOM
12172,ZDOM
10311,ZDOM
12453,ZDOM
11207,ZDOM
11208,ZDOM
12624,ZDOM
11261,ZDOM
10272,ZDOM
13210,ZDOM
12674,ZDOM
11690,ZDOM
11690,ZDOM
13246,ZDOM
11031,ZDOM
10377,ZDOM
13004,ZDOM
10219,ZDOM
12913,ZDOM
12964,ZDOM
13018,ZDOM
13062,ZDOM
11587,ZDOM
10125,ZDOM
13029,ZDOM
12891,ZDOM
13213,ZDOM
12905,ZDOM
13207,ZDOM
13107,ZDOM
12938,ZDOM
12302,ZDOM
12303,ZDOM
11452,ZDOM
10721,ZDOM
10584,ZDOM
11004,ZDOM
10745,ZDOM
13093,ZDOM
10835,ZDOM
10654,ZDOM
11262,ZDOM
10185,ZDOM
10940,ZDOM
12802,ZDOM
13442,ZDOM
11153,ZDOM
13056,ZDOM
11446,ZDOM
11412,ZDOM
13646,ZDOM
10401,ZDOM
11336,ZDOM
11707,ZDOM
13148,ZDOM
10519,ZDOM
13366,ZDOM
10495,ZDOM
10432,ZDOM
10187,ZDOM
11449,ZDOM
10479,ZDOM
10326,ZDOM
12281,ZDOM
10351,ZDOM
10403,ZDOM
10223,ZDOM
11009,ZDOM
12477,ZDOM
12532,ZDOM
13174,ZDOM
13392,ZDOM
11362,ZDOM
11578,ZDOM
10625,ZDOM
12851,ZDOM
12580,ZDOM
12937,ZDOM
12766,ZDOM
13120,ZDOM
10473,ZDOM
11726,ZDOM
12724,ZDOM
12905,ZDOM
10690,ZDOM
10902,ZDOM
12966,ZDOM
11463,ZDOM
13099,ZDOM
13167,ZDOM
13226,ZDOM
13070,ZDOM
10963,ZDOM
13384,ZDOM
10310,ZDOM
12905,ZDOM
11640,ZDOM
12782,ZDOM
12674,ZDOM
10309,ZDOM
13148,ZDOM
11491,ZDOM
12066,ZDOM
13061,ZDOM
10467,ZDOM
11486,ZDOM
12937,ZDOM
10331,ZDOM
10125,ZDOM
13141,ZDOM
12766,ZDOM
11415,ZDOM
12964,ZDOM
10163,ZDOM
13098,ZDOM
11432,ZDOM
13498,ZDOM
13182,ZDOM
13213,ZDOM
11417,ZDOM
11457,ZDOM
12805,ZDOM
13174,ZDOM
12881,ZDOM
13192,ZDOM
12686,ZDOM
12989,ZDOM
12640,ZDOM
13062,ZDOM
13036,ZDOM
11726,ZDOM
12430,ZDOM
12867,ZDOM
12937,ZDOM
13063,ZDOM
13412,ZDOM
12827,ZDOM
10280,ZDOM
10940,ZDOM
12817,ZDOM
13392,ZDOM
11336,ZDOM
13146,ZDOM
13433,ZDOM
13511,ZDOM
10185,ZDOM
12580,ZDOM
10296,ZDOM
13511,ZDOM
10443,ZDOM
13646,ZDOM
13456,ZDOM
12675,ZDOM
10361,ZDOM
10111,ZDOM
12766,ZDOM
13244,ZDOM
10726,ZDOM
12081,ZDOM
10194,ZDOM
13048,ZDOM
12313,ZDOM
10202,ZDOM
10319,ZDOM
10388,ZDOM
11578,ZDOM
11371,ZDOM
11451,ZDOM
13120,ZDOM
10317,ZDOM
10853,ZDOM
10519,ZDOM
13148,ZDOM
10761,ZDOM
10804,ZDOM
13166,ZDOM
10654,ZDOM
12081,ZDOM
11362,ZDOM
12891,ZDOM
10102,ZDOM
10268,ZDOM
13599,ZDOM
11417,ZDOM
12171,ZDOM
10062,ZDOM
12897,ZDOM
12580,ZDOM
11366,ZDOM
13249,ZDOM
13105,ZDOM
12152,ZDOM
10351,ZDOM
10650,ZDOM
11736,ZDOM
13029,ZDOM
10456,ZDOM
13223,ZDOM
10690,ZDOM
12692,ZDOM
13068,ZDOM
10210,ZDOM
12723,ZDOM
12905,ZDOM
10769,ZDOM
10162,ZDOM
11468,ZDOM
13099,ZDOM
10675,ZDOM
13418,ZDOM
13115,ZDOM
13482,ZDOM
13067,ZDOM
12477,ZDOM
10832,ZDOM
11500,ZDOM
11759,ZDOM
11008,ZDOM
12927,ZDOM
12452,ZDOM
10147,ZDOM
10377,ZDOM
10653,ZDOM
12913,ZDOM
13366,ZDOM
10368,ZDOM
11505,ZDOM
11452,ZDOM
11478,ZDOM
10310,ZDOM
12965,ZDOM
10279,ZDOM
10670,ZDOM
12724,ZDOM
11153,ZDOM
13225,ZDOM
10311,ZDOM
10491,ZDOM
12674,ZDOM
10185,ZDOM
10690,ZDOM
10963,ZDOM
13238,ZDOM
13243,ZDOM
13565,ZDOM
11664,ZDOM
10420,ZDOM
10277,ZDOM
12579,ZDOM
13383,ZDOM
11463,ZDOM
10863,ZDOM
13003,ZDOM
10584,ZDOM
10448,ZDOM
12956,ZDOM
13666,ZDOM
10740,ZDOM
10177,ZDOM
10940,ZDOM
10917,ZDOM
10000,ZDOM
11021,ZDOM
10422,ZDOM
10902,ZDOM
12093,ZDOM
12802,ZDOM
13108,ZDOM
12029,ZDOM
10501,ZDOM
13109,ZDOM
13264,ZDOM
12938,ZDOM
10633,ZDOM
12829,ZDOM
10863,ZDOM
10344,ZDOM
12815,ZDOM
10468,ZDOM
13563,ZDOM
13263,ZDOM
12752,ZDOM
12911,ZDOM
13174,ZDOM
11011,ZDOM
10287,ZDOM
12571,ZDOM
10721,ZDOM
12891,ZDOM
10753,ZDOM
10812,ZDOM
11261,ZDOM
13014,ZDOM
13127,ZDOM
10495,ZDOM
10051,ZDOM
11781,ZDOM
12666,ZDOM
11809,ZDOM
13042,ZDOM
12901,ZDOM
11266,ZDOM
10042,ZDOM
10694,ZDOM
10449,ZDOM
12721,ZDOM
12864,ZDOM
11792,ZDOM
13113,ZDOM
13492,ZDOM
11458,ZDOM
12990,ZDOM
12681,ZDOM
12926,ZDOM
10928,ZDOM
13150,ZDOM
13165,ZDOM
11691,ZDOM
10335,ZDOM
11510,ZDOM
10348,ZDOM
11263,ZDOM
10264,ZDOM
12121,ZDOM
11718,ZDOM
12953,ZDOM
10427,ZDOM
12742,ZDOM
11857,ZDOM
13242,ZDOM
13071,ZDOM
13182,ZDOM
12958,ZDOM
11533,ZDOM
10858,ZDOM
12281,ZDOM
12830,ZDOM
10963,ZDOM
11941,ZDOM
12983,ZDOM
11046,ZDOM
13139,ZDOM
13056,ZDOM
12991,ZDOM
13017,ZDOM
13343,ZDOM
10281,ZDOM
12663,ZDOM
10367,ZDOM
12734,ZDOM
10727,ZDOM
13586,ZDOM
11444,ZDOM
12924,ZDOM
10017,ZDOM
10492,ZDOM
11449,ZDOM
12822,ZDOM
12525,ZDOM
12767,ZDOM
10432,ZDOM
12728,ZDOM
10257,ZDOM
10759,ZDOM
12965,ZDOM
12318,ZDOM
13105,ZDOM
12768,ZDOM
12237,ZDOM
10911,ZDOM
12638,ZDOM
13493,ZDOM
11336,ZDOM
13049,ZDOM
13250,ZDOM
13178,ZDOM
13018,ZDOM
12540,ZDOM
12536,ZDOM
10164,ZDOM
10224,ZDOM
12669,ZDOM
11216,ZDOM
11798,ZDOM
11452,ZDOM
12729,ZDOM
10374,ZDOM
13510,ZDOM
13207,ZDOM
11534,ZDOM
11881,ZDOM
12081,ZDOM
12791,ZDOM
11445,ZDOM
13093,ZDOM
13102,ZDOM
12715,ZDOM
10725,ZDOM
11004,ZDOM
11508,ZDOM
11914,ZDOM
12978,ZDOM
12730,ZDOM
10862,ZDOM
11132,ZDOM
12989,ZDOM
12915,ZDOM
12728,ZDOM
11443,ZDOM
11807,ZDOM
12171,ZDOM
11522,ZDOM
13165,ZDOM
11460,ZDOM
12729,ZDOM
10595,ZDOM
10257,ZDOM
11963,ZDOM
13251,ZDOM
12955,ZDOM
13064,ZDOM
13126,ZDOM
12849,ZDOM
10031,ZDOM
11031,ZDOM
11447,ZDOM
13246,ZDOM
11021,ZDOM
11690,ZDOM
12854,ZDOM
12967,ZDOM
13214,ZDOM
12913,ZDOM
12936,ZDOM
10219,ZDOM
12871,ZDOM
12624,ZDOM
12852,ZDOM
12948,ZDOM
11841,ZDOM
13398,ZDOM
10810,ZDOM
10654,ZDOM
11151,ZDOM
11470,ZDOM
10225,ZDOM
11690,ZDOM
11920,ZDOM
12999,ZDOM
12451,ZDOM
13208,ZDOM
10000,ZDOM
10370,ZDOM
12979,ZDOM
10881,ZDOM
13134,ZDOM
13120,ZDOM
10589,ZDOM
11207,ZDOM
12029,ZDOM
13254,ZDOM
12453,ZDOM
11362,ZDOM
13392,ZDOM
12920,ZDOM
10649,ZDOM
12914,ZDOM
13248,ZDOM
10427,ZDOM
10519,ZDOM
10501,ZDOM
11608,ZDOM
12851,ZDOM
11578,ZDOM
11268,ZDOM
12628,ZDOM
11943,ZDOM
13185,ZDOM
12926,ZDOM
10863,ZDOM
11957,ZDOM
12696,ZDOM
13402,ZDOM
12757,ZDOM
11726,ZDOM
11431,ZDOM
12826,ZDOM
10076,ZDOM
12761,ZDOM
10115,ZDOM
12080,ZDOM
13215,ZDOM
10396,ZDOM
10509,ZDOM
13053,ZDOM
13442,ZDOM
10432,ZDOM
10187,ZDOM
11009,ZDOM
11862,ZDOM
10373,ZDOM
10401,ZDOM
13334,ZDOM
11530,ZDOM
13166,ZDOM
13568,ZDOM
12083,ZDOM
11549,ZDOM
11452,ZDOM
13266,ZDOM
12553,ZDOM
13125,ZDOM
10047,ZDOM
12725,ZDOM
10720,ZDOM
13645,ZDOM
12226,ZDOM
12804,ZDOM
12271,ZDOM
13496,ZDOM
10138,ZDOM
12874,ZDOM
10290,ZDOM
12978,ZDOM
10705,ZDOM
11658,ZDOM
12644,ZDOM
10033,ZDOM
10503,ZDOM
11517,ZDOM
12920,ZDOM
11942,ZDOM
13497,ZDOM
10774,ZDOM
11521,ZDOM
11524,ZDOM
13271,ZDOM
11499,ZDOM
10089,ZDOM
10679,ZDOM
10145,ZDOM
10344,ZDOM
12722,ZDOM
13397,ZDOM
10123,ZDOM
11086,ZDOM
12869,ZDOM
11464,ZDOM
11136,ZDOM
13512,ZDOM
12735,ZDOM
11011,ZDOM
13140,ZDOM
10322,ZDOM
13343,ZDOM
13212,ZDOM
10625,ZDOM
10347,ZDOM
11843,ZDOM
12939,ZDOM
11501,ZDOM
12591,ZDOM
11454,ZDOM
10816,ZDOM
10590,ZDOM
12881,ZDOM
13384,ZDOM
11421,ZDOM
13384,ZDOM
11206,ZDOM
13645,ZDOM
13790,ZDOM
12548,ZDOM
11469,ZDOM
13727,ZDOM
12884,ZDOM
13336,ZDOM
10167,ZDOM
12949,ZDOM
10389,ZDOM
12640,ZDOM
11493,ZDOM
13036,ZDOM
11435,ZDOM
11332,ZDOM
10644,ZDOM
13420,ZDOM
13211,ZDOM
10947,ZDOM
12732,ZDOM
10314,ZDOM
13421,ZDOM
13151,ZDOM
12163,ZDOM
12461,ZDOM
11794,ZDOM
11856,ZDOM
12821,ZDOM
13052,ZDOM
13342,ZDOM
10118,ZDOM
11416,ZDOM
11215,ZDOM
12711,ZDOM
11867,ZDOM
10106,ZDOM
12029,ZDOM
11587,ZDOM
12905,ZDOM
13244,ZDOM
13213,ZDOM
11658,ZDOM
10644,ZDOM
12864,ZDOM
11517,ZDOM
12721,ZDOM
12093,ZDOM
11959,ZDOM
11856,ZDOM
13146,ZDOM
12926,ZDOM
10281,ZDOM
10089,ZDOM
12580,ZDOM
13511,ZDOM
10000,ZDOM
12881,ZDOM
12967,ZDOM
12171,ZDOM
10322,ZDOM
10692,ZDOM
12152,ZDOM
10185,ZDOM
11881,ZDOM
11431,ZDOM
10420,ZDOM
10917,ZDOM
12669,ZDOM
12681,ZDOM
12452,ZDOM
13657,ZDOM
13158,ZDOM
11464,ZDOM
10670,ZDOM
11640,ZDOM
10173,ZDOM
12901,ZDOM
12999,ZDOM
13115,ZDOM
11470,ZDOM
13342,ZDOM
13244,ZDOM
10163,ZDOM
10374,ZDOM
12666,ZDOM
11447,ZDOM
13003,ZDOM
12826,ZDOM
10569,ZDOM
11809,ZDOM
12905,ZDOM
13214,ZDOM
12817,ZDOM
12827,ZDOM
13242,ZDOM
10726,ZDOM
13141,ZDOM
13209,ZDOM
13052,ZDOM
13063,ZDOM
10804,ZDOM
13254,ZDOM
10309,ZDOM
13727,ZDOM
10832,ZDOM
13418,ZDOM
12674,ZDOM
11578,ZDOM
13693,ZDOM
13271,ZDOM
13068,ZDOM
10280,ZDOM
11366,ZDOM
11857,ZDOM
12905,ZDOM
10501,ZDOM
12644,ZDOM
11759,ZDOM
13492,ZDOM
13496,ZDOM
13064,ZDOM
12937,ZDOM
11963,ZDOM
13397,ZDOM
10679,ZDOM
10653,ZDOM
11957,ZDOM
12767,ZDOM
11444,ZDOM
13192,ZDOM
12822,ZDOM
12830,ZDOM
10633,ZDOM
11451,ZDOM
10348,ZDOM
11468,ZDOM
12895,ZDOM
10589,ZDOM
12732,ZDOM
10388,ZDOM
13036,ZDOM
10753,ZDOM
11843,ZDOM
10456,ZDOM
10650,ZDOM
10810,ZDOM
11530,ZDOM
11216,ZDOM
13412,ZDOM
10759,ZDOM
10829,ZDOM
12430,ZDOM
11722,ZDOM
10449,ZDOM
11443,ZDOM
13032,ZDOM
11943,ZDOM
12121,ZDOM
11457,ZDOM
13225,ZDOM
11941,ZDOM
10654,ZDOM
10317,ZDOM
10835,ZDOM
10147,ZDOM
10203,ZDOM
13433,ZDOM
13126,ZDOM
11469,ZDOM
12451,ZDOM
13264,ZDOM
13139,ZDOM
13241,ZDOM
12911,ZDOM
11612,ZDOM
12805,ZDOM
12854,ZDOM
11838,ZDOM
12804,ZDOM
12989,ZDOM
10812,ZDOM
10492,ZDOM
11807,ZDOM
12897,ZDOM
11151,ZDOM
10225,ZDOM
10361,ZDOM
13565,ZDOM
12080,ZDOM
10319,ZDOM
11452,ZDOM
10705,ZDOM
10858,ZDOM
12461,ZDOM
13312,ZDOM
10047,ZDOM
13568,ZDOM
10422,ZDOM
11008,ZDOM
11487,ZDOM
11864,ZDOM
13070,ZDOM
10490,ZDOM
12927,ZDOM
10373,ZDOM
12645,ZDOM
12991,ZDOM
12871,ZDOM
10448,ZDOM
10396,ZDOM
12728,ZDOM
10123,ZDOM
11336,ZDOM
10257,ZDOM
12553,ZDOM
13586,ZDOM
11416,ZDOM
12936,ZDOM
10509,ZDOM
11460,ZDOM
10519,ZDOM
10694,ZDOM
11486,ZDOM
13243,ZDOM
12965,ZDOM
10287,ZDOM
12525,ZDOM
10051,ZDOM
10370,ZDOM
13392,ZDOM
10940,ZDOM
13061,ZDOM
13213,ZDOM
12722,ZDOM
12579,ZDOM
10277,ZDOM
13125,ZDOM
10902,ZDOM
10443,ZDOM
10501,ZDOM
10285,ZDOM
13266,ZDOM
10723,ZDOM
13106,ZDOM
13250,ZDOM
12696,ZDOM
10373,ZDOM
13645,ZDOM
11011,ZDOM
13185,ZDOM
12849,ZDOM
11417,ZDOM
13151,ZDOM
11452,ZDOM
12766,ZDOM
12979,ZDOM
12735,ZDOM
10111,ZDOM
11421,ZDOM
12949,ZDOM
10290,ZDOM
10102,ZDOM
10177,ZDOM
13109,ZDOM
10665,ZDOM
12805,ZDOM
11500,ZDOM
10162,ZDOM
11371,ZDOM
12575,ZDOM
12628,ZDOM
12452,ZDOM
10066,ZDOM
11449,ZDOM
10062,ZDOM
12829,ZDOM
11543,ZDOM
12729,ZDOM
10816,ZDOM
13240,ZDOM
13105,ZDOM
11522,ZDOM
10863,ZDOM
10052,ZDOM
11534,ZDOM
13456,ZDOM
10690,ZDOM
11446,ZDOM
10138,ZDOM
12820,ZDOM
10351,ZDOM
10224,ZDOM
11206,ZDOM
13055,ZDOM
12956,ZDOM
12730,ZDOM
10736,ZDOM
12725,ZDOM
13047,ZDOM
12983,ZDOM
13483,ZDOM
12815,ZDOM
10202,ZDOM
12711,ZDOM
11510,ZDOM
10401,ZDOM
10368,ZDOM
12029,ZDOM
10344,ZDOM
13248,ZDOM
13143,ZDOM
12867,ZDOM
10649,ZDOM
13150,ZDOM
10937,ZDOM
11266,ZDOM
11683,ZDOM
13398,ZDOM
13067,ZDOM
13214,ZDOM
13108,ZDOM
10675,ZDOM
11493,ZDOM
11046,ZDOM
13098,ZDOM
10194,ZDOM
12540,ZDOM
10377,ZDOM
10106,ZDOM
11112,ZDOM
12953,ZDOM
13707,ZDOM
13245,ZDOM
13148,ZDOM
10862,ZDOM
12663,ZDOM
11432,ZDOM
11914,ZDOM
10632,ZDOM
12915,ZDOM
11415,ZDOM
10268,ZDOM
10625,ZDOM
12846,ZDOM
13512,ZDOM
11009,ZDOM
10331,ZDOM
13126,ZDOM
10279,ZDOM
12958,ZDOM
10382,ZDOM
10827,ZDOM
10761,ZDOM
12313,ZDOM
13263,ZDOM
10769,ZDOM
11587,ZDOM
11865,ZDOM
10771,ZDOM
10164,ZDOM
13042,ZDOM
10853,ZDOM
13186,ZDOM
13182,ZDOM
11136,ZDOM
10863,ZDOM
10335,ZDOM
10725,ZDOM
11664,ZDOM
13021,ZDOM
13599,ZDOM
10727,ZDOM
11862,ZDOM
10590,ZDOM
12831,ZDOM
12884,ZDOM
10422,ZDOM
13336,ZDOM
10720,ZDOM
10167,ZDOM
13049,ZDOM
11031,ZDOM
12237,ZDOM
10278,ZDOM
11836,ZDOM
12548,ZDOM
10447,ZDOM
11482,ZDOM
12640,ZDOM
13135,ZDOM
11596,ZDOM
13334,ZDOM
10389,ZDOM
12757,ZDOM
12802,ZDOM
13006,ZDOM
13166,ZDOM
12083,ZDOM
11942,ZDOM
13215,ZDOM
11132,ZDOM
13053,ZDOM
11691,ZDOM
10076,ZDOM
12920,ZDOM
10033,ZDOM
12571,ZDOM
13645,ZDOM
12715,ZDOM
13120,ZDOM
13062,ZDOM
13563,ZDOM
13790,ZDOM
10503,ZDOM
12733,ZDOM
10017,ZDOM
13134,ZDOM
13184,ZDOM
13073,ZDOM
12847,ZDOM
11726,ZDOM
10296,ZDOM
11505,ZDOM
13343,ZDOM
10963,ZDOM
13384,ZDOM
12081,ZDOM
13212,ZDOM
13093,ZDOM
13113,ZDOM
11867,ZDOM
13420,ZDOM
12271,ZDOM
11736,ZDOM
11601,ZDOM
12955,ZDOM
13071,ZDOM
13021,ZDOM
12723,ZDOM
10993,ZDOM
12924,ZDOM
13482,ZDOM
11920,ZDOM
11362,ZDOM
12066,ZDOM
10995,ZDOM
13105,ZDOM
10042,ZDOM
10264,ZDOM
12081,ZDOM
13511,ZDOM
12874,ZDOM
13165,ZDOM
10310,ZDOM
10257,ZDOM
13102,ZDOM
11798,ZDOM
12029,ZDOM
10740,ZDOM
11458,ZDOM
11616,ZDOM
12029,ZDOM
10963,ZDOM
12318,ZDOM
11262,ZDOM
11177,ZDOM
13226,ZDOM
12852,ZDOM
13166,ZDOM
13178,ZDOM
10595,ZDOM
10452,ZDOM
12920,ZDOM
11959,ZDOM
10375,ZDOM
11508,ZDOM
11268,ZDOM
13048,ZDOM
12536,ZDOM
13127,ZDOM
11435,ZDOM
11332,ZDOM
10911,ZDOM
10971,ZDOM
10314,ZDOM
12676,ZDOM
12948,ZDOM
12724,ZDOM
13135,ZDOM
11721,ZDOM
11445,ZDOM
10210,ZDOM
13036,ZDOM
13246,ZDOM
10432,ZDOM
11690,ZDOM
11690,ZDOM
12674,ZDOM
11707,ZDOM
11692,ZDOM
11524,ZDOM
10185,ZDOM
12734,ZDOM
11417,ZDOM
10196,ZDOM
10467,ZDOM
10187,ZDOM
10584,ZDOM
10495,ZDOM
10914,ZDOM
12733,ZDOM
13174,ZDOM
10940,ZDOM
12728,ZDOM
12624,ZDOM
12281,ZDOM
11794,ZDOM
10759,ZDOM
10650,ZDOM
11492,ZDOM
10286,ZDOM
13207,ZDOM
11086,ZDOM
12761,ZDOM
10835,ZDOM
13139,ZDOM
11534,ZDOM
11011,ZDOM
12729,ZDOM
12926,ZDOM
13178,ZDOM
11296,ZDOM
12303,ZDOM
13062,ZDOM
10031,ZDOM
13244,ZDOM
10219,ZDOM
12891,ZDOM
13336,ZDOM
10790,ZDOM
11959,ZDOM
11004,ZDOM
13213,ZDOM
13253,ZDOM
13398,ZDOM
13226,ZDOM
12171,ZDOM
13165,ZDOM
11971,ZDOM
13408,ZDOM
10123,ZDOM
12726,ZDOM
10769,ZDOM
10057,ZDOM
10836,ZDOM
11726,ZDOM
11412,ZDOM
10829,ZDOM
10928,ZDOM
11841,ZDOM
10449,ZDOM
13247,ZDOM
13418,ZDOM
11478,ZDOM
11562,ZDOM
12692,ZDOM
10017,ZDOM
13251,ZDOM
12742,ZDOM
13093,ZDOM
11501,ZDOM
13254,ZDOM
10745,ZDOM
13666,ZDOM
10633,ZDOM
13497,ZDOM
10654,ZDOM
13624,ZDOM
11792,ZDOM
10001,ZDOM
11465,ZDOM
12302,ZDOM
12938,ZDOM
13107,ZDOM
12297,ZDOM
13182,ZDOM
10591,ZDOM
11004,ZDOM
10705,ZDOM
12895,ZDOM
11452,ZDOM
11514,ZDOM
12093,ZDOM
12626,ZDOM
12395,ZDOM
13063,ZDOM
11578,ZDOM
10115,ZDOM
12638,ZDOM
10309,ZDOM
12905,ZDOM
13657,ZDOM
13017,ZDOM
11483,ZDOM
11287,ZDOM
10997,ZDOM
12532,ZDOM
11888,ZDOM
11887,ZDOM
12752,ZDOM
11215,ZDOM
10289,ZDOM
10799,ZDOM
12675,ZDOM
11521,ZDOM
13056,ZDOM
13074,ZDOM
12191,ZDOM
11267,ZDOM
12966,ZDOM
13148,ZDOM
10163,ZDOM
13238,ZDOM
10344,ZDOM
13243,ZDOM
10479,ZDOM
12477,ZDOM
13014,ZDOM
13168,ZDOM
13249,ZDOM
10540,ZDOM
10272,ZDOM
10320,ZDOM
13004,ZDOM
12869,ZDOM
13041,ZDOM
12724,ZDOM
10947,ZDOM
10375,ZDOM
12020,ZDOM
10427,ZDOM
11415,ZDOM
11437,ZDOM
13646,ZDOM
12172,ZDOM
10206,ZDOM
10375,ZDOM
12801,ZDOM
11911,ZDOM
11453,ZDOM
10339,ZDOM
10677,ZDOM
13140,ZDOM
12029,ZDOM
13366,ZDOM
12937,ZDOM
10473,ZDOM
11517,ZDOM
11263,ZDOM
13493,ZDOM
13397,ZDOM
10311,ZDOM
11533,ZDOM
12081,ZDOM
12939,ZDOM
12767,ZDOM
11336,ZDOM
10000,ZDOM
10118,ZDOM
13167,ZDOM
13099,ZDOM
11463,ZDOM
11153,ZDOM
10491,ZDOM
10690,ZDOM
12905,ZDOM
11421,ZDOM
10720,ZDOM
11587,ZDOM
12068,ZDOM
11633,ZDOM
12768,ZDOM
12782,ZDOM
11718,ZDOM
10208,ZDOM
12749,ZDOM
11261,ZDOM
10432,ZDOM
10881,ZDOM
13442,ZDOM
13421,ZDOM
10367,ZDOM
10502,ZDOM
12788,ZDOM
13567,ZDOM
10326,ZDOM
10002,ZDOM
10145,ZDOM
11412,ZDOM
10349,ZDOM
13497,ZDOM
12821,ZDOM
11021,ZDOM
13164,ZDOM
10721,ZDOM
11207,ZDOM
12714,ZDOM
11459,ZDOM
12138,ZDOM
13402,ZDOM
13210,ZDOM
12913,ZDOM
13174,ZDOM
12830,ZDOM
10443,ZDOM
10456,ZDOM
13383,ZDOM
12791,ZDOM
10625,ZDOM
13241,ZDOM
10503,ZDOM
12226,ZDOM
11452,ZDOM
12580,ZDOM
12313,ZDOM
10427,ZDOM
11942,ZDOM
10076,ZDOM
11362,ZDOM
13392,ZDOM
11498,ZDOM
12950,ZDOM
10729,ZDOM
13223,ZDOM
10317,ZDOM
10403,ZDOM
11009,ZDOM
11772,ZDOM
10223,ZDOM
12766,ZDOM
12724,ZDOM
12452,ZDOM
10653,ZDOM
13493,ZDOM
11417,ZDOM
10206,ZDOM
11469,ZDOM
10624,ZDOM
12121,ZDOM
13014,ZDOM
13006,ZDOM
13586,ZDOM
12939,ZDOM
10761,ZDOM
12686,ZDOM
12983,ZDOM
10912,ZDOM
13397,ZDOM
13067,ZDOM
13135,ZDOM
12937,ZDOM
10449,ZDOM
13264,ZDOM
13212,ZDOM
11500,ZDOM
10723,ZDOM
10277,ZDOM
13242,ZDOM
10285,ZDOM
11021,ZDOM
13208,ZDOM
10503,ZDOM
12881,ZDOM
13115,ZDOM
12804,ZDOM
11807,ZDOM
10625,ZDOM
12897,ZDOM
10111,ZDOM
10089,ZDOM
12927,ZDOM
10368,ZDOM
10427,ZDOM
10692,ZDOM
13568,ZDOM
12152,ZDOM
10296,ZDOM
13497,ZDOM
10348,ZDOM
10280,ZDOM
10690,ZDOM
13482,ZDOM
12663,ZDOM
10162,ZDOM
12732,ZDOM
13412,ZDOM
12767,ZDOM
13398,ZDOM
13790,ZDOM
11465,ZDOM
11836,ZDOM
12805,ZDOM
12645,ZDOM
12852,ZDOM
11445,ZDOM
12847,ZDOM
11517,ZDOM
13244,ZDOM
10373,ZDOM
10832,ZDOM
10971,ZDOM
10225,ZDOM
13496,ZDOM
11336,ZDOM
13047,ZDOM
10047,ZDOM
13209,ZDOM
10654,ZDOM
12191,ZDOM
11505,ZDOM
11508,ZDOM
10102,ZDOM
12743,ZDOM
13214,ZDOM
13055,ZDOM
12721,ZDOM
12999,ZDOM
12926,ZDOM
11151,ZDOM
13665,ZDOM
11658,ZDOM
11997,ZDOM
11332,ZDOM
11268,ZDOM
13251,ZDOM
13109,ZDOM
11009,ZDOM
11971,ZDOM
12297,ZDOM
13263,ZDOM
12895,ZDOM
12766,ZDOM
12591,ZDOM
13245,ZDOM
12905,ZDOM
11692,ZDOM
11437,ZDOM
11963,ZDOM
11262,ZDOM
10790,ZDOM
11857,ZDOM
11721,ZDOM
13056,ZDOM
11759,ZDOM
12991,ZDOM
10745,ZDOM
10589,ZDOM
10997,ZDOM
12895,ZDOM
11266,ZDOM
13004,ZDOM
12884,ZDOM
10937,ZDOM
13336,ZDOM
10422,ZDOM
10725,ZDOM
12318,ZDOM
12757,ZDOM
10389,ZDOM
10569,ZDOM
11046,ZDOM
11493,ZDOM
10862,ZDOM
12734,ZDOM
11562,ZDOM
12548,ZDOM
11482,ZDOM
12257,ZDOM
13334,ZDOM
13312,ZDOM
10202,ZDOM
12302,ZDOM
11914,ZDOM
10632,ZDOM
13151,ZDOM
11510,ZDOM
10940,ZDOM
12936,ZDOM
13064,ZDOM
10753,ZDOM
10492,ZDOM
10914,ZDOM
12749,ZDOM
10902,ZDOM
10432,ZDOM
10649,ZDOM
10382,ZDOM
10490,ZDOM
11707,ZDOM
13240,ZDOM
12624,ZDOM
11322,ZDOM
12829,ZDOM
11277,ZDOM
11501,ZDOM
11206,ZDOM
10721,ZDOM
12958,ZDOM
13093,ZDOM
11431,ZDOM
11086,ZDOM
13029,ZDOM
11004,ZDOM
13657,ZDOM
10835,ZDOM
10449,ZDOM
10654,ZDOM
13108,ZDOM
10000,ZDOM
10194,ZDOM
13052,ZDOM
12817,ZDOM
11841,ZDOM
10374,ZDOM
10223,ZDOM
10196,ZDOM
10185,ZDOM
10219,ZDOM
10928,ZDOM
10502,ZDOM
12802,ZDOM
10349,ZDOM
12540,ZDOM
13497,ZDOM
10590,ZDOM
12281,ZDOM
11207,ZDOM
13567,ZDOM
10326,ZDOM
12979,ZDOM
12303,ZDOM
10115,ZDOM
11208,ZDOM
11483,ZDOM
10057,ZDOM
12966,ZDOM
10177,ZDOM
13062,ZDOM
11433,ZDOM
13143,ZDOM
10584,ZDOM
10000,ZDOM
13215,ZDOM
10491,ZDOM
12989,ZDOM
10690,ZDOM
11008,ZDOM
11263,ZDOM
13182,ZDOM
11638,ZDOM
11491,ZDOM
11942,ZDOM
13068,ZDOM
10473,ZDOM
11578,ZDOM
10401,ZDOM
13238,ZDOM
13707,ZDOM
11683,ZDOM
11132,ZDOM
12768,ZDOM
12990,ZDOM
10066,ZDOM
11843,ZDOM
11296,ZDOM
12788,ZDOM
10935,ZDOM
13210,ZDOM
10351,ZDOM
13402,ZDOM
11543,ZDOM
11216,ZDOM
10816,ZDOM
10052,ZDOM
10017,ZDOM
10694,ZDOM
10479,ZDOM
12068,ZDOM
11887,ZDOM
10173,ZDOM
11888,ZDOM
11177,ZDOM
10432,ZDOM
12752,ZDOM
10591,ZDOM
13018,ZDOM
13366,ZDOM
10736,ZDOM
12867,ZDOM
13164,ZDOM
11412,ZDOM
11446,ZDOM
12395,ZDOM
13247,ZDOM
10677,ZDOM
10417,ZDOM
12761,ZDOM
10456,ZDOM
12938,ZDOM
12692,ZDOM
12313,ZDOM
10670,ZDOM
12430,ZDOM
13565,ZDOM
10138,ZDOM
12826,ZDOM
13456,ZDOM
13021,ZDOM
12905,ZDOM
10858,ZDOM
13693,ZDOM
11612,ZDOM
13223,ZDOM
13271,ZDOM
12905,ZDOM
10272,ZDOM
11486,ZDOM
13004,ZDOM
10452,ZDOM
12676,ZDOM
10279,ZDOM
13222,ZDOM
11616,ZDOM
12451,ZDOM
11366,ZDOM
11514,ZDOM
13563,ZDOM
10947,ZDOM
13246,ZDOM
13168,ZDOM
11587,ZDOM
10335,ZDOM
12477,ZDOM
12724,ZDOM
10836,ZDOM
10420,ZDOM
13657,ZDOM
10679,ZDOM
11794,ZDOM
13107,ZDOM
13250,ZDOM
11287,ZDOM
13032,ZDOM
11920,ZDOM
13093,ZDOM
10257,ZDOM
10375,ZDOM
13248,ZDOM
12029,ZDOM
12874,ZDOM
12638,ZDOM
10257,ZDOM
11864,ZDOM
13070,ZDOM
13056,ZDOM
12536,ZDOM
13645,ZDOM
10835,ZDOM
11911,ZDOM
13442,ZDOM
12628,ZDOM
13106,ZDOM
10594,ZDOM
11458,ZDOM
13226,ZDOM
10289,ZDOM
12714,ZDOM
10480,ZDOM
12891,ZDOM
13063,ZDOM
12675,ZDOM
12721,ZDOM
12666,ZDOM
11177,ZDOM
10286,ZDOM
10051,ZDOM
10649,ZDOM
13334,ZDOM
11510,ZDOM
10902,ZDOM
10167,ZDOM
10862,ZDOM
12734,ZDOM
12937,ZDOM
13150,ZDOM
12674,ZDOM
12938,ZDOM
11521,ZDOM
13056,ZDOM
10432,ZDOM
10401,ZDOM
10584,ZDOM
12257,ZDOM
12726,ZDOM
10997,ZDOM
11362,ZDOM
13223,ZDOM
12093,ZDOM
12395,ZDOM
11206,ZDOM
10591,ZDOM
11446,ZDOM
10912,ZDOM
11008,ZDOM
12958,ZDOM
10501,ZDOM
13212,ZDOM
11009,ZDOM
12477,ZDOM
12532,ZDOM
12525,ZDOM
13068,ZDOM
11470,ZDOM
11638,ZDOM
12768,ZDOM
10102,ZDOM
12728,ZDOM
12926,ZDOM
10123,ZDOM
10625,ZDOM
13645,ZDOM
10690,ZDOM
12966,ZDOM
10257,ZDOM
10375,ZDOM
13099,ZDOM
12767,ZDOM
10202,ZDOM
10590,ZDOM
10118,ZDOM
13093,ZDOM
13184,ZDOM
11267,ZDOM
10268,ZDOM
10351,ZDOM
10033,ZDOM
13366,ZDOM
10827,ZDOM
11587,ZDOM
12029,ZDOM
13182,ZDOM
12991,ZDOM
10062,ZDOM
12743,ZDOM
10396,ZDOM
10163,ZDOM
13063,ZDOM
11046,ZDOM
10947,ZDOM
12624,ZDOM
12730,ZDOM
10519,ZDOM
10349,ZDOM
11664,ZDOM
12761,ZDOM
11459,ZDOM
10285,ZDOM
12851,ZDOM
11469,ZDOM
10759,ZDOM
10650,ZDOM
13109,ZDOM
10694,ZDOM
12540,ZDOM
11941,ZDOM
13246,ZDOM
13482,ZDOM
11415,ZDOM
10194,ZDOM
10449,ZDOM
11086,ZDOM
11458,ZDOM
12927,ZDOM
12805,ZDOM
12905,ZDOM
13693,ZDOM
11437,ZDOM
10187,ZDOM
11792,ZDOM
10375,ZDOM
13442,ZDOM
12669,ZDOM
11004,ZDOM
13168,ZDOM
10042,ZDOM
10633,ZDOM
13254,ZDOM
10503,ZDOM
12915,ZDOM
10089,ZDOM
11493,ZDOM
10725,ZDOM
10320,ZDOM
11266,ZDOM
12645,ZDOM
12580,ZDOM
11416,ZDOM
11417,ZDOM
12729,ZDOM
11692,ZDOM
10219,ZDOM
10403,ZDOM
11031,ZDOM
11268,ZDOM
11534,ZDOM
13242,ZDOM
11465,ZDOM
10835,ZDOM
10111,ZDOM
10311,ZDOM
12663,ZDOM
10467,ZDOM
12990,ZDOM
13108,ZDOM
12999,ZDOM
11524,ZDOM
10377,ZDOM
10753,ZDOM
13003,ZDOM
11857,ZDOM
10495,ZDOM
11690,ZDOM
11690,ZDOM
13182,ZDOM
11216,ZDOM
11453,ZDOM
13383,ZDOM
13418,ZDOM
10449,ZDOM
11366,ZDOM
13143,ZDOM
12742,ZDOM
11431,ZDOM
12874,ZDOM
13148,ZDOM
10940,ZDOM
10017,ZDOM
10692,ZDOM
13214,ZDOM
13657,ZDOM
10774,ZDOM
13241,ZDOM
10503,ZDOM
10937,ZDOM
13213,ZDOM
11021,ZDOM
12724,ZDOM
13210,ZDOM
13113,ZDOM
10790,ZDOM
12297,ZDOM
10654,ZDOM
10650,ZDOM
12937,ZDOM
13207,ZDOM
10729,ZDOM
10705,ZDOM
12895,ZDOM
12869,ZDOM
13120,ZDOM
13174,ZDOM
10375,ZDOM
10290,ZDOM
12029,ZDOM
10206,ZDOM
12029,ZDOM
12725,ZDOM
13226,ZDOM
10599,ZDOM
13412,ZDOM
12978,ZDOM
11522,ZDOM
10653,ZDOM
13253,ZDOM
11004,ZDOM
10771,ZDOM
10173,ZDOM
12897,ZDOM
10052,ZDOM
10810,ZDOM
10422,ZDOM
10624,ZDOM
13383,ZDOM
10835,ZDOM
13166,ZDOM
12852,ZDOM
10138,ZDOM
12029,ZDOM
12714,ZDOM
10740,ZDOM
13135,ZDOM
13226,ZDOM
12914,ZDOM
10335,ZDOM
10971,ZDOM
13036,ZDOM
10047,ZDOM
12676,ZDOM
11415,ZDOM
10456,ZDOM
10947,ZDOM
10769,ZDOM
13072,ZDOM
13102,ZDOM
11468,ZDOM
10344,ZDOM
11445,ZDOM
10177,ZDOM
13266,ZDOM
10185,ZDOM
12849,ZDOM
13151,ZDOM
10858,ZDOM
10223,ZDOM
10272,ZDOM
13209,ZDOM
10745,ZDOM
10720,ZDOM
13599,ZDOM
10727,ZDOM
12461,ZDOM
10834,ZDOM
13586,ZDOM
13496,ZDOM
11612,ZDOM
11578,ZDOM
11794,ZDOM
11920,ZDOM
13222,ZDOM
10257,ZDOM
13418,ZDOM
12829,ZDOM
12080,ZDOM
10103,ZDOM
10000,ZDOM
12978,ZDOM
13238,ZDOM
10509,ZDOM
13565,ZDOM
12094,ZDOM
13240,ZDOM
10145,ZDOM
12822,ZDOM
12628,ZDOM
11460,ZDOM
12733,ZDOM
12955,ZDOM
13115,ZDOM
10705,ZDOM
10373,ZDOM
13126,ZDOM
12758,ZDOM
12830,ZDOM
13243,ZDOM
11959,ZDOM
13093,ZDOM
12911,ZDOM
10443,ZDOM
10501,ZDOM
13139,ZDOM
13006,ZDOM
12854,ZDOM
11736,ZDOM
10420,ZDOM
12881,ZDOM
11132,ZDOM
12271,ZDOM
11638,ZDOM
10625,ZDOM
12452,ZDOM
11336,ZDOM
12430,ZDOM
11332,ZDOM
11435,ZDOM
13021,ZDOM
11296,ZDOM
12831,ZDOM
12152,ZDOM
10726,ZDOM
13397,ZDOM
13055,ZDOM
11963,ZDOM
11500,ZDOM
13185,ZDOM
10832,ZDOM
10993,ZDOM
12826,ZDOM
11867,ZDOM
13420,ZDOM
13106,ZDOM
12983,ZDOM
10644,ZDOM
10417,ZDOM
10368,ZDOM
12729,ZDOM
10225,ZDOM
11691,ZDOM
12766,ZDOM
10296,ZDOM
12926,ZDOM
10721,ZDOM
10432,ZDOM
12847,ZDOM
11888,ZDOM
11887,ZDOM
11843,ZDOM
10492,ZDOM
11543,ZDOM
13567,ZDOM
10326,ZDOM
12749,ZDOM
13497,ZDOM
11449,ZDOM
12575,ZDOM
12452,ZDOM
11997,ZDOM
11112,ZDOM
13707,ZDOM
11464,ZDOM
11421,ZDOM
13493,ZDOM
12905,ZDOM
13238,ZDOM
10690,ZDOM
10491,ZDOM
13120,ZDOM
12163,ZDOM
10155,ZDOM
11421,ZDOM
10000,ZDOM
13067,ZDOM
11433,ZDOM
12802,ZDOM
10632,ZDOM
11412,ZDOM
13646,ZDOM
10473,ZDOM
10723,ZDOM
10720,ZDOM
11491,ZDOM
11759,ZDOM
12905,ZDOM
13192,ZDOM
13249,ZDOM
13064,ZDOM
13263,ZDOM
13396,ZDOM
10203,ZDOM
10829,ZDOM
10279,ZDOM
10373,ZDOM
11658,ZDOM
10853,ZDOM
10277,ZDOM
12191,ZDOM
11514,ZDOM
10388,ZDOM
12732,ZDOM
10589,ZDOM
10348,ZDOM
13392,ZDOM
10422,ZDOM
13433,ZDOM
12805,ZDOM
10665,ZDOM
12735,ZDOM
10331,ZDOM
13211,ZDOM
11914,ZDOM
13126,ZDOM
11596,ZDOM
12548,ZDOM
12757,ZDOM
13021,ZDOM
11151,ZDOM
13254,ZDOM
13073,ZDOM
12821,ZDOM
11722,ZDOM
10679,ZDOM
13036,ZDOM
11486,ZDOM
13164,ZDOM
10956,ZDOM
10147,ZDOM
12804,ZDOM
13492,ZDOM
13141,ZDOM
13042,ZDOM
12681,ZDOM
12939,ZDOM
10281,ZDOM
10963,ZDOM
10448,ZDOM
12791,ZDOM
13061,ZDOM
13127,ZDOM
13665,ZDOM
13511,ZDOM
13019,ZDOM
13213,ZDOM
10123,ZDOM
13215,ZDOM
10361,ZDOM
12313,ZDOM
13047,ZDOM
10317,ZDOM
10155,ZDOM
12579,ZDOM
10322,ZDOM
10066,ZDOM
13146,ZDOM
10162,ZDOM
13063,ZDOM
11726,ZDOM
13140,ZDOM
13208,ZDOM
10319,ZDOM
13511,ZDOM
10370,ZDOM
11452,ZDOM
13271,ZDOM
13018,ZDOM
12979,ZDOM
12815,ZDOM
12989,ZDOM
11457,ZDOM
12956,ZDOM
11533,ZDOM
10928,ZDOM
11881,ZDOM
10208,ZDOM
10574,ZDOM
10278,ZDOM
12782,ZDOM
10917,ZDOM
10595,ZDOM
13421,ZDOM
10963,ZDOM
11601,ZDOM
11836,ZDOM
12871,ZDOM
13098,ZDOM
12827,ZDOM
10374,ZDOM
11447,ZDOM
11534,ZDOM
13049,ZDOM
13166,ZDOM
12171,ZDOM
12722,ZDOM
11549,ZDOM
11721,ZDOM
10224,ZDOM
12571,ZDOM
12967,ZDOM
13048,ZDOM
13568,ZDOM
12905,ZDOM
10633,ZDOM
13165,ZDOM
11432,ZDOM
13239,ZDOM
12881,ZDOM
12451,ZDOM
13017,ZDOM
10264,ZDOM
11451,ZDOM
13510,ZDOM
13264,ZDOM
13074,ZDOM
10692,ZDOM
13790,ZDOM
13158,ZDOM
13727,ZDOM
12820,ZDOM
12081,ZDOM
11011,ZDOM
12093,ZDOM
12733,ZDOM
11772,ZDOM
13645,ZDOM
13105,ZDOM
10804,ZDOM
12936,ZDOM
10911,ZDOM
10163,ZDOM
13178,ZDOM
13510,ZDOM
13483,ZDOM
12919,ZDOM
10309,ZDOM
12895,ZDOM
13148,ZDOM
11262,ZDOM
11416,ZDOM
13222,ZDOM
11469,ZDOM
11959,ZDOM
13113,ZDOM
11366,ZDOM
12911,ZDOM
13243,ZDOM
11514,ZDOM
10448,ZDOM
10653,ZDOM
11640,ZDOM
10000,ZDOM
12804,ZDOM
10223,ZDOM
10654,ZDOM
12805,ZDOM
11336,ZDOM
12722,ZDOM
10185,ZDOM
13433,ZDOM
12645,ZDOM
13250,ZDOM
10422,ZDOM
13003,ZDOM
12967,ZDOM
12936,ZDOM
12451,ZDOM
12461,ZDOM
12430,ZDOM
10374,ZDOM
13052,ZDOM
13248,ZDOM
11277,ZDOM
10047,ZDOM
10322,ZDOM
12452,ZDOM
11447,ZDOM
10501,ZDOM
10309,ZDOM
12628,ZDOM
11736,ZDOM
10804,ZDOM
10759,ZDOM
13215,ZDOM
10449,ZDOM
13139,ZDOM
12733,ZDOM
13063,ZDOM
11608,ZDOM
10595,ZDOM
12271,ZDOM
10285,ZDOM
10456,ZDOM
12937,ZDOM
12715,ZDOM
12094,ZDOM
13565,ZDOM
12553,ZDOM
11371,ZDOM
13563,ZDOM
12735,ZDOM
10863,ZDOM
10995,ZDOM
13120,ZDOM
11452,ZDOM
10863,ZDOM
11460,ZDOM
12766,ZDOM
12083,ZDOM
10017,ZDOM
11530,ZDOM
13055,ZDOM
10971,ZDOM
12914,ZDOM
10769,ZDOM
10210,ZDOM
13645,ZDOM
12905,ZDOM
12729,ZDOM
10675,ZDOM
12525,ZDOM
10033,ZDOM
10509,ZDOM
11941,ZDOM
11486,ZDOM
13192,ZDOM
11500,ZDOM
13665,ZDOM
12237,ZDOM
10163,ZDOM
10281,ZDOM
13049,ZDOM
10310,ZDOM
12676,ZDOM
12081,ZDOM
13141,ZDOM
11549,ZDOM
12711,ZDOM
12171,ZDOM
11522,ZDOM
10443,ZDOM
10679,ZDOM
12714,ZDOM
10835,ZDOM
11470,ZDOM
11836,ZDOM
11493,ZDOM
11638,ZDOM
10590,ZDOM
11445,ZDOM
10208,ZDOM
11478,ZDOM
11809,ZDOM
12827,ZDOM
10993,ZDOM
11432,ZDOM
13106,ZDOM
10335,ZDOM
10225,ZDOM
12782,ZDOM
11362,ZDOM
10832,ZDOM
10123,ZDOM
10162,ZDOM
10912,ZDOM
10810,ZDOM
13241,ZDOM
12730,ZDOM
12742,ZDOM
10102,ZDOM
13213,ZDOM
12575,ZDOM
12897,ZDOM
11332,ZDOM
11268,ZDOM
10720,ZDOM
12926,ZDOM
10827,ZDOM
13073,ZDOM
12847,ZDOM
10296,ZDOM
10745,ZDOM
13140,ZDOM
10584,ZDOM
10721,ZDOM
11216,ZDOM
11452,ZDOM
10501,ZDOM
13107,ZDOM
11009,ZDOM
12728,ZDOM
12171,ZDOM
13165,ZDOM
11446,ZDOM
12729,ZDOM
13408,ZDOM
10123,ZDOM
10769,ZDOM
13398,ZDOM
10835,ZDOM
12926,ZDOM
11501,ZDOM
11031,ZDOM
10403,ZDOM
11692,ZDOM
10862,ZDOM
12733,ZDOM
10219,ZDOM
10311,ZDOM
11664,ZDOM
10194,ZDOM
13182,ZDOM
12591,ZDOM
11296,ZDOM
12768,ZDOM
10654,ZDOM
11443,ZDOM
13249,ZDOM
11862,ZDOM
12257,ZDOM
10591,ZDOM
12958,ZDOM
12395,ZDOM
11483,ZDOM
12761,ZDOM
11914,ZDOM
10173,ZDOM
11959,ZDOM
13253,ZDOM
11417,ZDOM
13226,ZDOM
11562,ZDOM
12692,ZDOM
10836,ZDOM
10017,ZDOM
13418,ZDOM
12830,ZDOM
10443,ZDOM
10456,ZDOM
13383,ZDOM
13586,ZDOM
12638,ZDOM
10286,ZDOM
13168,ZDOM
12726,ZDOM
10467,ZDOM
11838,ZDOM
11437,ZDOM
10289,ZDOM
10368,ZDOM
13150,ZDOM
10167,ZDOM
11287,ZDOM
13017,ZDOM
10375,ZDOM
10202,ZDOM
13242,ZDOM
10401,ZDOM
13238,ZDOM
12297,ZDOM
11207,ZDOM
11449,ZDOM
12938,ZDOM
13182,ZDOM
13135,ZDOM
13032,ZDOM
10031,ZDOM
13693,ZDOM
12966,ZDOM
10272,ZDOM
12729,ZDOM
10649,ZDOM
10490,ZDOM
13247,ZDOM
12172,ZDOM
12624,ZDOM
10373,ZDOM
13139,ZDOM
13006,ZDOM
12905,ZDOM
11920,ZDOM
10540,ZDOM
13072,ZDOM
13004,ZDOM
13207,ZDOM
12303,ZDOM
13246,ZDOM
13342,ZDOM
10320,ZDOM
12452,ZDOM
10665,ZDOM
11415,ZDOM
10351,ZDOM
12805,ZDOM
13064,ZDOM
12830,ZDOM
10816,ZDOM
10420,ZDOM
13336,ZDOM
10725,ZDOM
10389,ZDOM
12802,ZDOM
11454,ZDOM
12871,ZDOM
10519,ZDOM
12666,ZDOM
11865,ZDOM
13366,ZDOM
11856,ZDOM
10468,ZDOM
11499,ZDOM
11263,ZDOM
11683,ZDOM
13098,ZDOM
10164,ZDOM
10771,ZDOM
12905,ZDOM
11153,ZDOM
10790,ZDOM
11417,ZDOM
11721,ZDOM
10203,ZDOM
11451,ZDOM
10589,ZDOM
11498,ZDOM
12734,ZDOM
11596,ZDOM
12302,ZDOM
10268,ZDOM
12874,ZDOM
10279,ZDOM
10914,ZDOM
10062,ZDOM
13482,ZDOM
11177,ZDOM
12900,ZDOM
10000,ZDOM
12869,ZDOM
13134,ZDOM
10670,ZDOM
10690,ZDOM
13397,ZDOM
12829,ZDOM
12821,ZDOM
12766,ZDOM
12851,ZDOM
11578,ZDOM
10373,ZDOM
10729,ZDOM
12749,ZDOM
10145,ZDOM
10326,ZDOM
10115,ZDOM
10727,ZDOM
10206,ZDOM
10479,ZDOM
10492,ZDOM
12068,ZDOM
10118,ZDOM
10089,ZDOM
11491,ZDOM
13036,ZDOM
12767,ZDOM
13646,ZDOM
10928,ZDOM
13334,ZDOM
10367,ZDOM
10997,ZDOM
11468,ZDOM
13493,ZDOM
10863,ZDOM
13264,ZDOM
12725,ZDOM
11963,ZDOM
11957,ZDOM
10625,ZDOM
13185,ZDOM
13209,ZDOM
10761,ZDOM
10853,ZDOM
10427,ZDOM
12681,ZDOM
12767,ZDOM
13645,ZDOM
10812,ZDOM
10388,ZDOM
12093,ZDOM
13067,ZDOM
10650,ZDOM
10829,ZDOM
10278,ZDOM
12991,ZDOM
13498,ZDOM
12066,ZDOM
13211,ZDOM
12313,ZDOM
13266,ZDOM
12978,ZDOM
11458,ZDOM
13014,ZDOM
12721,ZDOM
10417,ZDOM
10723,ZDOM
12674,ZDOM
12979,ZDOM
13421,ZDOM
11601,ZDOM
12669,ZDOM
13396,ZDOM
11521,ZDOM
12939,ZDOM
10690,ZDOM
11534,ZDOM
12820,ZDOM
13392,ZDOM
13074,ZDOM
11459,ZDOM
13263,ZDOM
10138,ZDOM
13790,ZDOM
13254,ZDOM
13071,ZDOM
12826,ZDOM
13146,ZDOM
10111,ZDOM
10917,ZDOM
12191,ZDOM
12920,ZDOM
10774,ZDOM
10349,ZDOM
13214,ZDOM
12728,ZDOM
13106,ZDOM
10723,ZDOM
13049,ZDOM
10351,ZDOM
10729,ZDOM
11449,ZDOM
10917,ZDOM
13098,ZDOM
10956,ZDOM
10361,ZDOM
12900,ZDOM
10317,ZDOM
12768,ZDOM
12068,ZDOM
10721,ZDOM
11601,ZDOM
11543,ZDOM
13029,ZDOM
10125,ZDOM
10115,ZDOM
13250,ZDOM
10595,ZDOM
12692,ZDOM
12991,ZDOM
12871,ZDOM
12638,ZDOM
12979,ZDOM
12540,ZDOM
13567,ZDOM
10727,ZDOM
12674,ZDOM
10694,ZDOM
13645,ZDOM
13421,ZDOM
10206,ZDOM
10479,ZDOM
10501,ZDOM
10268,ZDOM
11483,ZDOM
10574,ZDOM
11549,ZDOM
10208,ZDOM
11447,ZDOM
10911,ZDOM
13366,ZDOM
12029,ZDOM
10344,ZDOM
13109,ZDOM
11009,ZDOM
11856,ZDOM
12978,ZDOM
13120,ZDOM
12477,ZDOM
13019,ZDOM
12827,ZDOM
13248,ZDOM
13014,ZDOM
11941,ZDOM
13143,ZDOM
12749,ZDOM
10690,ZDOM
10468,ZDOM
12791,ZDOM
13184,ZDOM
10448,ZDOM
11421,ZDOM
12956,ZDOM
13497,ZDOM
10187,ZDOM
12734,ZDOM
10771,ZDOM
11887,ZDOM
10403,ZDOM
10650,ZDOM
11888,ZDOM
10348,ZDOM
11446,ZDOM
12525,ZDOM
12830,ZDOM
13249,ZDOM
10257,ZDOM
11454,ZDOM
11445,ZDOM
13071,ZDOM
11366,ZDOM
11759,ZDOM
10432,ZDOM
13003,ZDOM
11533,ZDOM
10624,ZDOM
12752,ZDOM
12729,ZDOM
10443,ZDOM
12666,ZDOM
11718,ZDOM
13212,ZDOM
11336,ZDOM
10467,ZDOM
11493,ZDOM
12869,ZDOM
10319,ZDOM
10194,ZDOM
13036,ZDOM
10720,ZDOM
12645,ZDOM
10473,ZDOM
12826,ZDOM
10902,ZDOM
13166,ZDOM
13055,ZDOM
13067,ZDOM
11421,ZDOM
12852,ZDOM
10000,ZDOM
13185,ZDOM
12767,ZDOM
12805,ZDOM
13063,ZDOM
10654,ZDOM
10051,ZDOM
12171,ZDOM
11836,ZDOM
10690,ZDOM
10914,ZDOM
13397,ZDOM
13238,ZDOM
12905,ZDOM
11263,ZDOM
12571,ZDOM
12958,ZDOM
13120,ZDOM
13182,ZDOM
10118,ZDOM
10123,ZDOM
13102,ZDOM
13134,ZDOM
10314,ZDOM
10912,ZDOM
12163,ZDOM
11491,ZDOM
10089,ZDOM
13108,ZDOM
12029,ZDOM
10835,ZDOM
10759,ZDOM
12897,ZDOM
10726,ZDOM
10163,ZDOM
10761,ZDOM
13166,ZDOM
10881,ZDOM
10349,ZDOM
10997,ZDOM
11664,ZDOM
13266,ZDOM
10285,ZDOM
10033,ZDOM
13047,ZDOM
12895,ZDOM
10145,ZDOM
13226,ZDOM
10963,ZDOM
11332,ZDOM
10326,ZDOM
10501,ZDOM
10311,ZDOM
10062,ZDOM
12669,ZDOM
13646,ZDOM
10155,ZDOM
10653,ZDOM
13238,ZDOM
10202,ZDOM
10281,ZDOM
12663,ZDOM
13214,ZDOM
12681,ZDOM
10422,ZDOM
10257,ZDOM
10017,ZDOM
13056,ZDOM
10401,ZDOM
13334,ZDOM
10705,ZDOM
13342,ZDOM
12911,ZDOM
10584,ZDOM
10862,ZDOM
10449,ZDOM
11216,ZDOM
12732,ZDOM
11031,ZDOM
12575,ZDOM
10162,ZDOM
11721,ZDOM
12905,ZDOM
11683,ZDOM
13042,ZDOM
11151,ZDOM
10456,ZDOM
10031,ZDOM
11959,ZDOM
10753,ZDOM
11514,ZDOM
10388,ZDOM
10111,ZDOM
12735,ZDOM
10589,ZDOM
11451,ZDOM
11498,ZDOM
10203,ZDOM
11457,ZDOM
13126,ZDOM
13178,ZDOM
13483,ZDOM
13665,ZDOM
12624,ZDOM
13186,ZDOM
10279,ZDOM
12730,ZDOM
12725,ZDOM
10679,ZDOM
13510,ZDOM
11857,ZDOM
11371,ZDOM
11153,ZDOM
13727,ZDOM
13192,ZDOM
11943,ZDOM
11963,ZDOM
11437,ZDOM
12532,ZDOM
12172,ZDOM
13243,ZDOM
10633,ZDOM
10106,ZDOM
12452,ZDOM
10287,ZDOM
10223,ZDOM
10272,ZDOM
12905,ZDOM
12999,ZDOM
12820,ZDOM
10374,ZDOM
10745,ZDOM
10832,ZDOM
13254,ZDOM
12817,ZDOM
11482,ZDOM
10492,ZDOM
13240,ZDOM
13064,ZDOM
12854,ZDOM
12936,ZDOM
10495,ZDOM
10509,ZDOM
12990,ZDOM
10654,ZDOM
12722,ZDOM
11416,ZDOM
11470,ZDOM
13151,ZDOM
12303,ZDOM
10670,ZDOM
12430,ZDOM
13158,ZDOM
10138,ZDOM
11486,ZDOM
10185,ZDOM
11206,ZDOM
12949,ZDOM
13052,ZDOM
10017,ZDOM
13099,ZDOM
13242,ZDOM
12821,ZDOM
10000,ZDOM
13146,ZDOM
10002,ZDOM
10375,ZDOM
12093,ZDOM
11500,ZDOM
10417,ZDOM
10665,ZDOM
10290,ZDOM
11843,ZDOM
11009,ZDOM
10368,ZDOM
10625,ZDOM
12029,ZDOM
12805,ZDOM
11415,ZDOM
13565,ZDOM
11266,ZDOM
13245,ZDOM
10147,ZDOM
11534,ZDOM
10963,ZDOM
12628,ZDOM
12452,ZDOM
12742,ZDOM
13211,ZDOM
12080,ZDOM
10224,ZDOM
13214,ZDOM
11268,ZDOM
12640,ZDOM
11596,ZDOM
12761,ZDOM
12548,ZDOM
13492,ZDOM
12874,ZDOM
12302,ZDOM
11460,ZDOM
11914,ZDOM
10382,ZDOM
11452,ZDOM
13182,ZDOM
11046,ZDOM
12094,ZDOM
12847,ZDOM
12831,ZDOM
10993,ZDOM
10590,ZDOM
11522,ZDOM
11997,ZDOM
10649,ZDOM
12802,ZDOM
10396,ZDOM
12849,ZDOM
12757,ZDOM
10569,ZDOM
11862,ZDOM
10389,ZDOM
13693,ZDOM
12093,ZDOM
11415,ZDOM
12729,ZDOM
13246,ZDOM
10540,ZDOM
10816,ZDOM
10373,ZDOM
10427,ZDOM
10286,ZDOM
13141,ZDOM
12966,ZDOM
10375,ZDOM
11468,ZDOM
13707,ZDOM
13113,ZDOM
10420,ZDOM
13072,ZDOM
10804,ZDOM
10177,ZDOM
11865,ZDOM
10827,ZDOM
12580,ZDOM
11726,ZDOM
13168,ZDOM
12724,ZDOM
10102,ZDOM
13239,ZDOM
13207,ZDOM
13004,ZDOM
13264,ZDOM
11501,ZDOM
13093,ZDOM
12729,ZDOM
12919,ZDOM
11534,ZDOM
13139,ZDOM
13510,ZDOM
12733,ZDOM
10432,ZDOM
13165,ZDOM
12926,ZDOM
11692,ZDOM
12926,ZDOM
11296,ZDOM
10594,ZDOM
10839,ZDOM
10377,ZDOM
10971,ZDOM
10219,ZDOM
11011,ZDOM
11086,ZDOM
10490,ZDOM
10759,ZDOM
11794,ZDOM
13139,ZDOM
12281,ZDOM
12920,ZDOM
10225,ZDOM
13433,ZDOM
13586,ZDOM
13032,ZDOM
13063,ZDOM
13790,ZDOM
12395,ZDOM
13223,ZDOM
12626,ZDOM
12726,ZDOM
13056,ZDOM
10123,ZDOM
10289,ZDOM
10335,ZDOM
13073,ZDOM
11267,ZDOM
10278,ZDOM
13017,ZDOM
10163,ZDOM
12733,ZDOM
12451,ZDOM
10103,ZDOM
12743,ZDOM
11207,ZDOM
11458,ZDOM
10344,ZDOM
11469,ZDOM
12191,ZDOM
13006,ZDOM
10339,ZDOM
11453,ZDOM
13251,ZDOM
10940,ZDOM
11432,ZDOM
12905,ZDOM
10947,ZDOM
11920,ZDOM
10375,ZDOM
13222,ZDOM
10836,ZDOM
10296,ZDOM
12829,ZDOM
11864,ZDOM
11215,ZDOM
12938,ZDOM
11838,ZDOM
11521,ZDOM
13263,ZDOM
11287,ZDOM
13657,ZDOM
13140,ZDOM
11463,ZDOM
12874,ZDOM
13241,ZDOM
12171,ZDOM
10705,ZDOM
10650,ZDOM
10625,ZDOM
13209,ZDOM
11510,ZDOM
10774,ZDOM
12257,ZDOM
13213,ZDOM
11633,ZDOM
10599,ZDOM
13402,ZDOM
13271,ZDOM
12138,ZDOM
10799,ZDOM
10309,ZDOM
12937,ZDOM
11452,ZDOM
12591,ZDOM
11011,ZDOM
11459,ZDOM
11578,ZDOM
12851,ZDOM
12766,ZDOM
13127,ZDOM
11177,ZDOM
12767,ZDOM
11638,ZDOM
13482,ZDOM
12939,ZDOM
10373,ZDOM
11277,ZDOM
10052,ZDOM
13074,ZDOM
11208,ZDOM
11004,ZDOM
11478,ZDOM
13093,ZDOM
11086,ZDOM
11612,ZDOM
10447,ZDOM
12721,ZDOM
11452,ZDOM
11262,ZDOM
10373,ZDOM
10591,ZDOM
12728,ZDOM
13568,ZDOM
12674,ZDOM
11690,ZDOM
11690,ZDOM
10835,ZDOM
10449,ZDOM
11867,ZDOM
11792,ZDOM
11841,ZDOM
10829,ZDOM
11431,ZDOM
10290,ZDOM
11004,ZDOM
13383,ZDOM
10456,ZDOM
10443,ZDOM
12830,ZDOM
13418,ZDOM
12152,ZDOM
10042,ZDOM
13107,ZDOM
12297,ZDOM
13398,ZDOM
12937,ZDOM
13408,ZDOM
11417,ZDOM
10853,ZDOM
10331,ZDOM
10310,ZDOM
10858,ZDOM
10047,ZDOM
10947,ZDOM
13021,ZDOM
11587,ZDOM
12081,ZDOM
11638,ZDOM
12758,ZDOM
13396,ZDOM
10210,ZDOM
10829,ZDOM
12948,ZDOM
10740,ZDOM
10322,ZDOM
12676,ZDOM
10995,ZDOM
12313,ZDOM
13135,ZDOM
10317,ZDOM
10277,ZDOM
12983,ZDOM
13215,ZDOM
11736,ZDOM
12804,ZDOM
11362,ZDOM
11809,ZDOM
12901,ZDOM
11435,ZDOM
13053,ZDOM
13420,ZDOM
11691,ZDOM
12782,ZDOM
13493,ZDOM
11881,ZDOM
13511,ZDOM
12553,ZDOM
12724,ZDOM
10155,ZDOM
12237,ZDOM
11008,ZDOM
10769,ZDOM
12461,ZDOM
13383,ZDOM
13070,ZDOM
13645,ZDOM
11487,ZDOM
13135,ZDOM
11322,ZDOM
13496,ZDOM
13418,ZDOM
13392,ZDOM
12271,ZDOM
12029,ZDOM
11452,ZDOM
12714,ZDOM
10396,ZDOM
10001,ZDOM
11132,ZDOM
12081,ZDOM
13064,ZDOM
11452,ZDOM
12920,ZDOM
12714,ZDOM
12540,ZDOM
10335,ZDOM
10123,ZDOM
13251,ZDOM
12953,ZDOM
13127,ZDOM
13511,ZDOM
11867,ZDOM
12983,ZDOM
11446,ZDOM
11431,ZDOM
11578,ZDOM
10653,ZDOM
13146,ZDOM
10473,ZDOM
11510,ZDOM
10320,ZDOM
10649,ZDOM
10690,ZDOM
10928,ZDOM
12721,ZDOM
10348,ZDOM
10432,ZDOM
12905,ZDOM
12313,ZDOM
13334,ZDOM
13511,ZDOM
12152,ZDOM
11151,ZDOM
13223,ZDOM
10349,ZDOM
10584,ZDOM
12580,ZDOM
11612,ZDOM
13004,ZDOM
12093,ZDOM
11809,ZDOM
11759,ZDOM
11362,ZDOM
12163,ZDOM
10694,ZDOM
10370,ZDOM
12927,ZDOM
10862,ZDOM
13061,ZDOM
12864,ZDOM
12829,ZDOM
12674,ZDOM
12757,ZDOM
12852,ZDOM
10051,ZDOM
12914,ZDOM
10456,ZDOM
13366,ZDOM
13109,ZDOM
10066,ZDOM
12696,ZDOM
13565,ZDOM
10309,ZDOM
13248,ZDOM
10106,ZDOM
10653,ZDOM
11781,ZDOM
12571,ZDOM
10347,ZDOM
10650,ZDOM
13657,ZDOM
10799,ZDOM
10162,ZDOM
13225,ZDOM
11493,ZDOM
13105,ZDOM
11838,ZDOM
10202,ZDOM
10210,ZDOM
11443,ZDOM
11736,ZDOM
10935,ZDOM
13148,ZDOM
10863,ZDOM
13053,ZDOM
10194,ZDOM
13135,ZDOM
13397,ZDOM
10835,ZDOM
10052,ZDOM
13263,ZDOM
11517,ZDOM
10210,ZDOM
12066,ZDOM
11468,ZDOM
13241,ZDOM
10115,ZDOM
10492,ZDOM
11443,ZDOM
13120,ZDOM
11216,ZDOM
11794,ZDOM
10268,ZDOM
11486,ZDOM
10665,ZDOM
12640,ZDOM
11505,ZDOM
10310,ZDOM
13174,ZDOM
12822,ZDOM
10853,ZDOM
10062,ZDOM
12786,ZDOM
10670,ZDOM
12897,ZDOM
11009,ZDOM
13336,ZDOM
11941,ZDOM
10017,ZDOM
11031,ZDOM
10296,ZDOM
12847,ZDOM
10403,ZDOM
12766,ZDOM
10420,ZDOM
12881,ZDOM
11457,ZDOM
12874,ZDOM
11004,ZDOM
13586,ZDOM
12451,ZDOM
12867,ZDOM
10335,ZDOM
10224,ZDOM
10351,ZDOM
13384,ZDOM
10501,ZDOM
10401,ZDOM
11492,ZDOM
13048,ZDOM
11726,ZDOM
13624,ZDOM
11206,ZDOM
10443,ZDOM
12783,ZDOM
10644,ZDOM
13209,ZDOM
10177,ZDOM
13496,ZDOM
12901,ZDOM
13498,ZDOM
10102,ZDOM
13396,ZDOM
10076,ZDOM
12461,ZDOM
10625,ZDOM
13418,ZDOM
10449,ZDOM
12937,ZDOM
12669,ZDOM
12965,ZDOM
12805,ZDOM
12477,ZDOM
11530,ZDOM
11957,ZDOM
13492,ZDOM
11943,ZDOM
11417,ZDOM
10290,ZDOM
10047,ZDOM
10832,ZDOM
12121,ZDOM
13412,ZDOM
10344,ZDOM
10000,ZDOM
13384,ZDOM
10632,ZDOM
13240,ZDOM
11371,ZDOM
13067,ZDOM
13563,ZDOM
11508,ZDOM
10804,ZDOM
10675,ZDOM
12905,ZDOM
12864,ZDOM
12978,ZDOM
11215,ZDOM
10268,ZDOM
12989,ZDOM
13125,ZDOM
13510,ZDOM
12626,ZDOM
10382,ZDOM
11465,ZDOM
13263,ZDOM
13433,ZDOM
11457,ZDOM
13041,ZDOM
12979,ZDOM
11683,ZDOM
11959,ZDOM
12782,ZDOM
12692,ZDOM
11881,ZDOM
10326,ZDOM
12826,ZDOM
12553,ZDOM
10285,ZDOM
12721,ZDOM
10963,ZDOM
10219,ZDOM
10427,ZDOM
10501,ZDOM
13003,ZDOM
13063,ZDOM
10810,ZDOM
12686,ZDOM
13141,ZDOM
12711,ZDOM
11480,ZDOM
12172,ZDOM
11501,ZDOM
13243,ZDOM
10519,ZDOM
13249,ZDOM
10281,ZDOM
13068,ZDOM
12536,ZDOM
11261,ZDOM
12675,ZDOM
10309,ZDOM
13398,ZDOM
11460,ZDOM
10311,ZDOM
13182,ZDOM
10287,ZDOM
11153,ZDOM
12895,ZDOM
10368,ZDOM
13017,ZDOM
10264,ZDOM
11470,ZDOM
10509,ZDOM
12900,ZDOM
10361,ZDOM
11517,ZDOM
12761,ZDOM
10264,ZDOM
10863,ZDOM
10759,ZDOM
11691,ZDOM
13398,ZDOM
13213,ZDOM
12579,ZDOM
13208,ZDOM
13342,ZDOM
10902,ZDOM
13213,ZDOM
10590,ZDOM
13182,ZDOM
13071,ZDOM
12767,ZDOM
10062,ZDOM
12802,ZDOM
10420,ZDOM
13242,ZDOM
13098,ZDOM
13102,ZDOM
11522,ZDOM
10331,ZDOM
10599,ZDOM
12226,ZDOM
10625,ZDOM
13115,ZDOM
13402,ZDOM
13568,ZDOM
10277,ZDOM
12237,ZDOM
13210,ZDOM
11638,ZDOM
10185,ZDOM
11508,ZDOM
10940,ZDOM
10940,ZDOM
13105,ZDOM
11534,ZDOM
12121,ZDOM
12532,ZDOM
11366,ZDOM
11458,ZDOM
10173,ZDOM
13254,ZDOM
10422,ZDOM
11857,ZDOM
13666,ZDOM
11920,ZDOM
10042,ZDOM
12083,ZDOM
11887,ZDOM
13515,ZDOM
13036,ZDOM
12669,ZDOM
11736,ZDOM
12666,ZDOM
10725,ZDOM
10138,ZDOM
12237,ZDOM
13497,ZDOM
10963,ZDOM
12752,ZDOM
13006,ZDOM
10456,ZDOM
12430,ZDOM
13225,ZDOM
13497,ZDOM
13197,ZDOM
12884,ZDOM
12826,ZDOM
10705,ZDOM
12927,ZDOM
11963,ZDOM
10368,ZDOM
11268,ZDOM
10033,ZDOM
10344,ZDOM
13106,ZDOM
10928,ZDOM
12081,ZDOM
12715,ZDOM
12152,ZDOM
12914,ZDOM
12956,ZDOM
13108,ZDOM
11505,ZDOM
11920,ZDOM
13166,ZDOM
11608,ZDOM
12854,ZDOM
12817,ZDOM
10595,ZDOM
12724,ZDOM
13657,ZDOM
11562,ZDOM
11449,ZDOM
12644,ZDOM
13666,ZDOM
10810,ZDOM
11798,ZDOM
12989,ZDOM
10280,ZDOM
12958,ZDOM
13062,ZDOM
12723,ZDOM
11416,ZDOM
11021,ZDOM
13421,ZDOM
10118,ZDOM
10328,ZDOM
11530,ZDOM
10761,ZDOM
11021,ZDOM
12171,ZDOM
11086,ZDOM
11881,ZDOM
13047,ZDOM
13493,ZDOM
10917,ZDOM
10225,ZDOM
11836,ZDOM
12788,ZDOM
13139,ZDOM
12821,ZDOM
11371,ZDOM
10002,ZDOM
13271,ZDOM
10633,ZDOM
10858,ZDOM
11445,ZDOM
11008,ZDOM
12948,ZDOM
12536,ZDOM
10650,ZDOM
13150,ZDOM
13105,ZDOM
13018,ZDOM
11415,ZDOM
11718,ZDOM
13412,ZDOM
10759,ZDOM
11447,ZDOM
10361,ZDOM
13158,ZDOM
10740,ZDOM
10812,ZDOM
11366,ZDOM
10654,ZDOM
13004,ZDOM
10224,ZDOM
13139,ZDOM
11451,ZDOM
13151,ZDOM
12895,ZDOM
13245,ZDOM
12846,ZDOM
11046,ZDOM
10373,ZDOM
11943,ZDOM
13707,ZDOM
10322,ZDOM
10317,ZDOM
12722,ZDOM
11690,ZDOM
12830,ZDOM
11452,ZDOM
12936,ZDOM
10971,ZDOM
11446,ZDOM
13645,ZDOM
12817,ZDOM
10863,ZDOM
13397,ZDOM
10031,ZDOM
10187,ZDOM
10374,ZDOM
11864,ZDOM
12955,ZDOM
12735,ZDOM
10163,ZDOM
12696,ZDOM
11136,ZDOM
12871,ZDOM
10769,ZDOM
13126,ZDOM
13222,ZDOM
10164,ZDOM
12936,ZDOM
10677,ZDOM
11781,ZDOM
10753,ZDOM
12874,ZDOM
10679,ZDOM
11262,ZDOM
10881,ZDOM
12686,ZDOM
13208,ZDOM
12905,ZDOM
12548,ZDOM
12732,ZDOM
12991,ZDOM
12638,ZDOM
13244,ZDOM
12749,ZDOM
12711,ZDOM
10377,ZDOM
11856,ZDOM
11444,ZDOM
13727,ZDOM
12525,ZDOM
11444,ZDOM
13343,ZDOM
13498,ZDOM
11336,ZDOM
12901,ZDOM
12967,ZDOM
13384,ZDOM
10726,ZDOM
13512,ZDOM
10389,ZDOM
13071,ZDOM
10319,ZDOM
13456,ZDOM
11549,ZDOM
13343,ZDOM
10519,ZDOM
12575,ZDOM
10448,ZDOM
11807,ZDOM
11841,ZDOM
13063,ZDOM
11638,ZDOM
13482,ZDOM
13493,ZDOM
10223,ZDOM
11888,ZDOM
11616,ZDOM
13250,ZDOM
11266,ZDOM
13106,ZDOM
12955,ZDOM
10721,ZDOM
13512,ZDOM
11807,ZDOM
10194,ZDOM
13247,ZDOM
10727,ZDOM
12624,ZDOM
11435,ZDOM
10881,ZDOM
10280,ZDOM
11263,ZDOM
10692,ZDOM
12938,ZDOM
10290,ZDOM
11500,ZDOM
12734,ZDOM
13055,ZDOM
11914,ZDOM
10111,ZDOM
12966,ZDOM
11437,ZDOM
11500,ZDOM
12451,ZDOM
13105,ZDOM
10051,ZDOM
12696,ZDOM
13242,ZDOM
11008,ZDOM
11759,ZDOM
10653,ZDOM
10388,ZDOM
10432,ZDOM
13727,ZDOM
11920,ZDOM
12958,ZDOM
13135,ZDOM
10280,ZDOM
10832,ZDOM
11021,ZDOM
13164,ZDOM
13511,ZDOM
13568,ZDOM
10679,ZDOM
13048,ZDOM
10162,ZDOM
13223,ZDOM
13412,ZDOM
13208,ZDOM
11941,ZDOM
13134,ZDOM
12575,ZDOM
12926,ZDOM
13148,ZDOM
13790,ZDOM
12271,ZDOM
12525,ZDOM
11336,ZDOM
10456,ZDOM
12722,ZDOM
10335,ZDOM
12093,ZDOM
12237,ZDOM
13068,ZDOM
12983,ZDOM
10163,ZDOM
12715,ZDOM
10389,ZDOM
13126,ZDOM
10106,ZDOM
12580,ZDOM
10675,ZDOM
11505,ZDOM
10503,ZDOM
11726,ZDOM
11371,ZDOM
13141,ZDOM
10650,ZDOM
12869,ZDOM
11446,ZDOM
10203,ZDOM
13067,ZDOM
13396,ZDOM
10670,ZDOM
12871,ZDOM
10727,ZDOM
13209,ZDOM
13071,ZDOM
13263,ZDOM
10761,ZDOM
12686,ZDOM
12955,ZDOM
10804,ZDOM
11508,ZDOM
10625,ZDOM
12964,ZDOM
10863,ZDOM
13586,ZDOM
12430,ZDOM
11691,ZDOM
13213,ZDOM
10223,ZDOM
10296,ZDOM
12786,ZDOM
10448,ZDOM
10740,ZDOM
12721,ZDOM
12905,ZDOM
13108,ZDOM
10690,ZDOM
13207,ZDOM
12083,ZDOM
11517,ZDOM
12644,ZDOM
11836,ZDOM
10377,ZDOM
12901,ZDOM
12965,ZDOM
12714,ZDOM
10401,ZDOM
10047,ZDOM
13492,ZDOM
12847,ZDOM
10319,ZDOM
10187,ZDOM
12852,ZDOM
12849,ZDOM
12191,ZDOM
11867,ZDOM
12724,ZDOM
10374,ZDOM
11431,ZDOM
10993,ZDOM
11216,ZDOM
13004,ZDOM
13657,ZDOM
13047,ZDOM
13106,ZDOM
12822,ZDOM
11447,ZDOM
13707,ZDOM
12826,ZDOM
10721,ZDOM
11432,ZDOM
11857,ZDOM
13482,ZDOM
10224,ZDOM
13343,ZDOM
12817,ZDOM
13135,ZDOM
12681,ZDOM
10584,ZDOM
10185,ZDOM
10210,ZDOM
13245,ZDOM
10348,ZDOM
12936,ZDOM
11468,ZDOM
12735,ZDOM
11362,ZDOM
12897,ZDOM
10370,ZDOM
11530,ZDOM
11452,ZDOM
10349,ZDOM
10017,ZDOM
13398,ZDOM
13645,ZDOM
10590,ZDOM
10373,ZDOM
13115,ZDOM
12854,ZDOM
11809,ZDOM
11794,ZDOM
13146,ZDOM
12553,ZDOM
12822,ZDOM
11469,ZDOM
11004,ZDOM
13397,ZDOM
10835,ZDOM
13174,ZDOM
13243,ZDOM
10519,ZDOM
13511,ZDOM
11366,ZDOM
10309,ZDOM
12152,ZDOM
12927,ZDOM
11132,ZDOM
12121,ZDOM
10285,ZDOM
10574,ZDOM
13017,ZDOM
11943,ZDOM
13139,ZDOM
11664,ZDOM
11206,ZDOM
11332,ZDOM
13225,ZDOM
11451,ZDOM
10289,ZDOM
13021,ZDOM
10111,ZDOM
12226,ZDOM
10102,ZDOM
10720,ZDOM
12881,ZDOM
11268,ZDOM
13418,ZDOM
12453,ZDOM
13248,ZDOM
12991,ZDOM
11722,ZDOM
10726,ZDOM
12732,ZDOM
10373,ZDOM
10344,ZDOM
13244,ZDOM
11443,ZDOM
10368,ZDOM
13113,ZDOM
12666,ZDOM
10052,ZDOM
12742,ZDOM
12711,ZDOM
11046,ZDOM
13120,ZDOM
12081,ZDOM
12911,ZDOM
10812,ZDOM
12758,ZDOM
12989,ZDOM
10281,ZDOM
10420,ZDOM
10863,ZDOM
10456,ZDOM
11959,ZDOM
10774,ZDOM
13384,ZDOM
13061,ZDOM
12820,ZDOM
10309,ZDOM
10317,ZDOM
10650,ZDOM
11781,ZDOM
11865,ZDOM
10277,ZDOM
10194,ZDOM
11415,ZDOM
13226,ZDOM
12948,ZDOM
11470,ZDOM
10066,ZDOM
13271,ZDOM
12937,ZDOM
13140,ZDOM
13565,ZDOM
12782,ZDOM
13105,ZDOM
11718,ZDOM
11638,ZDOM
10501,ZDOM
12066,ZDOM
10042,ZDOM
12536,ZDOM
11445,ZDOM
13497,ZDOM
12874,ZDOM
10335,ZDOM
10264,ZDOM
10396,ZDOM
11457,ZDOM
12821,ZDOM
11499,ZDOM
10290,ZDOM
13271,ZDOM
12805,ZDOM
10000,ZDOM
11452,ZDOM
13240,ZDOM
10001,ZDOM
13211,ZDOM
13666,ZDOM
11534,ZDOM
10422,ZDOM
13109,ZDOM
13497,ZDOM
10173,ZDOM
10138,ZDOM
12723,ZDOM
12730,ZDOM
11942,ZDOM
10361,ZDOM
12171,ZDOM
13165,ZDOM
10311,ZDOM
13168,ZDOM
13342,ZDOM
11881,ZDOM
12826,ZDOM
10331,ZDOM
11086,ZDOM
13102,ZDOM
11522,ZDOM
10287,ZDOM
10881,ZDOM
10147,ZDOM
12461,ZDOM
10599,ZDOM
10062,ZDOM
11498,ZDOM
10633,ZDOM
10115,ZDOM
10033,ZDOM
11009,ZDOM
13646,ZDOM
10382,ZDOM
11151,ZDOM
11417,ZDOM
10759,ZDOM
13312,ZDOM
12081,ZDOM
13254,ZDOM
13014,ZDOM
10206,ZDOM
12767,ZDOM
12979,ZDOM
11736,ZDOM
11578,ZDOM
11505,ZDOM
13166,ZDOM
10123,ZDOM
11215,ZDOM
10278,ZDOM
12728,ZDOM
10314,ZDOM
12895,ZDOM
13510,ZDOM
10210,ZDOM
12804,ZDOM
13433,ZDOM
10753,ZDOM
13498,ZDOM
12830,ZDOM
13185,ZDOM
13055,ZDOM
12645,ZDOM
13056,ZDOM
10467,ZDOM
13264,ZDOM
13053,ZDOM
13392,ZDOM
11781,ZDOM
11608,ZDOM
10595,ZDOM
11486,ZDOM
13241,ZDOM
13398,ZDOM
11444,ZDOM
11435,ZDOM
12905,ZDOM
10268,ZDOM
10971,ZDOM
12967,ZDOM
10427,ZDOM
10723,ZDOM
12725,ZDOM
11460,ZDOM
11888,ZDOM
13093,ZDOM
10076,ZDOM
12831,ZDOM
13493,ZDOM
10449,ZDOM
10443,ZDOM
10853,ZDOM
12540,ZDOM
11798,ZDOM
10002,ZDOM
12978,ZDOM
13567,ZDOM
11446,ZDOM
12761,ZDOM
12989,ZDOM
11549,ZDOM
12579,ZDOM
12919,ZDOM
13064,ZDOM
11640,ZDOM
13483,ZDOM
12675,ZDOM
10447,ZDOM
11112,ZDOM
11296,ZDOM
10310,ZDOM
12733,ZDOM
10902,ZDOM
13167,ZDOM
12768,ZDOM
10812,ZDOM
12121,ZDOM
11562,ZDOM
13693,ZDOM
13018,ZDOM
11492,ZDOM
11021,ZDOM
10339,ZDOM
11151,ZDOM
10002,ZDOM
12867,ZDOM
10940,ZDOM
13442,ZDOM
11262,ZDOM
10675,ZDOM
12891,ZDOM
10202,ZDOM
10591,ZDOM
12580,ZDOM
13336,ZDOM
11911,ZDOM
11707,ZDOM
10491,ZDOM
11132,ZDOM
13150,ZDOM
10268,ZDOM
13402,ZDOM
13208,ZDOM
10473,ZDOM
13624,ZDOM
10935,ZDOM
10690,ZDOM
13125,ZDOM
13041,ZDOM
10326,ZDOM
12734,ZDOM
10167,ZDOM
12626,ZDOM
10745,ZDOM
13105,ZDOM
11533,ZDOM
11480,ZDOM
11864,ZDOM
10836,ZDOM
11683,ZDOM
12788,ZDOM
13139,ZDOM
10862,ZDOM
12477,ZDOM
12846,ZDOM
10351,ZDOM
11587,ZDOM
10479,ZDOM
13250,ZDOM
13112,ZDOM
11287,ZDOM
13246,ZDOM
11881,ZDOM
10799,ZDOM
13366,ZDOM
12757,ZDOM
12452,ZDOM
11596,ZDOM
11261,ZDOM
13197,ZDOM
12081,ZDOM
12163,ZDOM
11543,ZDOM
11493,ZDOM
10677,ZDOM
12851,ZDOM
12532,ZDOM
10272,ZDOM
12905,ZDOM
10286,ZDOM
12749,ZDOM
11856,ZDOM
12953,ZDOM
11153,ZDOM
13251,ZDOM
10000,ZDOM
12638,ZDOM
11807,ZDOM
12752,ZDOM
13498,ZDOM
10665,ZDOM
13511,ZDOM
13249,ZDOM
10632,ZDOM
10403,ZDOM
10066,ZDOM
11263,ZDOM
11772,ZDOM
11266,ZDOM
10725,ZDOM
13004,ZDOM
12829,ZDOM
13213,ZDOM
13223,ZDOM
12966,ZDOM
10644,ZDOM
10928,ZDOM
11263,ZDOM
11444,ZDOM
10790,ZDOM
10225,ZDOM
11616,ZDOM
10361,ZDOM
13334,ZDOM
13210,ZDOM
12696,ZDOM
10997,ZDOM
10281,ZDOM
10111,ZDOM
10468,ZDOM
10937,ZDOM
13515,ZDOM
10017,ZDOM
13182,ZDOM
10347,ZDOM
10694,ZDOM
11478,ZDOM
10224,ZDOM
11612,ZDOM
11524,ZDOM
11031,ZDOM
12669,ZDOM
10290,ZDOM
10625,ZDOM
10649,ZDOM
12152,ZDOM
11736,ZDOM
10106,ZDOM
12817,ZDOM
12029,ZDOM
11914,ZDOM
12958,ZDOM
13222,ZDOM
11454,ZDOM
13343,ZDOM
12854,ZDOM
11453,ZDOM
13384,ZDOM
12786,ZDOM
10492,ZDOM
13062,ZDOM
12553,ZDOM
11371,ZDOM
12548,ZDOM
11920,ZDOM
13151,ZDOM
10320,ZDOM
12950,ZDOM
10118,ZDOM
11449,ZDOM
13032,ZDOM
11690,ZDOM
11510,ZDOM
11517,ZDOM
11887,ZDOM
12874,ZDOM
12900,ZDOM
10031,ZDOM
12955,ZDOM
11277,ZDOM
10177,ZDOM
11366,ZDOM
10881,ZDOM
10726,ZDOM
13383,ZDOM
11491,ZDOM
11366,ZDOM
12525,ZDOM
10102,ZDOM
10759,ZDOM
13397,ZDOM
12724,ZDOM
13241,ZDOM
11522,ZDOM
10449,ZDOM
13215,ZDOM
11458,ZDOM
13120,ZDOM
11500,ZDOM
12029,ZDOM
12669,ZDOM
13248,ZDOM
10654,ZDOM
12734,ZDOM
11798,ZDOM
12742,ZDOM
13397,ZDOM
10123,ZDOM
10771,ZDOM
12451,ZDOM
12805,ZDOM
13108,ZDOM
11841,ZDOM
10810,ZDOM
10281,ZDOM
10314,ZDOM
10456,ZDOM
11417,ZDOM
11009,ZDOM
13418,ZDOM
12676,ZDOM
10374,ZDOM
10911,ZDOM
12715,ZDOM
13141,ZDOM
12830,ZDOM
12869,ZDOM
10335,ZDOM
10519,ZDOM
13102,ZDOM
12711,ZDOM
10443,ZDOM
13254,ZDOM
13134,ZDOM
12029,ZDOM
10456,ZDOM
12958,ZDOM
10590,ZDOM
13073,ZDOM
10203,ZDOM
13074,ZDOM
10225,ZDOM
12729,ZDOM
10296,ZDOM
10319,ZDOM
10914,ZDOM
10051,ZDOM
13127,ZDOM
13238,ZDOM
10501,ZDOM
10690,ZDOM
10033,ZDOM
13106,ZDOM
11721,ZDOM
12681,ZDOM
10501,ZDOM
12782,ZDOM
10650,ZDOM
10163,ZDOM
12768,ZDOM
10443,ZDOM
10928,ZDOM
10000,ZDOM
10917,ZDOM
12831,ZDOM
10185,ZDOM
12967,ZDOM
10123,ZDOM
12725,ZDOM
11435,ZDOM
10679,ZDOM
10625,ZDOM
10720,ZDOM
11431,ZDOM
11216,ZDOM
12830,ZDOM
13182,ZDOM
10447,ZDOM
11206,ZDOM
12926,ZDOM
12911,ZDOM
10812,ZDOM
12895,ZDOM
11691,ZDOM
12847,ZDOM
10278,ZDOM
12871,ZDOM
10675,ZDOM
11451,ZDOM
13264,ZDOM
10740,ZDOM
13222,ZDOM
13334,ZDOM
11794,ZDOM
12905,ZDOM
12729,ZDOM
11612,ZDOM
11957,ZDOM
11468,ZDOM
11920,ZDOM
13408,ZDOM
10367,ZDOM
13042,ZDOM
13496,ZDOM
10769,ZDOM
10257,ZDOM
13139,ZDOM
13790,ZDOM
10595,ZDOM
12920,ZDOM
13214,ZDOM
11336,ZDOM
11443,ZDOM
11487,ZDOM
12430,ZDOM
11914,ZDOM
10649,ZDOM
10509,ZDOM
10382,ZDOM
12163,ZDOM
12461,ZDOM
12938,ZDOM
13433,ZDOM
12645,ZDOM
11838,ZDOM
13049,ZDOM
13498,ZDOM
10138,ZDOM
10448,ZDOM
12624,ZDOM
10835,ZDOM
12991,ZDOM
12728,ZDOM
12979,ZDOM
11296,ZDOM
12171,ZDOM
10285,ZDOM
11322,ZDOM
13165,ZDOM
13068,ZDOM
11469,ZDOM
12829,ZDOM
12826,ZDOM
10290,ZDOM
11046,ZDOM
13263,ZDOM
13243,ZDOM
10420,ZDOM
11521,ZDOM
13666,ZDOM
10177,ZDOM
11460,ZDOM
11445,ZDOM
13109,ZDOM
12666,ZDOM
10208,ZDOM
10963,ZDOM
11478,ZDOM
12767,ZDOM
11534,ZDOM
10653,ZDOM
10268,ZDOM
13143,ZDOM
13113,ZDOM
10584,ZDOM
10947,ZDOM
10017,ZDOM
11177,ZDOM
10690,ZDOM
13072,ZDOM
13482,ZDOM
11959,ZDOM
13253,ZDOM
13166,ZDOM
12852,ZDOM
10202,ZDOM
13226,ZDOM
11638,ZDOM
12257,ZDOM
11562,ZDOM
12692,ZDOM
10633,ZDOM
12093,ZDOM
13246,ZDOM
12080,ZDOM
10373,ZDOM
10422,ZDOM
13209,ZDOM
12532,ZDOM
13003,ZDOM
11888,ZDOM
13006,ZDOM
12313,ZDOM
11499,ZDOM
11132,ZDOM
12271,ZDOM
11887,ZDOM
10373,ZDOM
13266,ZDOM
12752,ZDOM
13064,ZDOM
10705,ZDOM
12628,ZDOM
10047,ZDOM
10947,ZDOM
11736,ZDOM
13271,ZDOM
13212,ZDOM
11941,ZDOM
10401,ZDOM
12733,ZDOM
13063,ZDOM
12191,ZDOM
12956,ZDOM
12729,ZDOM
11608,ZDOM
10971,ZDOM
13019,ZDOM
11959,ZDOM
10853,ZDOM
12452,ZDOM
12237,ZDOM
10769,ZDOM
10361,ZDOM
12926,ZDOM
11447,ZDOM
13398,ZDOM
12914,ZDOM
12730,ZDOM
13055,ZDOM
13098,ZDOM
12851,ZDOM
11530,ZDOM
10147,ZDOM
13250,ZDOM
12766,ZDOM
12083,ZDOM
11578,ZDOM
11452,ZDOM
13067,ZDOM
11215,ZDOM
11664,ZDOM
10694,ZDOM
10467,ZDOM
13599,ZDOM
11277,ZDOM
11415,ZDOM
13071,ZDOM
11437,ZDOM
12937,ZDOM
13093,ZDOM
12766,ZDOM
10210,ZDOM
10912,ZDOM
10187,ZDOM
10349,ZDOM
12395,ZDOM
10257,ZDOM
10881,ZDOM
13342,ZDOM
10729,ZDOM
10993,ZDOM
10145,ZDOM
13029,ZDOM
12897,ZDOM
13565,ZDOM
12094,ZDOM
11943,ZDOM
10654,ZDOM
11493,ZDOM
10017,ZDOM
10832,ZDOM
11332,ZDOM
10000,ZDOM
13249,ZDOM
12066,ZDOM
10219,ZDOM
11836,ZDOM
12761,ZDOM
13185,ZDOM
10829,ZDOM
13211,ZDOM
11470,ZDOM
12767,ZDOM
10309,ZDOM
13396,ZDOM
10310,ZDOM
13238,ZDOM
11371,ZDOM
10727,ZDOM
10595,ZDOM
10206,ZDOM
13563,ZDOM
10111,ZDOM
12735,ZDOM
12881,ZDOM
13146,ZDOM
10804,ZDOM
12733,ZDOM
10863,ZDOM
13392,ZDOM
12900,ZDOM
12172,ZDOM
11031,ZDOM
10289,ZDOM
13032,ZDOM
10317,ZDOM
12805,ZDOM
10449,ZDOM
10194,ZDOM
10835,ZDOM
12029,ZDOM
10377,ZDOM
11683,ZDOM
11262,ZDOM
13056,ZDOM
13586,ZDOM
11857,ZDOM
13727,ZDOM
10863,ZDOM
12675,ZDOM
11449,ZDOM
11268,ZDOM
11596,ZDOM
10368,ZDOM
11543,ZDOM
13014,ZDOM
12536,ZDOM
10589,ZDOM
13135,ZDOM
13047,ZDOM
10432,ZDOM
11498,ZDOM
12297,ZDOM
11457,ZDOM
10351,ZDOM
10862,ZDOM
12638,ZDOM
11514,ZDOM
11862,ZDOM
12081,ZDOM
10062,ZDOM
11446,ZDOM
12854,ZDOM
10725,ZDOM
12171,ZDOM
10759,ZDOM
10490,ZDOM
11454,ZDOM
13493,ZDOM
13017,ZDOM
10863,ZDOM
11417,ZDOM
12728,ZDOM
10492,ZDOM
10279,ZDOM
13192,ZDOM
11486,ZDOM
12820,ZDOM
11809,ZDOM
12990,ZDOM
10816,ZDOM
12591,ZDOM
10422,ZDOM
12303,ZDOM
10185,ZDOM
10721,ZDOM
13165,ZDOM
13511,ZDOM
12452,ZDOM
10670,ZDOM
11482,ZDOM
10162,ZDOM
12821,ZDOM
13214,ZDOM
12949,ZDOM
13207,ZDOM
13247,ZDOM
10591,ZDOM
10720,ZDOM
10322,ZDOM
13052,ZDOM
13178,ZDOM
12895,ZDOM
10375,ZDOM
11452,ZDOM
11266,ZDOM
12936,ZDOM
13245,ZDOM
10495,ZDOM
12302,ZDOM
11963,ZDOM
10223,ZDOM
13645,ZDOM
11362,ZDOM
10287,ZDOM
10118,ZDOM
13151,ZDOM
13182,ZDOM
11416,ZDOM
12722,ZDOM
13693,ZDOM
11432,ZDOM
10665,ZDOM
13213,ZDOM
11601,ZDOM
10468,ZDOM
12674,ZDOM
10761,ZDOM
13107,ZDOM
10326,ZDOM
10902,ZDOM
13004,ZDOM
12939,ZDOM
11865,ZDOM
11421,ZDOM
10995,ZDOM
11843,ZDOM
13226,ZDOM
10403,ZDOM
12979,ZDOM
10202,ZDOM
12430,ZDOM
10495,ZDOM
12171,ZDOM
12881,ZDOM
12788,ZDOM
11261,ZDOM
11587,ZDOM
12692,ZDOM
12548,ZDOM
10727,ZDOM
11638,ZDOM
10914,ZDOM
12766,ZDOM
10264,ZDOM
13105,ZDOM
12734,ZDOM
13093,ZDOM
10361,ZDOM
10753,ZDOM
13482,ZDOM
10653,ZDOM
13392,ZDOM
12829,ZDOM
11009,ZDOM
13067,ZDOM
13397,ZDOM
12749,ZDOM
13174,ZDOM
13150,ZDOM
12628,ZDOM
11534,ZDOM
12914,ZDOM
11501,ZDOM
12927,ZDOM
12571,ZDOM
12681,ZDOM
13250,ZDOM
13042,ZDOM
12827,ZDOM
11446,ZDOM
10317,ZDOM
12782,ZDOM
13248,ZDOM
10310,ZDOM
13418,ZDOM
11263,ZDOM
11578,ZDOM
10769,ZDOM
12953,ZDOM
12674,ZDOM
11510,ZDOM
11881,ZDOM
10443,ZDOM
11460,ZDOM
11683,ZDOM
10163,ZDOM
13061,ZDOM
13148,ZDOM
11362,ZDOM
11759,ZDOM
10940,ZDOM
12313,ZDOM
11500,ZDOM
10736,ZDOM
12938,ZDOM
13108,ZDOM
10590,ZDOM
11177,ZDOM
11736,ZDOM
12730,ZDOM
10377,ZDOM
10725,ZDOM
12686,ZDOM
13366,ZDOM
13165,ZDOM
11478,ZDOM
13115,ZDOM
10812,ZDOM
12757,ZDOM
10223,ZDOM
13213,ZDOM
10467,ZDOM
12911,ZDOM
12724,ZDOM
11216,ZDOM
11664,ZDOM
12644,ZDOM
12815,ZDOM
13102,ZDOM
11412,ZDOM
11417,ZDOM
13511,ZDOM
10351,ZDOM
12638,ZDOM
10370,ZDOM
12532,ZDOM
11366,ZDOM
13254,ZDOM
12477,ZDOM
11856,ZDOM
11543,ZDOM
11454,ZDOM
12083,ZDOM
11608,ZDOM
12723,ZDOM
12768,ZDOM
13106,ZDOM
10456,ZDOM
11843,ZDOM
13063,ZDOM
13105,ZDOM
13109,ZDOM
10401,ZDOM
13140,ZDOM
10173,ZDOM
10911,ZDOM
11412,ZDOM
10670,ZDOM
13646,ZDOM
10177,ZDOM
10115,ZDOM
10633,ZDOM
10311,ZDOM
10917,ZDOM
10062,ZDOM
12674,ZDOM
11452,ZDOM
13225,ZDOM
13032,ZDOM
13003,ZDOM
12766,ZDOM
12721,ZDOM
13141,ZDOM
11415,ZDOM
11021,ZDOM
10997,ZDOM
10388,ZDOM
12991,ZDOM
11417,ZDOM
10650,ZDOM
13496,ZDOM
12237,ZDOM
11707,ZDOM
12715,ZDOM
10519,ZDOM
12958,ZDOM
12591,ZDOM
11530,ZDOM
13018,ZDOM
10118,ZDOM
11277,ZDOM
10492,ZDOM
13182,ZDOM
12802,ZDOM
10501,ZDOM
13151,ZDOM
13139,ZDOM
11857,ZDOM
11486,ZDOM
12580,ZDOM
11153,ZDOM
11416,ZDOM
10835,ZDOM
10125,ZDOM
12822,ZDOM
10194,ZDOM
12791,ZDOM
11959,ZDOM
10452,ZDOM
13048,ZDOM
13174,ZDOM
11362,ZDOM
12926,ZDOM
11262,ZDOM
13342,ZDOM
12936,ZDOM
10367,ZDOM
10834,ZDOM
12281,ZDOM
13182,ZDOM
13052,ZDOM
10309,ZDOM
12967,ZDOM
11487,ZDOM
13244,ZDOM
10347,ZDOM
10000,ZDOM
10268,ZDOM
13049,ZDOM
11508,ZDOM
12846,ZDOM
13062,ZDOM
10279,ZDOM
12579,ZDOM
12696,ZDOM
12965,ZDOM
12955,ZDOM
10863,ZDOM
10928,ZDOM
10076,ZDOM
12735,ZDOM
12093,ZDOM
10281,ZDOM
12226,ZDOM
10721,ZDOM
13167,ZDOM
11578,ZDOM
11463,ZDOM
10584,ZDOM
13246,ZDOM
11691,ZDOM
12964,ZDOM
12729,ZDOM
11914,ZDOM
11457,ZDOM
10382,ZDOM
12966,ZDOM
13036,ZDOM
13029,ZDOM
13563,ZDOM
10319,ZDOM
12303,ZDOM
10863,ZDOM
12724,ZDOM
13492,ZDOM
12722,ZDOM
12540,ZDOM
11726,ZDOM
13213,ZDOM
11726,ZDOM
10491,ZDOM
13249,ZDOM
13412,ZDOM
11692,ZDOM
11449,ZDOM
12905,ZDOM
12891,ZDOM
10290,ZDOM
10690,ZDOM
10740,ZDOM
11447,ZDOM
12711,ZDOM
12891,ZDOM
10420,ZDOM
13014,ZDOM
12728,ZDOM
13442,ZDOM
12821,ZDOM
12864,ZDOM
11640,ZDOM
12081,ZDOM
10449,ZDOM
12901,ZDOM
10862,ZDOM
10799,ZDOM
13243,ZDOM
12525,ZDOM
13178,ZDOM
13068,ZDOM
11690,ZDOM
12965,ZDOM
13244,ZDOM
12066,ZDOM
11533,ZDOM
10759,ZDOM
11549,ZDOM
11136,ZDOM
11862,ZDOM
13071,ZDOM
11941,ZDOM
12675,ZDOM
10863,ZDOM
12580,ZDOM
12313,ZDOM
11587,ZDOM
13392,ZDOM
12767,ZDOM
13107,ZDOM
11004,ZDOM
10790,ZDOM
10690,ZDOM
13166,ZDOM
12640,ZDOM
12302,ZDOM
13215,ZDOM
12826,ZDOM
13263,ZDOM
11151,ZDOM
13790,ZDOM
10769,ZDOM
13143,ZDOM
11809,ZDOM
11942,ZDOM
10066,ZDOM
13207,ZDOM
12761,ZDOM
11004,ZDOM
10147,ZDOM
12804,ZDOM
11841,ZDOM
11772,ZDOM
13398,ZDOM
13498,ZDOM
12817,ZDOM
13384,ZDOM
10000,ZDOM
11517,ZDOM
11458,ZDOM
13125,ZDOM
13208,ZDOM
10881,ZDOM
11470,ZDOM
10102,ZDOM
10501,ZDOM
10272,ZDOM
11371,ZDOM
11957,ZDOM
13456,ZDOM
11208,ZDOM
12732,ZDOM
12924,ZDOM
12453,ZDOM
12786,ZDOM
12029,ZDOM
12081,ZDOM
10225,ZDOM
12624,ZDOM
10858,ZDOM
13568,ZDOM
10123,ZDOM
12915,ZDOM
12536,ZDOM
13343,ZDOM
13006,ZDOM
10164,ZDOM
13062,ZDOM
13510,ZDOM
10427,ZDOM
10810,ZDOM
11336,ZDOM
10675,ZDOM
13599,ZDOM
13146,ZDOM
11486,ZDOM
11009,ZDOM
10310,ZDOM
13456,ZDOM
13036,ZDOM
12924,ZDOM
12093,ZDOM
10225,ZDOM
10194,ZDOM
12829,ZDOM
10940,ZDOM
10492,ZDOM
13208,ZDOM
10653,ZDOM
11759,ZDOM
11517,ZDOM
12580,ZDOM
13151,ZDOM
11942,ZDOM
10377,ZDOM
13498,ZDOM
13244,ZDOM
11457,ZDOM
13113,ZDOM
10361,ZDOM
10125,ZDOM
12821,ZDOM
10422,ZDOM
13511,ZDOM
12083,ZDOM
11011,ZDOM
13178,ZDOM
13052,ZDOM
10449,ZDOM
10309,ZDOM
10810,ZDOM
12967,ZDOM
10675,ZDOM
13250,ZDOM
10374,ZDOM
12461,ZDOM
12066,ZDOM
13105,ZDOM
12874,ZDOM
13412,ZDOM
11416,ZDOM
12271,ZDOM
13071,ZDOM
13139,ZDOM
10118,ZDOM
10863,ZDOM
12686,ZDOM
13115,ZDOM
10138,ZDOM
13068,ZDOM
10456,ZDOM
11458,ZDOM
12953,ZDOM
11362,ZDOM
12991,ZDOM
13342,ZDOM
11445,ZDOM
10769,ZDOM
11371,ZDOM
10264,ZDOM
12721,ZDOM
10163,ZDOM
10720,ZDOM
12920,ZDOM
11530,ZDOM
10804,ZDOM
12591,ZDOM
10066,ZDOM
10164,ZDOM
13174,ZDOM
13003,ZDOM
10017,ZDOM
12548,ZDOM
10863,ZDOM
10761,ZDOM
11587,ZDOM
11443,ZDOM
13042,ZDOM
11736,ZDOM
12766,ZDOM
13213,ZDOM
11881,ZDOM
12956,ZDOM
13510,ZDOM
11417,ZDOM
10858,ZDOM
12913,ZDOM
11216,ZDOM
12171,ZDOM
13063,ZDOM
13249,ZDOM
13418,ZDOM
13048,ZDOM
12681,ZDOM
11692,ZDOM
12081,ZDOM
10650,ZDOM
12846,ZDOM
13109,ZDOM
10268,ZDOM
10279,ZDOM
10917,ZDOM
10347,ZDOM
10290,ZDOM
10759,ZDOM
13565,ZDOM
13211,ZDOM
11807,ZDOM
12897,ZDOM
13140,ZDOM
12782,ZDOM
13496,ZDOM
12788,ZDOM
12964,ZDOM
13254,ZDOM
11941,ZDOM
11549,ZDOM
12152,ZDOM
10202,ZDOM
11432,ZDOM
12817,ZDOM
11501,ZDOM
13492,ZDOM
11454,ZDOM
13127,ZDOM
12536,ZDOM
11415,ZDOM
13568,ZDOM
10147,ZDOM
12867,ZDOM
10503,ZDOM
13062,ZDOM
10351,ZDOM
11132,ZDOM
11856,ZDOM
13166,ZDOM
10519,ZDOM
11836,ZDOM
10740,ZDOM
12723,ZDOM
11726,ZDOM
10420,ZDOM
10335,ZDOM
11578,ZDOM
10725,ZDOM
11447,ZDOM
10000,ZDOM
11857,ZDOM
10790,ZDOM
13061,ZDOM
12711,ZDOM
12674,ZDOM
10812,ZDOM
11336,ZDOM
12081,ZDOM
13225,ZDOM
10076,ZDOM
12313,ZDOM
12999,ZDOM
10590,ZDOM
11177,ZDOM
13336,ZDOM
12722,ZDOM
12915,ZDOM
13343,ZDOM
10281,ZDOM
13512,ZDOM
12430,ZDOM
13586,ZDOM
12628,ZDOM
10427,ZDOM
12881,ZDOM
12955,ZDOM
13563,ZDOM
11691,ZDOM
13497,ZDOM
11136,ZDOM
12742,ZDOM
12989,ZDOM
10111,ZDOM
11587,ZDOM
12724,ZDOM
11638,ZDOM
13238,ZDOM
11021,ZDOM
10509,ZDOM
10388,ZDOM
13482,ZDOM
12696,ZDOM
13067,ZDOM
12989,ZDOM
12767,ZDOM
10928,ZDOM
12735,ZDOM
10344,ZDOM
13148,ZDOM
11533,ZDOM
10881,ZDOM
12965,ZDOM
12666,ZDOM
13105,ZDOM
12237,ZDOM
13049,ZDOM
13493,ZDOM
12949,ZDOM
12579,ZDOM
11021,ZDOM
13599,ZDOM
10832,ZDOM
12914,ZDOM
12927,ZDOM
12571,ZDOM
10317,ZDOM
10185,ZDOM
13243,ZDOM
12815,ZDOM
11499,ZDOM
13055,ZDOM
10062,ZDOM
10690,ZDOM
10210,ZDOM
10102,ZDOM
13146,ZDOM
13511,ZDOM
10373,ZDOM
11957,ZDOM
11640,ZDOM
10829,ZDOM
10331,ZDOM
13098,ZDOM
10654,ZDOM
10319,ZDOM
12901,ZDOM
10727,ZDOM
11460,ZDOM
13125,ZDOM
12080,ZDOM
12786,ZDOM
11608,ZDOM
11534,ZDOM
11366,ZDOM
12553,ZDOM
11521,ZDOM
10177,ZDOM
13215,ZDOM
11798,ZDOM
12804,ZDOM
10370,ZDOM
13108,ZDOM
13392,ZDOM
10224,ZDOM
12715,ZDOM
11478,ZDOM
13102,ZDOM
11809,ZDOM
11963,ZDOM
13790,ZDOM
12451,ZDOM
13017,ZDOM
10834,ZDOM
11215,ZDOM
11508,ZDOM
11151,ZDOM
13266,ZDOM
10911,ZDOM
11469,ZDOM
12852,ZDOM
12640,ZDOM
10835,ZDOM
13106,ZDOM
11004,ZDOM
11262,ZDOM
10296,ZDOM
11332,ZDOM
12728,ZDOM
10314,ZDOM
10344,ZDOM
13420,ZDOM
11867,ZDOM
12675,ZDOM
12891,ZDOM
10644,ZDOM
11943,ZDOM
13014,ZDOM
13384,ZDOM
13384,ZDOM
13398,ZDOM
11470,ZDOM
10123,ZDOM
13158,ZDOM
11444,ZDOM
12730,ZDOM
12864,ZDOM
13036,ZDOM
12761,ZDOM
13070,ZDOM
13397,ZDOM
10649,ZDOM
12766,ZDOM
13246,ZDOM
13366,ZDOM
13182,ZDOM
10863,ZDOM
11772,ZDOM
10311,ZDOM
11153,ZDOM
13212,ZDOM
10670,ZDOM
13646,ZDOM
11726,ZDOM
11449,ZDOM
11914,ZDOM
10625,ZDOM
12958,ZDOM
12768,ZDOM
11004,ZDOM
12281,ZDOM
11690,ZDOM
12729,ZDOM
10495,ZDOM
11510,ZDOM
10401,ZDOM
12674,ZDOM
11446,ZDOM
10745,ZDOM
12081,ZDOM
10491,ZDOM
11491,ZDOM
12950,ZDOM
12926,ZDOM
10937,ZDOM
13139,ZDOM
12313,ZDOM
12318,ZDOM
12580,ZDOM
12757,ZDOM
11534,ZDOM
10997,ZDOM
10862,ZDOM
13442,ZDOM
12729,ZDOM
12802,ZDOM
12734,ZDOM
10501,ZDOM
13392,ZDOM
13241,ZDOM
10490,ZDOM
12303,ZDOM
10633,ZDOM
12965,ZDOM
12938,ZDOM
11781,ZDOM
10443,ZDOM
10031,ZDOM
11031,ZDOM
13174,ZDOM
10219,ZDOM
11578,ZDOM
10448,ZDOM
10721,ZDOM
11208,ZDOM
10940,ZDOM
11336,ZDOM
10584,ZDOM
10753,ZDOM
10000,ZDOM
13143,ZDOM
13213,ZDOM
13182,ZDOM
10654,ZDOM
11261,ZDOM
10185,ZDOM
12540,ZDOM
12640,ZDOM
11263,ZDOM
12624,ZDOM
13244,ZDOM
13165,ZDOM
10467,ZDOM
11664,ZDOM
13207,ZDOM
13150,ZDOM
11841,ZDOM
11009,ZDOM
13248,ZDOM
12822,ZDOM
10591,ZDOM
12881,ZDOM
10367,ZDOM
11690,ZDOM
13251,ZDOM
12453,ZDOM
13208,ZDOM
13125,ZDOM
13442,ZDOM
10427,ZDOM
13384,ZDOM
13247,ZDOM
13398,ZDOM
12788,ZDOM
12881,ZDOM
12817,ZDOM
10351,ZDOM
12804,ZDOM
10066,ZDOM
13143,ZDOM
12172,ZDOM
11277,ZDOM
13384,ZDOM
11417,ZDOM
12757,ZDOM
11578,ZDOM
13241,ZDOM
12924,ZDOM
11501,ZDOM
10863,ZDOM
10769,ZDOM
10881,ZDOM
13004,ZDOM
13496,ZDOM
11454,ZDOM
13264,ZDOM
10382,ZDOM
13498,ZDOM
13645,ZDOM
13032,ZDOM
12152,ZDOM
12715,ZDOM
12580,ZDOM
10490,ZDOM
11478,ZDOM
10187,ZDOM
13397,ZDOM
11514,ZDOM
10102,ZDOM
12692,ZDOM
12761,ZDOM
13249,ZDOM
11287,ZDOM
10224,ZDOM
13248,ZDOM
13246,ZDOM
10279,ZDOM
12936,ZDOM
12905,ZDOM
10076,ZDOM
12826,ZDOM
11362,ZDOM
13250,ZDOM
12696,ZDOM
10310,ZDOM
10834,ZDOM
13251,ZDOM
13482,ZDOM
10287,ZDOM
10467,ZDOM
11718,ZDOM
11443,ZDOM
11772,ZDOM
11415,ZDOM
12782,ZDOM
12461,ZDOM
10432,ZDOM
11499,ZDOM
11262,ZDOM
13657,ZDOM
11857,ZDOM
11483,ZDOM
10862,ZDOM
10670,ZDOM
10726,ZDOM
11498,ZDOM
11843,ZDOM
10502,ZDOM
12430,ZDOM
10167,ZDOM
10373,ZDOM
11943,ZDOM
10196,ZDOM
12638,ZDOM
12318,ZDOM
12532,ZDOM
11759,ZDOM
13334,ZDOM
12083,ZDOM
13336,ZDOM
13244,ZDOM
13250,ZDOM
11608,ZDOM
11151,ZDOM
10309,ZDOM
11888,ZDOM
12950,ZDOM
11112,ZDOM
13790,ZDOM
10835,ZDOM
11453,ZDOM
11470,ZDOM
13263,ZDOM
13108,ZDOM
11521,ZDOM
10736,ZDOM
11449,ZDOM
10264,ZDOM
12999,ZDOM
10280,ZDOM
12540,ZDOM
11177,ZDOM
13412,ZDOM
13565,ZDOM
12913,ZDOM
12237,ZDOM
11366,ZDOM
12281,ZDOM
13029,ZDOM
10047,ZDOM
10285,ZDOM
13106,ZDOM
13271,ZDOM
12081,ZDOM
11690,ZDOM
11517,ZDOM
12752,ZDOM
11690,ZDOM
10361,ZDOM
11153,ZDOM
10062,ZDOM
10492,ZDOM
11692,ZDOM
13115,ZDOM
12624,ZDOM
12171,ZDOM
13646,ZDOM
11215,ZDOM
11838,ZDOM
11371,ZDOM
13492,ZDOM
11021,ZDOM
10272,ZDOM
10115,ZDOM
10286,ZDOM
10956,ZDOM
10326,ZDOM
12303,ZDOM
10911,ZDOM
10000,ZDOM
11206,ZDOM
12915,ZDOM
11530,ZDOM
13336,ZDOM
10937,ZDOM
12786,ZDOM
10863,ZDOM
12749,ZDOM
10832,ZDOM
10125,ZDOM
13071,ZDOM
13207,ZDOM
11008,ZDOM
12066,ZDOM
10277,ZDOM
10328,ZDOM
11707,ZDOM
12451,ZDOM
11549,ZDOM
11911,ZDOM
13497,ZDOM
10173,ZDOM
10447,ZDOM
11136,ZDOM
11772,ZDOM
12966,ZDOM
12989,ZDOM
12644,ZDOM
10449,ZDOM
12029,ZDOM
12822,ZDOM
12644,ZDOM
12548,ZDOM
10225,ZDOM
11865,ZDOM
10452,ZDOM
10727,ZDOM
10268,ZDOM
10479,ZDOM
11633,ZDOM
10591,ZDOM
10118,ZDOM
11031,ZDOM
11640,ZDOM
10540,ZDOM
12958,ZDOM
10401,ZDOM
11959,ZDOM
10202,ZDOM
10223,ZDOM
13244,ZDOM
10219,ZDOM
10914,ZDOM
10836,ZDOM
13223,ZDOM
10745,ZDOM
12724,ZDOM
10202,ZDOM
10320,ZDOM
11046,ZDOM
13036,ZDOM
13456,ZDOM
13022,ZDOM
13151,ZDOM
11277,ZDOM
12302,ZDOM
13041,ZDOM
10367,ZDOM
13168,ZDOM
12536,ZDOM
13645,ZDOM
11862,ZDOM
13018,ZDOM
13158,ZDOM
12846,ZDOM
13049,ZDOM
13210,ZDOM
11726,ZDOM
13707,ZDOM
12766,ZDOM
10396,ZDOM
10928,ZDOM
10675,ZDOM
12897,ZDOM
12815,ZDOM
10690,ZDOM
13109,ZDOM
11482,ZDOM
11491,ZDOM
13408,ZDOM
11792,ZDOM
10799,ZDOM
12864,ZDOM
12721,ZDOM
12895,ZDOM
13167,ZDOM
12645,ZDOM
13624,ZDOM
12686,ZDOM
10790,ZDOM
12257,ZDOM
11412,ZDOM
10290,ZDOM
10721,ZDOM
11664,ZDOM
10569,ZDOM
10164,ZDOM
11437,ZDOM
13226,ZDOM
13567,ZDOM
11332,ZDOM
12722,ZDOM
13105,ZDOM
13068,ZDOM
12726,ZDOM
13135,ZDOM
11009,ZDOM
11683,ZDOM
12847,ZDOM
13115,ZDOM
13666,ZDOM
13586,ZDOM
12732,ZDOM
10812,ZDOM
11505,ZDOM
10584,ZDOM
11207,ZDOM
10339,ZDOM
12297,ZDOM
10491,ZDOM
10057,ZDOM
10468,ZDOM
12802,ZDOM
12579,ZDOM
10940,ZDOM
12829,ZDOM
10320,ZDOM
13211,ZDOM
11856,ZDOM
13174,ZDOM
11263,ZDOM
12965,ZDOM
10001,ZDOM
10173,ZDOM
12663,ZDOM
13213,ZDOM
10373,ZDOM
11781,ZDOM
13511,ZDOM
12453,ZDOM
12955,ZDOM
11492,ZDOM
10725,ZDOM
12226,ZDOM
10177,ZDOM
13342,ZDOM
13148,ZDOM
13563,ZDOM
12591,ZDOM
11322,ZDOM
12711,ZDOM
10403,ZDOM
13070,ZDOM
13243,ZDOM
10677,ZDOM
11457,ZDOM
11296,ZDOM
11261,ZDOM
11612,ZDOM
12827,ZDOM
12953,ZDOM
10374,ZDOM
10311,ZDOM
11486,ZDOM
12851,ZDOM
13392,ZDOM
11517,ZDOM
10089,ZDOM
13120,ZDOM
12628,ZDOM
10155,ZDOM
12927,ZDOM
12452,ZDOM
11596,ZDOM
12874,ZDOM
12271,ZDOM
11336,ZDOM
13062,ZDOM
12937,ZDOM
11493,ZDOM
10694,ZDOM
13067,ZDOM
12640,ZDOM
10816,ZDOM
12734,ZDOM
13093,ZDOM
11864,ZDOM
11942,ZDOM
10503,ZDOM
12964,ZDOM
13433,ZDOM
10370,ZDOM
12891,ZDOM
11412,ZDOM
11841,ZDOM
10720,ZDOM
12313,ZDOM
10017,ZDOM
12138,ZDOM
10632,ZDOM
12867,ZDOM
10812,ZDOM
12983,ZDOM
13343,ZDOM
10177,ZDOM
13099,ZDOM
11971,ZDOM
10389,ZDOM
13166,ZDOM
12891,ZDOM
12020,ZDOM
13014,ZDOM
10753,ZDOM
13014,ZDOM
11086,ZDOM
11914,ZDOM
13055,ZDOM
13418,ZDOM
13048,ZDOM
12967,ZDOM
13052,ZDOM
11500,ZDOM
11132,ZDOM
10138,ZDOM
11736,ZDOM
13061,ZDOM
10997,ZDOM
10653,ZDOM
10194,ZDOM
10422,ZDOM
12805,ZDOM
10625,ZDOM
10281,ZDOM
11216,ZDOM
12766,ZDOM
12802,ZDOM
12964,ZDOM
10377,ZDOM
10331,ZDOM
10347,ZDOM
12821,ZDOM
10368,ZDOM
11112,ZDOM
12732,ZDOM
11287,ZDOM
12964,ZDOM
11499,ZDOM
10675,ZDOM
12847,ZDOM
12675,ZDOM
12757,ZDOM
10812,ZDOM
11261,ZDOM
11683,ZDOM
12786,ZDOM
12822,ZDOM
11208,ZDOM
13646,ZDOM
11865,ZDOM
13115,ZDOM
10467,ZDOM
11454,ZDOM
10653,ZDOM
11447,ZDOM
13167,ZDOM
11759,ZDOM
12867,ZDOM
10194,ZDOM
10310,ZDOM
10062,ZDOM
11046,ZDOM
12171,ZDOM
11132,ZDOM
10836,ZDOM
10694,ZDOM
13168,ZDOM
13108,ZDOM
10377,ZDOM
11031,ZDOM
10812,ZDOM
11206,ZDOM
13482,ZDOM
10492,ZDOM
10863,ZDOM
10000,ZDOM
10196,ZDOM
13251,ZDOM
13109,ZDOM
13062,ZDOM
11480,ZDOM
11021,ZDOM
11464,ZDOM
11862,ZDOM
13183,ZDOM
10753,ZDOM
13134,ZDOM
12640,ZDOM
12768,ZDOM
12628,ZDOM
10280,ZDOM
11487,ZDOM
12532,ZDOM
13250,ZDOM
11009,ZDOM
12955,ZDOM
12083,ZDOM
12624,ZDOM
12686,ZDOM
12953,ZDOM
13412,ZDOM
10224,ZDOM
11736,ZDOM
10502,ZDOM
11596,ZDOM
12152,ZDOM
12692,ZDOM
10490,ZDOM
10047,ZDOM
12226,ZDOM
13493,ZDOM
10584,ZDOM
13014,ZDOM
12817,ZDOM
11943,ZDOM
13036,ZDOM
10881,ZDOM
13071,ZDOM
12644,ZDOM
10790,ZDOM
13223,ZDOM
11608,ZDOM
13250,ZDOM
13398,ZDOM
10452,ZDOM
10740,ZDOM
12851,ZDOM
10123,ZDOM
12822,ZDOM
13184,ZDOM
12451,ZDOM
13397,ZDOM
11501,ZDOM
10679,ZDOM
12891,ZDOM
12395,ZDOM
11549,ZDOM
10089,ZDOM
10727,ZDOM
11277,ZDOM
13693,ZDOM
12900,ZDOM
10285,ZDOM
10677,ZDOM
10670,ZDOM
12726,ZDOM
12644,ZDOM
12540,ZDOM
10665,ZDOM
11638,ZDOM
12802,ZDOM
10374,ZDOM
10422,ZDOM
12999,ZDOM
12864,ZDOM
13029,ZDOM
11277,ZDOM
13247,ZDOM
12020,ZDOM
13210,ZDOM
10569,ZDOM
10000,ZDOM
12692,ZDOM
10173,ZDOM
12081,ZDOM
10210,ZDOM
13099,ZDOM
13312,ZDOM
10031,ZDOM
11332,ZDOM
10690,ZDOM
11881,ZDOM
13115,ZDOM
12237,ZDOM
10347,ZDOM
12452,ZDOM
12966,ZDOM
10320,ZDOM
10509,ZDOM
13244,ZDOM
12579,ZDOM
12761,ZDOM
10264,ZDOM
10721,ZDOM
11500,ZDOM
13342,ZDOM
12696,ZDOM
13563,ZDOM
10403,ZDOM
12905,ZDOM
10279,ZDOM
12958,ZDOM
11510,ZDOM
13366,ZDOM
11562,ZDOM
12901,ZDOM
10277,ZDOM
12826,ZDOM
11856,ZDOM
12477,ZDOM
13271,ZDOM
10590,ZDOM
10804,ZDOM
12297,ZDOM
13185,ZDOM
10862,ZDOM
11262,ZDOM
12066,ZDOM
12453,ZDOM
12626,ZDOM
12900,ZDOM
10335,ZDOM
11772,ZDOM
11492,ZDOM
11867,ZDOM
12638,ZDOM
13248,ZDOM
12895,ZDOM
12540,ZDOM
13032,ZDOM
13070,ZDOM
13442,ZDOM
11971,ZDOM
10290,ZDOM
11486,ZDOM
10914,ZDOM
13264,ZDOM
13241,ZDOM
12313,ZDOM
12965,ZDOM
12927,ZDOM
12752,ZDOM
10351,ZDOM
11478,ZDOM
10835,ZDOM
10125,ZDOM
11153,ZDOM
10632,ZDOM
11707,ZDOM
11215,ZDOM
12430,ZDOM
10799,ZDOM
10225,ZDOM
10185,ZDOM
11493,ZDOM
11457,ZDOM
10115,ZDOM
13492,ZDOM
11498,ZDOM
11086,ZDOM
12281,ZDOM
13014,ZDOM
12821,ZDOM
10331,ZDOM
13211,ZDOM
10368,ZDOM
13166,ZDOM
10745,ZDOM
10389,ZDOM
11417,ZDOM
10164,ZDOM
11857,ZDOM
11415,ZDOM
12967,ZDOM
11914,ZDOM
11838,ZDOM
13055,ZDOM
12989,ZDOM
12881,ZDOM
12624,ZDOM
11664,ZDOM
10219,ZDOM
10761,ZDOM
12851,ZDOM
13244,ZDOM
11616,ZDOM
13392,ZDOM
12782,ZDOM
13047,ZDOM
10912,ZDOM
11514,ZDOM
10076,ZDOM
12820,ZDOM
12711,ZDOM
11543,ZDOM
11417,ZDOM
11517,ZDOM
11463,ZDOM
11843,ZDOM
10726,ZDOM
11449,ZDOM
13061,ZDOM
13049,ZDOM
13334,ZDOM
13498,ZDOM
13052,ZDOM
10138,ZDOM
10940,ZDOM
13790,ZDOM
13336,ZDOM
12950,ZDOM
10309,ZDOM
11920,ZDOM
13063,ZDOM
10296,ZDOM
10432,ZDOM
13222,ZDOM
10167,ZDOM
10720,ZDOM
12172,ZDOM
13208,ZDOM
11942,ZDOM
11004,ZDOM
10373,ZDOM
11616,ZDOM
10447,ZDOM
13568,ZDOM
12938,ZDOM
10326,ZDOM
10281,ZDOM
11263,ZDOM
12938,ZDOM
10367,ZDOM
13150,ZDOM
12723,ZDOM
10468,ZDOM
13148,ZDOM
10589,ZDOM
10017,ZDOM
10449,ZDOM
11336,ZDOM
12271,ZDOM
11772,ZDOM
11431,ZDOM
10503,ZDOM
11416,ZDOM
11794,ZDOM
13343,ZDOM
11578,ZDOM
12983,ZDOM
12303,ZDOM
10863,ZDOM
13586,ZDOM
13182,ZDOM
12715,ZDOM
13215,ZDOM
13168,ZDOM
12804,ZDOM
11864,ZDOM
12721,ZDOM
12874,ZDOM
10491,ZDOM
12937,ZDOM
11371,ZDOM
10155,ZDOM
12829,ZDOM
10670,ZDOM
10769,ZDOM
12846,ZDOM
11416,ZDOM
13174,ZDOM
11781,ZDOM
12766,ZDOM
12580,ZDOM
11807,ZDOM
10736,ZDOM
10914,ZDOM
13496,ZDOM
10479,ZDOM
12163,ZDOM
12029,ZDOM
10311,ZDOM
13511,ZDOM
11612,ZDOM
11690,ZDOM
12303,ZDOM
13105,ZDOM
12724,ZDOM
10591,ZDOM
13433,ZDOM
10377,ZDOM
13246,ZDOM
10849,ZDOM
13213,ZDOM
12663,ZDOM
10001,ZDOM
12846,ZDOM
13249,ZDOM
13068,ZDOM
13105,ZDOM
13207,ZDOM
12461,ZDOM
12722,ZDOM
13567,ZDOM
10066,ZDOM
10858,ZDOM
11136,ZDOM
12742,ZDOM
13497,ZDOM
11008,ZDOM
10328,ZDOM
13707,ZDOM
11216,ZDOM
12874,ZDOM
12815,ZDOM
10057,ZDOM
13048,ZDOM
11437,ZDOM
12767,ZDOM
10286,ZDOM
13125,ZDOM
10339,ZDOM
10862,ZDOM
11505,ZDOM
10654,ZDOM
10102,ZDOM
13041,ZDOM
12302,ZDOM
13210,ZDOM
13151,ZDOM
13456,ZDOM
10401,ZDOM
11959,ZDOM
11640,ZDOM
10118,ZDOM
10272,ZDOM
10268,ZDOM
10163,ZDOM
12548,ZDOM
12802,ZDOM
12804,ZDOM
10956,ZDOM
11444,ZDOM
10427,ZDOM
10320,ZDOM
10540,ZDOM
13197,ZDOM
12749,ZDOM
10223,ZDOM
10937,ZDOM
10625,ZDOM
12915,ZDOM
12991,ZDOM
11521,ZDOM
13263,ZDOM
11470,ZDOM
11453,ZDOM
10361,ZDOM
10206,ZDOM
11366,ZDOM
10287,ZDOM
13565,ZDOM
13056,ZDOM
13251,ZDOM
11443,ZDOM
10834,ZDOM
10382,ZDOM
13208,ZDOM
11362,ZDOM
12978,ZDOM
13253,ZDOM
13511,ZDOM
13106,ZDOM
11004,ZDOM
13004,ZDOM
12669,ZDOM
13624,ZDOM
13240,ZDOM
13022,ZDOM
11792,ZDOM
11482,ZDOM
10928,ZDOM
10396,ZDOM
11530,ZDOM
11726,ZDOM
13657,ZDOM
12536,ZDOM
12257,ZDOM
13645,ZDOM
13115,ZDOM
10937,ZDOM
13515,ZDOM
11524,ZDOM
10351,ZDOM
10997,ZDOM
13384,ZDOM
13242,ZDOM
13226,ZDOM
10173,ZDOM
13004,ZDOM
11177,ZDOM
10594,ZDOM
12913,ZDOM
10832,ZDOM
10902,ZDOM
13018,ZDOM
12805,ZDOM
11296,ZDOM
13225,ZDOM
11483,ZDOM
11021,ZDOM
11412,ZDOM
10839,ZDOM
12936,ZDOM
13143,ZDOM
12788,ZDOM
12081,ZDOM
11491,ZDOM
12913,ZDOM
10076,ZDOM
13408,ZDOM
12884,ZDOM
13666,ZDOM
11658,ZDOM
10373,ZDOM
13120,ZDOM
13148,ZDOM
12766,ZDOM
10725,ZDOM
13102,ZDOM
11263,ZDOM
11911,ZDOM
13336,ZDOM
11322,ZDOM
11151,ZDOM
10219,ZDOM
10202,ZDOM
12318,ZDOM
12891,ZDOM
12591,ZDOM
13164,ZDOM
13418,ZDOM
13133,ZDOM
11963,ZDOM
10468,ZDOM
12734,ZDOM
11132,ZDOM
11444,ZDOM
11277,ZDOM
13225,ZDOM
10799,ZDOM
10584,ZDOM
11009,ZDOM
13143,ZDOM
11914,ZDOM
13384,ZDOM
12786,ZDOM
13148,ZDOM
12686,ZDOM
13666,ZDOM
10653,ZDOM
11707,ZDOM
12895,ZDOM
12854,ZDOM
11446,ZDOM
11112,ZDOM
12281,ZDOM
13244,ZDOM
13336,ZDOM
13586,ZDOM
13243,ZDOM
10062,ZDOM
10106,ZDOM
10677,ZDOM
13174,ZDOM
10810,ZDOM
10761,ZDOM
13018,ZDOM
10690,ZDOM
10223,ZDOM
11415,ZDOM
12802,ZDOM
11857,ZDOM
11498,ZDOM
13105,ZDOM
11963,ZDOM
13210,ZDOM
10690,ZDOM
11443,ZDOM
13125,ZDOM
13492,ZDOM
12967,ZDOM
10491,ZDOM
10670,ZDOM
12864,ZDOM
12461,ZDOM
12536,ZDOM
10447,ZDOM
10326,ZDOM
10309,ZDOM
10118,ZDOM
12692,ZDOM
10675,ZDOM
11046,ZDOM
10335,ZDOM
12822,ZDOM
13248,ZDOM
10727,ZDOM
10519,ZDOM
13511,ZDOM
10420,ZDOM
11865,ZDOM
10194,ZDOM
11486,ZDOM
11362,ZDOM
11608,ZDOM
10902,ZDOM
11262,ZDOM
12548,ZDOM
13067,ZDOM
10001,ZDOM
11505,ZDOM
11943,ZDOM
11443,ZDOM
11596,ZDOM
10519,ZDOM
12989,ZDOM
11838,ZDOM
13398,ZDOM
10382,ZDOM
10111,ZDOM
13247,ZDOM
12721,ZDOM
12958,ZDOM
12580,ZDOM
13366,ZDOM
12303,ZDOM
12948,ZDOM
13048,ZDOM
12226,ZDOM
12804,ZDOM
10591,ZDOM
13442,ZDOM
13062,ZDOM
12826,ZDOM
13151,ZDOM
11843,ZDOM
12477,ZDOM
13397,ZDOM
13213,ZDOM
12891,ZDOM
12172,ZDOM
12867,ZDOM
10759,ZDOM
13047,ZDOM
13250,ZDOM
13565,ZDOM
11683,ZDOM
10285,ZDOM
12715,ZDOM
12881,ZDOM
12914,ZDOM
11798,ZDOM
11941,ZDOM
10862,ZDOM
11132,ZDOM
12829,ZDOM
10863,ZDOM
11499,ZDOM
11508,ZDOM
12854,ZDOM
10963,ZDOM
13139,ZDOM
13099,ZDOM
10311,ZDOM
10268,ZDOM
10264,ZDOM
10403,ZDOM
10790,ZDOM
13182,ZDOM
12121,ZDOM
10812,ZDOM
10725,ZDOM
10017,ZDOM
11505,ZDOM
12430,ZDOM
10377,ZDOM
13226,ZDOM
11417,ZDOM
13515,ZDOM
10167,ZDOM
13271,ZDOM
13109,ZDOM
12676,ZDOM
12237,ZDOM
13135,ZDOM
11638,ZDOM
10632,ZDOM
11008,ZDOM
10420,ZDOM
13055,ZDOM
12081,ZDOM
10320,ZDOM
10443,ZDOM
13108,ZDOM
12728,ZDOM
13004,ZDOM
10473,ZDOM
11447,ZDOM
10644,ZDOM
12884,ZDOM
12553,ZDOM
12724,ZDOM
13208,ZDOM
13646,ZDOM
10310,ZDOM
13197,ZDOM
13384,ZDOM
12681,ZDOM
11562,ZDOM
11920,ZDOM
12869,ZDOM
13666,ZDOM
12237,ZDOM
12757,ZDOM
13402,ZDOM
11514,ZDOM
10881,ZDOM
10173,ZDOM
11216,ZDOM
10590,ZDOM
10268,ZDOM
11371,ZDOM
13150,ZDOM
13223,ZDOM
12540,ZDOM
11530,ZDOM
12121,ZDOM
13497,ZDOM
11206,ZDOM
12864,ZDOM
10993,ZDOM
12956,ZDOM
11640,ZDOM
12451,ZDOM
12066,ZDOM
12761,ZDOM
12452,ZDOM
11469,ZDOM
13249,ZDOM
10374,ZDOM
12725,ZDOM
13242,ZDOM
11864,ZDOM
10490,ZDOM
11086,ZDOM
11268,ZDOM
11449,ZDOM
12955,ZDOM
10804,ZDOM
10396,ZDOM
11781,ZDOM
12686,ZDOM
12644,ZDOM
11690,ZDOM
10187,ZDOM
10769,ZDOM
13251,ZDOM
12696,ZDOM
12938,ZDOM
12783,ZDOM
12453,ZDOM
10832,ZDOM
13210,ZDOM
10449,ZDOM
12989,ZDOM
11781,ZDOM
11508,ZDOM
13568,ZDOM
12846,ZDOM
10432,ZDOM
13497,ZDOM
13498,ZDOM
11500,ZDOM
13182,ZDOM
10031,ZDOM
13515,ZDOM
13003,ZDOM
13599,ZDOM
11215,ZDOM
10351,ZDOM
12817,ZDOM
10479,ZDOM
12083,ZDOM
10427,ZDOM
10835,ZDOM
12083,ZDOM
10839,ZDOM
13036,ZDOM
10625,ZDOM
10665,ZDOM
13063,ZDOM
11416,ZDOM
10745,ZDOM
11957,ZDOM
10047,ZDOM
10224,ZDOM
11153,ZDOM
12768,ZDOM
13657,ZDOM
10388,ZDOM
11517,ZDOM
13336,ZDOM
12782,ZDOM
11287,ZDOM
12964,ZDOM
12926,ZDOM
11031,ZDOM
11521,ZDOM
13056,ZDOM
10721,ZDOM
12979,ZDOM
13263,ZDOM
12669,ZDOM
11691,ZDOM
12525,ZDOM
10017,ZDOM
11371,ZDOM
12901,ZDOM
11690,ZDOM
12788,ZDOM
12830,ZDOM
13384,ZDOM
13215,ZDOM
11453,ZDOM
11524,ZDOM
12989,ZDOM
12226,ZDOM
10328,ZDOM
11332,ZDOM
12624,ZDOM
13250,ZDOM
10225,ZDOM
12722,ZDOM
10210,ZDOM
11612,ZDOM
13412,ZDOM
11454,ZDOM
10264,ZDOM
11794,ZDOM
13208,ZDOM
11437,ZDOM
10115,ZDOM
10812,ZDOM
10401,ZDOM
10279,ZDOM
11261,ZDOM
10836,ZDOM
13512,ZDOM
12874,ZDOM
10937,ZDOM
10595,ZDOM
12749,ZDOM
12066,ZDOM
13563,ZDOM
12953,ZDOM
12964,ZDOM
10858,ZDOM
11841,ZDOM
12536,ZDOM
13139,ZDOM
10753,ZDOM
13511,ZDOM
11856,ZDOM
10202,ZDOM
10123,ZDOM
10427,ZDOM
10296,ZDOM
11616,ZDOM
10649,ZDOM
12895,ZDOM
10971,ZDOM
11021,ZDOM
11510,ZDOM
10599,ZDOM
13563,ZDOM
11726,ZDOM
13213,ZDOM
12313,ZDOM
12983,ZDOM
11151,ZDOM
12675,ZDOM
10863,ZDOM
12913,ZDOM
11759,ZDOM
13041,ZDOM
11587,ZDOM
10057,ZDOM
10467,ZDOM
11759,ZDOM
10679,ZDOM
11807,ZDOM
13061,ZDOM
12732,ZDOM
10052,ZDOM
10367,ZDOM
12711,ZDOM
12644,ZDOM
11444,ZDOM
10347,ZDOM
13036,ZDOM
12822,ZDOM
10335,ZDOM
10810,ZDOM
13225,ZDOM
10370,ZDOM
10456,ZDOM
12081,ZDOM
13418,ZDOM
13168,ZDOM
13567,ZDOM
10675,ZDOM
13053,ZDOM
13342,ZDOM
10361,ZDOM
13053,ZDOM
10935,ZDOM
12093,ZDOM
10339,ZDOM
10881,ZDOM
11332,ZDOM
12711,ZDOM
11478,ZDOM
13207,ZDOM
12591,ZDOM
13115,ZDOM
10066,ZDOM
13185,ZDOM
11443,ZDOM
13263,ZDOM
10862,ZDOM
13398,ZDOM
12121,ZDOM
10810,ZDOM
13271,ZDOM
11021,ZDOM
11941,ZDOM
12927,ZDOM
10326,ZDOM
11508,ZDOM
10902,ZDOM
13068,ZDOM
10427,ZDOM
10804,ZDOM
11486,ZDOM
10401,ZDOM
11132,ZDOM
12451,ZDOM
10349,ZDOM
12163,ZDOM
12721,ZDOM
10834,ZDOM
10473,ZDOM
10280,ZDOM
13226,ZDOM
12920,ZDOM
11517,ZDOM
10595,ZDOM
12989,ZDOM
10335,ZDOM
12477,ZDOM
12822,ZDOM
10675,ZDOM
10382,ZDOM
11505,ZDOM
10677,ZDOM
11781,ZDOM
12644,ZDOM
11911,ZDOM
12864,ZDOM
10420,ZDOM
11443,ZDOM
13126,ZDOM
10420,ZDOM
11086,ZDOM
10769,ZDOM
12802,ZDOM
12066,ZDOM
12686,ZDOM
11505,ZDOM
10396,ZDOM
10194,ZDOM
12967,ZDOM
12121,ZDOM
10963,ZDOM
13241,ZDOM
13225,ZDOM
12029,ZDOM
10690,ZDOM
13053,ZDOM
10519,ZDOM
13139,ZDOM
12782,ZDOM
12675,ZDOM
11268,ZDOM
11562,ZDOM
12788,ZDOM
11807,ZDOM
13047,ZDOM
10281,ZDOM
10335,ZDOM
13125,ZDOM
10296,ZDOM
10051,ZDOM
12830,ZDOM
11959,ZDOM
11807,ZDOM
10185,ZDOM
12864,ZDOM
13250,ZDOM
11499,ZDOM
11942,ZDOM
10202,ZDOM
12964,ZDOM
13251,ZDOM
10740,ZDOM
11216,ZDOM
11151,ZDOM
13511,ZDOM
13109,ZDOM
11914,ZDOM
11431,ZDOM
10314,ZDOM
10727,ZDOM
11415,ZDOM
10447,ZDOM
12723,ZDOM
10863,ZDOM
11888,ZDOM
13139,ZDOM
10452,ZDOM
10311,ZDOM
13397,ZDOM
12854,ZDOM
10519,ZDOM
12752,ZDOM
10839,ZDOM
13048,ZDOM
10740,ZDOM
11772,ZDOM
10432,ZDOM
10164,ZDOM
13402,ZDOM
13657,ZDOM
13392,ZDOM
10993,ZDOM
13182,ZDOM
12714,ZDOM
13067,ZDOM
12540,ZDOM
13442,ZDOM
10443,ZDOM
13061,ZDOM
12430,ZDOM
13164,ZDOM
12645,ZDOM
13215,ZDOM
10584,ZDOM
12786,ZDOM
13342,ZDOM
12711,ZDOM
13048,ZDOM
12895,ZDOM
13510,ZDOM
10310,ZDOM
11465,ZDOM
10590,ZDOM
10279,ZDOM
11616,ZDOM
10468,ZDOM
10653,ZDOM
10111,ZDOM
13666,ZDOM
12891,ZDOM
11008,ZDOM
13004,ZDOM
12081,ZDOM
13210,ZDOM
12938,ZDOM
10001,ZDOM
13599,ZDOM
11501,ZDOM
13063,ZDOM
13567,ZDOM
13115,ZDOM
12083,ZDOM
13563,ZDOM
13334,ZDOM
12817,ZDOM
13384,ZDOM
10351,ZDOM
11469,ZDOM
11608,ZDOM
13248,ZDOM
13497,ZDOM
13384,ZDOM
11867,ZDOM
11508,ZDOM
11086,ZDOM
11530,ZDOM
13055,ZDOM
12829,ZDOM
10836,ZDOM
12686,ZDOM
11371,ZDOM
11480,ZDOM
13515,ZDOM
12881,ZDOM
11362,ZDOM
10268,ZDOM
11843,ZDOM
13264,ZDOM
10285,ZDOM
11530,ZDOM
10047,ZDOM
10670,ZDOM
11957,ZDOM
10761,ZDOM
11261,ZDOM
12822,ZDOM
13068,ZDOM
10370,ZDOM
11215,ZDOM
13115,ZDOM
10810,ZDOM
11444,ZDOM
11444,ZDOM
10812,ZDOM
12805,ZDOM
11957,ZDOM
12575,ZDOM
12955,ZDOM
11287,ZDOM
12237,ZDOM
11500,ZDOM
13197,ZDOM
12967,ZDOM
12897,ZDOM
13150,ZDOM
11332,ZDOM
12826,ZDOM
13108,ZDOM
12715,ZDOM
10268,ZDOM
11514,ZDOM
13225,ZDOM
13515,ZDOM
12536,ZDOM
12303,ZDOM
10665,ZDOM
10928,ZDOM
13384,ZDOM
13498,ZDOM
13184,ZDOM
11759,ZDOM
12722,ZDOM
10449,ZDOM
13223,ZDOM
12638,ZDOM
11794,ZDOM
13398,ZDOM
12644,ZDOM
10835,ZDOM
12852,ZDOM
10210,ZDOM
12721,ZDOM
13263,ZDOM
11206,ZDOM
12081,ZDOM
10403,ZDOM
13498,ZDOM
13412,ZDOM
11021,ZDOM
12624,ZDOM
11132,ZDOM
12757,ZDOM
11596,ZDOM
12692,ZDOM
12924,ZDOM
11798,ZDOM
13211,ZDOM
12901,ZDOM
10690,ZDOM
10591,ZDOM
10745,ZDOM
13397,ZDOM
13148,ZDOM
11726,ZDOM
11493,ZDOM
11004,ZDOM
12666,ZDOM
11638,ZDOM
10377,ZDOM
10002,ZDOM
10347,ZDOM
11857,ZDOM
11759,ZDOM
11612,ZDOM
12313,ZDOM
11587,ZDOM
10280,ZDOM
11510,ZDOM
11332,ZDOM
13412,ZDOM
10062,ZDOM
13565,ZDOM
10076,ZDOM
13062,ZDOM
11416,ZDOM
10287,ZDOM
12820,ZDOM
12580,ZDOM
13243,ZDOM
10799,ZDOM
13493,ZDOM
12714,ZDOM
13366,ZDOM
10223,ZDOM
10163,ZDOM
11446,ZDOM
12958,ZDOM
11664,ZDOM
10264,ZDOM
11031,ZDOM
12453,ZDOM
12271,ZDOM
12191,ZDOM
12854,ZDOM
13418,ZDOM
13168,ZDOM
10479,ZDOM
10118,ZDOM
11943,ZDOM
13099,ZDOM
12226,ZDOM
12983,ZDOM
13433,ZDOM
10632,ZDOM
13336,ZDOM
13208,ZDOM
13336,ZDOM
13213,ZDOM
12782,ZDOM
12911,ZDOM
12525,ZDOM
13135,ZDOM
13041,ZDOM
11263,ZDOM
13018,ZDOM
10456,ZDOM
12532,ZDOM
13492,ZDOM
12826,ZDOM
13213,ZDOM
12821,ZDOM
13666,ZDOM
10653,ZDOM
10388,ZDOM
10285,ZDOM
12536,ZDOM
13249,ZDOM
12579,ZDOM
10309,ZDOM
12991,ZDOM
10832,ZDOM
13511,ZDOM
13334,ZDOM
12897,ZDOM
13148,ZDOM
10147,ZDOM
10310,ZDOM
13392,ZDOM
11483,ZDOM
13563,ZDOM
13248,ZDOM
10062,ZDOM
12919,ZDOM
11534,ZDOM
11664,ZDOM
10769,ZDOM
13245,ZDOM
13568,ZDOM
12768,ZDOM
10377,ZDOM
12999,ZDOM
12066,ZDOM
12271,ZDOM
11011,ZDOM
10051,ZDOM
11445,ZDOM
12905,ZDOM
10912,ZDOM
12729,ZDOM
10173,ZDOM
12313,ZDOM
10769,ZDOM
10373,ZDOM
10590,ZDOM
12093,ZDOM
13061,ZDOM
10185,ZDOM
13599,ZDOM
13105,ZDOM
10653,ZDOM
10202,ZDOM
13064,ZDOM
12924,ZDOM
12725,ZDOM
12452,ZDOM
12580,ZDOM
13418,ZDOM
11009,ZDOM
11683,ZDOM
12766,ZDOM
10589,ZDOM
13247,ZDOM
12430,ZDOM
10509,ZDOM
11514,ZDOM
13398,ZDOM
11437,ZDOM
12257,ZDOM
12966,ZDOM
10066,ZDOM
13790,ZDOM
13018,ZDOM
12730,ZDOM
12955,ZDOM
11021,ZDOM
13246,ZDOM
12926,ZDOM
12831,ZDOM
11470,ZDOM
12881,ZDOM
10937,ZDOM
13646,ZDOM
10503,ZDOM
10501,ZDOM
10723,ZDOM
10125,ZDOM
12958,ZDOM
13243,ZDOM
10422,ZDOM
12822,ZDOM
10705,ZDOM
10654,ZDOM
11366,ZDOM
11658,ZDOM
13093,ZDOM
11457,ZDOM
11412,ZDOM
13056,ZDOM
11691,ZDOM
13492,ZDOM
11417,ZDOM
12851,ZDOM
12722,ZDOM
10812,ZDOM
10835,ZDOM
11362,ZDOM
10449,ZDOM
10911,ZDOM
10690,ZDOM
10320,ZDOM
10138,ZDOM
12749,ZDOM
12788,ZDOM
13496,ZDOM
13511,ZDOM
12927,ZDOM
13174,ZDOM
12979,ZDOM
11416,ZDOM
10745,ZDOM
11690,ZDOM
12827,ZDOM
12663,ZDOM
13343,ZDOM
12761,ZDOM
12152,ZDOM
10102,ZDOM
10810,ZDOM
13693,ZDOM
13222,ZDOM
10047,ZDOM
11914,ZDOM
13215,ZDOM
10692,ZDOM
12805,ZDOM
13062,ZDOM
13150,ZDOM
10285,ZDOM
11151,ZDOM
10225,ZDOM
10690,ZDOM
10373,ZDOM
12281,ZDOM
12715,ZDOM
13418,ZDOM
10452,ZDOM
13249,ZDOM
10675,ZDOM
10449,ZDOM
11446,ZDOM
12729,ZDOM
12869,ZDOM
12965,ZDOM
10827,ZDOM
12767,ZDOM
10858,ZDOM
13366,ZDOM
11841,ZDOM
12852,ZDOM
10862,ZDOM
13253,ZDOM
13241,ZDOM
10649,ZDOM
12733,ZDOM
13226,ZDOM
13213,ZDOM
11836,ZDOM
13182,ZDOM
10720,ZDOM
10374,ZDOM
11268,ZDOM
11412,ZDOM
10309,ZDOM
10997,ZDOM
13165,ZDOM
11959,ZDOM
11443,ZDOM
13068,ZDOM
10000,ZDOM
11451,ZDOM
10790,ZDOM
10665,ZDOM
10115,ZDOM
11336,ZDOM
11296,ZDOM
10206,ZDOM
12553,ZDOM
10836,ZDOM
13093,ZDOM
12591,ZDOM
12804,ZDOM
10339,ZDOM
10740,ZDOM
10829,ZDOM
11433,ZDOM
10194,ZDOM
13139,ZDOM
12830,ZDOM
11920,ZDOM
11867,ZDOM
10123,ZDOM
13003,ZDOM
12911,ZDOM
10456,ZDOM
11963,ZDOM
10473,ZDOM
11177,ZDOM
11415,ZDOM
12536,ZDOM
13343,ZDOM
11736,ZDOM
12674,ZDOM
12681,ZDOM
12815,ZDOM
12920,ZDOM
12938,ZDOM
10759,ZDOM
13047,ZDOM
13433,ZDOM
13214,ZDOM
11491,ZDOM
11578,ZDOM
12742,ZDOM
12532,ZDOM
13067,ZDOM
13006,ZDOM
12874,ZDOM
10401,ZDOM
11486,ZDOM
12956,ZDOM
10224,ZDOM
11638,ZDOM
10771,ZDOM
13665,ZDOM
10264,ZDOM
10272,ZDOM
11881,ZDOM
12094,ZDOM
11206,ZDOM
13055,ZDOM
12948,ZDOM
13115,ZDOM
10427,ZDOM
12477,ZDOM
13208,ZDOM
12864,ZDOM
10721,ZDOM
13182,ZDOM
13151,ZDOM
13397,ZDOM
10503,ZDOM
11447,ZDOM
12820,ZDOM
12395,ZDOM
10650,ZDOM
11011,ZDOM
10351,ZDOM
11534,ZDOM
13135,ZDOM
11517,ZDOM
11941,ZDOM
12669,ZDOM
10584,ZDOM
10432,ZDOM
10370,ZDOM
10443,ZDOM
13442,ZDOM
10311,ZDOM
12525,ZDOM
10289,ZDOM
12461,ZDOM
12734,ZDOM
10123,ZDOM
11287,ZDOM
13412,ZDOM
12645,ZDOM
13397,ZDOM
11452,ZDOM
10720,ZDOM
13141,ZDOM
12871,ZDOM
13049,ZDOM
12724,ZDOM
11460,ZDOM
12829,ZDOM
12967,ZDOM
12081,ZDOM
10448,ZDOM
12628,ZDOM
12915,ZDOM
10727,ZDOM
11132,ZDOM
10467,ZDOM
12900,ZDOM
10279,ZDOM
10928,ZDOM
12675,ZDOM
10164,ZDOM
13036,ZDOM
12579,ZDOM
12802,ZDOM
13657,ZDOM
11722,ZDOM
11809,ZDOM
13493,ZDOM
11458,ZDOM
11500,ZDOM
10644,ZDOM
11533,ZDOM
13271,ZDOM
13113,ZDOM
11522,ZDOM
12964,ZDOM
13192,ZDOM
12686,ZDOM
13102,ZDOM
12926,ZDOM
11004,ZDOM
11510,ZDOM
10223,ZDOM
10361,ZDOM
11772,ZDOM
10388,ZDOM
13168,ZDOM
13004,ZDOM
10491,ZDOM
10679,ZDOM
13213,ZDOM
11262,ZDOM
13048,ZDOM
11707,ZDOM
11153,ZDOM
11864,ZDOM
11216,ZDOM
10118,ZDOM
13383,ZDOM
11215,ZDOM
13207,ZDOM
11004,ZDOM
10349,ZDOM
10595,ZDOM
13146,ZDOM
10057,ZDOM
12939,ZDOM
10367,ZDOM
10456,ZDOM
11692,ZDOM
11843,ZDOM
11957,ZDOM
10322,ZDOM
11263,ZDOM
13565,ZDOM
11046,ZDOM
11942,ZDOM
10417,ZDOM
10443,ZDOM
13021,ZDOM
13254,ZDOM
12666,ZDOM
10863,ZDOM
12881,ZDOM
12826,ZDOM
10834,ZDOM
10106,ZDOM
11208,ZDOM
12782,ZDOM
10335,ZDOM
11486,ZDOM
13168,ZDOM
10001,ZDOM
11587,ZDOM
10492,ZDOM
11943,ZDOM
12964,ZDOM
10590,ZDOM
13148,ZDOM
11463,ZDOM
10644,ZDOM
13312,ZDOM
12891,ZDOM
10210,ZDOM
13263,ZDOM
13392,ZDOM
13210,ZDOM
11207,ZDOM
10839,ZDOM
11492,ZDOM
13063,ZDOM
10594,ZDOM
10347,ZDOM
12989,ZDOM
12983,ZDOM
11482,ZDOM
12757,ZDOM
13397,ZDOM
10382,ZDOM
10047,ZDOM
13133,ZDOM
12644,ZDOM
10173,ZDOM
12895,ZDOM
10280,ZDOM
11596,ZDOM
13693,ZDOM
12901,ZDOM
10285,ZDOM
10223,ZDOM
10173,ZDOM
10836,ZDOM
13112,ZDOM
10473,ZDOM
13408,ZDOM
11277,ZDOM
13442,ZDOM
12237,ZDOM
13646,ZDOM
13366,ZDOM
13245,ZDOM
10479,ZDOM
13055,ZDOM
12196,ZDOM
13247,ZDOM
11781,ZDOM
13586,ZDOM
10351,ZDOM
11332,ZDOM
12867,ZDOM
12318,ZDOM
11692,ZDOM
13511,ZDOM
11707,ZDOM
11841,ZDOM
10725,ZDOM
11262,ZDOM
13246,ZDOM
13125,ZDOM
10670,ZDOM
10858,ZDOM
13115,ZDOM
11522,ZDOM
12874,ZDOM
10540,ZDOM
12020,ZDOM
13067,ZDOM
12081,ZDOM
12226,ZDOM
12955,ZDOM
12711,ZDOM
12477,ZDOM
10196,ZDOM
10224,ZDOM
11491,ZDOM
10076,ZDOM
11736,ZDOM
11322,ZDOM
11498,ZDOM
13336,ZDOM
11433,ZDOM
10834,ZDOM
10264,ZDOM
12152,ZDOM
10401,ZDOM
10348,ZDOM
12948,ZDOM
12726,ZDOM
13707,ZDOM
10432,ZDOM
10066,ZDOM
13183,ZDOM
11683,ZDOM
10769,ZDOM
10125,ZDOM
13068,ZDOM
13223,ZDOM
13727,ZDOM
11021,ZDOM
12913,ZDOM
13249,ZDOM
10420,ZDOM
12788,ZDOM
10736,ZDOM
10057,ZDOM
10519,ZDOM
13141,ZDOM
13018,ZDOM
12686,ZDOM
12675,ZDOM
13048,ZDOM
13049,ZDOM
12752,ZDOM
12966,ZDOM
12786,ZDOM
10569,ZDOM
13208,ZDOM
10268,ZDOM
13022,ZDOM
12897,ZDOM
10937,ZDOM
10361,ZDOM
12453,ZDOM
12802,ZDOM
11517,ZDOM
10591,ZDOM
10272,ZDOM
13250,ZDOM
10632,ZDOM
11856,ZDOM
10816,ZDOM
12822,ZDOM
10311,ZDOM
11862,ZDOM
11942,ZDOM
11920,ZDOM
12297,ZDOM
10971,ZDOM
13021,ZDOM
13242,ZDOM
11449,ZDOM
11443,ZDOM
10167,ZDOM
10000,ZDOM
13053,ZDOM
12864,ZDOM
11112,ZDOM
11562,ZDOM
12066,ZDOM
12715,ZDOM
13512,ZDOM
11772,ZDOM
13062,ZDOM
11483,ZDOM
12964,ZDOM
13210,ZDOM
10690,ZDOM
10310,ZDOM
13657,ZDOM
12626,ZDOM
10164,ZDOM
10491,ZDOM
10480,ZDOM
10452,ZDOM
11971,ZDOM
11608,ZDOM
11524,ZDOM
13498,ZDOM
11132,ZDOM
13497,ZDOM
11177,ZDOM
10745,ZDOM
11453,ZDOM
12979,ZDOM
10940,ZDOM
11857,ZDOM
10349,ZDOM
12257,ZDOM
13271,ZDOM
12749,ZDOM
13384,ZDOM
10721,ZDOM
11371,ZDOM
10677,ZDOM
10862,ZDOM
11206,ZDOM
13106,ZDOM
13251,ZDOM
13029,ZDOM
13004,ZDOM
10790,ZDOM
11843,ZDOM
11836,ZDOM
12829,ZDOM
10339,ZDOM
10812,ZDOM
10031,ZDOM
12891,ZDOM
13563,ZDOM
12846,ZDOM
10928,ZDOM
11794,ZDOM
11957,ZDOM
11941,ZDOM
10584,ZDOM
11856,ZDOM
12477,ZDOM
10519,ZDOM
12081,ZDOM
11215,ZDOM
10115,ZDOM
10467,ZDOM
10834,ZDOM
12644,ZDOM
10118,ZDOM
13498,ZDOM
12453,ZDOM
10935,ZDOM
10202,ZDOM
13563,ZDOM
11153,ZDOM
12914,ZDOM
12829,ZDOM
11487,ZDOM
10853,ZDOM
10490,ZDOM
12752,ZDOM
12927,ZDOM
13006,ZDOM
10452,ZDOM
13254,ZDOM
13068,ZDOM
10382,ZDOM
11444,ZDOM
13245,ZDOM
11262,ZDOM
10317,ZDOM
10863,ZDOM
10836,ZDOM
12715,ZDOM
10194,ZDOM
13402,ZDOM
10432,ZDOM
13511,ZDOM
12827,ZDOM
11943,ZDOM
13334,ZDOM
13263,ZDOM
13398,ZDOM
12920,ZDOM
13246,ZDOM
10963,ZDOM
10396,ZDOM
11031,ZDOM
10396,ZDOM
12196,ZDOM
11957,ZDOM
12822,ZDOM
13067,ZDOM
11021,ZDOM
13208,ZDOM
11417,ZDOM
11021,ZDOM
13146,ZDOM
11480,ZDOM
11508,ZDOM
10173,ZDOM
12827,ZDOM
13565,ZDOM
10420,ZDOM
12066,ZDOM
13141,ZDOM
13036,ZDOM
11690,ZDOM
13271,ZDOM
13483,ZDOM
12452,ZDOM
10473,ZDOM
10401,ZDOM
12081,ZDOM
12722,ZDOM
12674,ZDOM
11483,ZDOM
13511,ZDOM
10665,ZDOM
10335,ZDOM
13456,ZDOM
13342,ZDOM
13042,ZDOM
12958,ZDOM
10540,ZDOM
11277,ZDOM
10653,ZDOM
13251,ZDOM
10670,ZDOM
12869,ZDOM
12895,ZDOM
10368,ZDOM
10281,ZDOM
11638,ZDOM
12644,ZDOM
11941,ZDOM
13107,ZDOM
10076,ZDOM
10675,ZDOM
10001,ZDOM
13109,ZDOM
11453,ZDOM
13223,ZDOM
13099,ZDOM
10812,ZDOM
10590,ZDOM
13062,ZDOM
13707,ZDOM
13168,ZDOM
12721,ZDOM
13263,ZDOM
13646,ZDOM
11362,ZDOM
11008,ZDOM
11864,ZDOM
10278,ZDOM
12901,ZDOM
10374,ZDOM
10653,ZDOM
13112,ZDOM
10349,ZDOM
10940,ZDOM
12029,ZDOM
10377,ZDOM
10456,ZDOM
13003,ZDOM
11514,ZDOM
12849,ZDOM
10219,ZDOM
10810,ZDOM
10057,ZDOM
12782,ZDOM
13249,ZDOM
12029,ZDOM
12831,ZDOM
13018,ZDOM
11543,ZDOM
12783,ZDOM
10210,ZDOM
13563,ZDOM
10361,ZDOM
12532,ZDOM
10203,ZDOM
12874,ZDOM
10344,ZDOM
13225,ZDOM
10863,ZDOM
12950,ZDOM
11366,ZDOM
10632,ZDOM
12966,ZDOM
10279,ZDOM
11446,ZDOM
11533,ZDOM
10286,ZDOM
12768,ZDOM
11498,ZDOM
12540,ZDOM
11510,ZDOM
13055,ZDOM
10502,ZDOM
11277,ZDOM
10881,ZDOM
10031,ZDOM
10319,ZDOM
13397,ZDOM
10290,ZDOM
12924,ZDOM
12172,ZDOM
11009,ZDOM
13148,ZDOM
10501,ZDOM
12638,ZDOM
13512,ZDOM
12624,ZDOM
11263,ZDOM
13109,ZDOM
11443,ZDOM
12854,ZDOM
10347,ZDOM
10163,ZDOM
11857,ZDOM
11415,ZDOM
13139,ZDOM
10745,ZDOM
10125,ZDOM
12711,ZDOM
12911,ZDOM
10649,ZDOM
10902,ZDOM
10370,ZDOM
12752,ZDOM
13004,ZDOM
10753,ZDOM
11332,ZDOM
10832,ZDOM
10799,ZDOM
10492,ZDOM
13250,ZDOM
12686,ZDOM
13135,ZDOM
10285,ZDOM
11736,ZDOM
11261,ZDOM
11443,ZDOM
12721,ZDOM
11011,ZDOM
12536,ZDOM
10679,ZDOM
10310,ZDOM
12990,ZDOM
11499,ZDOM
12817,ZDOM
11718,ZDOM
11445,ZDOM
11772,ZDOM
10138,ZDOM
12226,ZDOM
12626,ZDOM
12983,ZDOM
13150,ZDOM
13666,ZDOM
10348,ZDOM
12675,ZDOM
12666,ZDOM
12826,ZDOM
11458,ZDOM
12163,ZDOM
11460,ZDOM
10479,ZDOM
11465,ZDOM
11468,ZDOM
10914,ZDOM
13366,ZDOM
11493,ZDOM
10287,ZDOM
13141,ZDOM
10225,ZDOM
10177,ZDOM
10224,ZDOM
10774,ZDOM
12093,ZDOM
11664,ZDOM
10997,ZDOM
10491,ZDOM
10002,ZDOM
12237,ZDOM
13418,ZDOM
10810,ZDOM
11151,ZDOM
12983,ZDOM
12924,ZDOM
10753,ZDOM
11920,ZDOM
13017,ZDOM
13048,ZDOM
12020,ZDOM
11911,ZDOM
12891,ZDOM
13790,ZDOM
12580,ZDOM
13182,ZDOM
13167,ZDOM
13139,ZDOM
12913,ZDOM
10017,ZDOM
10062,ZDOM
11726,ZDOM
10089,ZDOM
10650,ZDOM
12152,ZDOM
10501,ZDOM
11781,ZDOM
11517,ZDOM
12681,ZDOM
11887,ZDOM
13070,ZDOM
13657,ZDOM
11843,ZDOM
10361,ZDOM
11881,ZDOM
11963,ZDOM
11683,ZDOM
13493,ZDOM
12121,ZDOM
10187,ZDOM
12867,ZDOM
11517,ZDOM
13226,ZDOM
10351,ZDOM
13166,ZDOM
12723,ZDOM
10264,ZDOM
11521,ZDOM
12757,ZDOM
11486,ZDOM
11371,ZDOM
12864,ZDOM
13133,ZDOM
10790,ZDOM
13215,ZDOM
11505,ZDOM
11449,ZDOM
10268,ZDOM
13182,ZDOM
13657,ZDOM
11446,ZDOM
13384,ZDOM
12734,ZDOM
13248,ZDOM
13336,ZDOM
12525,ZDOM
10281,ZDOM
13497,ZDOM
11690,ZDOM
10264,ZDOM
10569,ZDOM
12711,ZDOM
10839,ZDOM
13105,ZDOM
11207,ZDOM
12726,ZDOM
10427,ZDOM
12881,ZDOM
13004,ZDOM
13125,ZDOM
11707,ZDOM
12852,ZDOM
10320,ZDOM
11177,ZDOM
10223,ZDOM
12640,ZDOM
12804,ZDOM
13727,ZDOM
11132,ZDOM
13063,ZDOM
13102,ZDOM
12953,ZDOM
13515,ZDOM
12430,ZDOM
13049,ZDOM
13148,ZDOM
12936,ZDOM
13146,ZDOM
13412,ZDOM
10047,ZDOM
13210,ZDOM
12083,ZDOM
10971,ZDOM
10812,ZDOM
10677,ZDOM
12852,ZDOM
10339,ZDOM
12711,ZDOM
10862,ZDOM
12674,ZDOM
13433,ZDOM
13108,ZDOM
13242,ZDOM
12846,ZDOM
12540,ZDOM
10726,ZDOM
13041,ZDOM
10367,ZDOM
13207,ZDOM
10644,ZDOM
13493,ZDOM
13790,ZDOM
11268,ZDOM
12965,ZDOM
11437,ZDOM
10509,ZDOM
10389,ZDOM
12395,ZDOM
10723,ZDOM
11336,ZDOM
13599,ZDOM
11578,ZDOM
10690,ZDOM
11838,ZDOM
12802,ZDOM
13254,ZDOM
10849,ZDOM
12955,ZDOM
12733,ZDOM
13197,ZDOM
12956,ZDOM
13418,ZDOM
10403,ZDOM
12548,ZDOM
12955,ZDOM
11530,ZDOM
11501,ZDOM
11612,ZDOM
13567,ZDOM
10725,ZDOM
12692,ZDOM
11263,ZDOM
13693,ZDOM
11415,ZDOM
11287,ZDOM
13343,ZDOM
11206,ZDOM
12722,ZDOM
13226,ZDOM
12536,ZDOM
11522,ZDOM
12766,ZDOM
10339,ZDOM
13243,ZDOM
10194,ZDOM
10367,ZDOM
10335,ZDOM
10123,ZDOM
10047,ZDOM
10106,ZDOM
11736,ZDOM
10584,ZDOM
13586,ZDOM
10051,ZDOM
12477,ZDOM
11437,ZDOM
13496,ZDOM
10863,ZDOM
12066,ZDOM
13263,ZDOM
12965,ZDOM
10456,ZDOM
13492,ZDOM
13174,ZDOM
11417,ZDOM
13511,ZDOM
11941,ZDOM
11216,ZDOM
10473,ZDOM
10289,ZDOM
10449,ZDOM
13210,ZDOM
13126,ZDOM
13061,ZDOM
12083,ZDOM
12626,ZDOM
11862,ZDOM
11683,ZDOM
10351,ZDOM
13164,ZDOM
12802,ZDOM
10296,ZDOM
11446,ZDOM
11009,ZDOM
11416,ZDOM
10115,ZDOM
13646,ZDOM
12645,ZDOM
10427,ZDOM
13246,ZDOM
13148,ZDOM
12725,ZDOM
10348,ZDOM
11941,ZDOM
12983,ZDOM
10468,ZDOM
10723,ZDOM
13498,ZDOM
12696,ZDOM
10810,ZDOM
10223,ZDOM
12804,ZDOM
11914,ZDOM
13182,ZDOM
13396,ZDOM
12681,ZDOM
10311,ZDOM
13226,ZDOM
11508,ZDOM
12783,ZDOM
11691,ZDOM
13412,ZDOM
12669,ZDOM
10591,ZDOM
12826,ZDOM
10173,ZDOM
13041,ZDOM
11215,ZDOM
10210,ZDOM
13056,ZDOM
10745,ZDOM
10834,ZDOM
11562,ZDOM
11453,ZDOM
11517,ZDOM
11371,ZDOM
12121,ZDOM
10736,ZDOM
10799,ZDOM
10102,ZDOM
13418,ZDOM
13264,ZDOM
10928,ZDOM
11691,ZDOM
13242,ZDOM
13021,ZDOM
12638,ZDOM
13433,ZDOM
10224,ZDOM
10420,ZDOM
13127,ZDOM
11943,ZDOM
13645,ZDOM
10287,ZDOM
10812,ZDOM
12237,ZDOM
10432,ZDOM
10290,ZDOM
10625,ZDOM
10278,ZDOM
10452,ZDOM
10310,ZDOM
10057,ZDOM
10374,ZDOM
11483,ZDOM
13022,ZDOM
12624,ZDOM
10314,ZDOM
12752,ZDOM
12663,ZDOM
11530,ZDOM
13245,ZDOM
10111,ZDOM
12081,ZDOM
12624,ZDOM
10280,ZDOM
10832,ZDOM
10309,ZDOM
12728,ZDOM
11465,ZDOM
10644,ZDOM
10443,ZDOM
12874,ZDOM
12983,ZDOM
11807,ZDOM
12891,ZDOM
13185,ZDOM
10862,ZDOM
13017,ZDOM
10590,ZDOM
10519,ZDOM
12734,ZDOM
12924,ZDOM
13497,ZDOM
11452,ZDOM
10422,ZDOM
10914,ZDOM
11911,ZDOM
11957,ZDOM
10000,ZDOM
13055,ZDOM
12846,ZDOM
11533,ZDOM
12674,ZDOM
10963,ZDOM
10490,ZDOM
11362,ZDOM
12891,ZDOM
10670,ZDOM
12281,ZDOM
13707,ZDOM
12579,ZDOM
12822,ZDOM
12895,ZDOM
10164,ZDOM
13168,ZDOM
11856,ZDOM
11638,ZDOM
13247,ZDOM
10721,ZDOM
12644,ZDOM
10225,ZDOM
13113,ZDOM
12827,ZDOM
12881,ZDOM
12849,ZDOM
10368,ZDOM
12913,ZDOM
11534,ZDOM
10769,ZDOM
12171,ZDOM
10328,ZDOM
13254,ZDOM
11505,ZDOM
12752,ZDOM
10632,ZDOM
13727,ZDOM
13141,ZDOM
10344,ZDOM
13342,ZDOM
13212,ZDOM
12979,ZDOM
11332,ZDOM
11008,ZDOM
12967,ZDOM
13068,ZDOM
11433,ZDOM
13067,ZDOM
11132,ZDOM
12313,ZDOM
10268,ZDOM
13565,ZDOM
13251,ZDOM
11596,ZDOM
12874,ZDOM
12553,ZDOM
12726,ZDOM
12723,ZDOM
10467,ZDOM
13392,ZDOM
11415,ZDOM
10138,ZDOM
13006,ZDOM
13249,ZDOM
12452,ZDOM
13197,ZDOM
13397,ZDOM
11486,ZDOM
13225,ZDOM
13240,ZDOM
11578,ZDOM
11444,ZDOM
12901,ZDOM
12897,ZDOM
12715,ZDOM
12196,ZDOM
12948,ZDOM
10111,ZDOM
12817,ZDOM
12936,ZDOM
10829,ZDOM
11664,ZDOM
11514,ZDOM
11772,ZDOM
10443,ZDOM
13563,ZDOM
11457,ZDOM
13053,ZDOM
13213,ZDOM
11287,ZDOM
10509,ZDOM
13402,ZDOM
12767,ZDOM
10935,ZDOM
13223,ZDOM
13515,ZDOM
12724,ZDOM
13624,ZDOM
12163,ZDOM
12540,ZDOM
12927,ZDOM
13125,ZDOM
10633,ZDOM
12830,ZDOM
10033,ZDOM
13271,ZDOM
13408,ZDOM
10725,ZDOM
10125,ZDOM
12686,ZDOM
13112,ZDOM
10062,ZDOM
12580,ZDOM
10279,ZDOM
10971,ZDOM
10370,ZDOM
12788,ZDOM
13004,ZDOM
13511,ZDOM
13047,ZDOM
10361,ZDOM
13343,ZDOM
12666,ZDOM
12854,ZDOM
10940,ZDOM
10595,ZDOM
12938,ZDOM
11881,ZDOM
12675,ZDOM
13657,ZDOM
10382,ZDOM
13183,ZDOM
13063,ZDOM
10501,ZDOM
12958,ZDOM
12782,ZDOM
10836,ZDOM
11963,ZDOM
10654,ZDOM
10653,ZDOM
10349,ZDOM
11336,ZDOM
11500,ZDOM
11277,ZDOM
11151,ZDOM
13312,ZDOM
10286,ZDOM
13244,ZDOM
12548,ZDOM
13250,ZDOM
12864,ZDOM
11366,ZDOM
10347,ZDOM
10264,ZDOM
10001,ZDOM
13192,ZDOM
10194,ZDOM
10677,ZDOM
11460,ZDOM
10219,ZDOM
12711,ZDOM
13398,ZDOM
12786,ZDOM
12172,ZDOM
10066,ZDOM
12749,ZDOM
12757,ZDOM
11781,ZDOM
10650,ZDOM
13433,ZDOM
12905,ZDOM
10834,ZDOM
11864,ZDOM
12692,ZDOM
13032,ZDOM
11759,ZDOM
11510,ZDOM
11478,ZDOM
11031,ZDOM
13246,ZDOM
13125,ZDOM
13366,ZDOM
11112,ZDOM
12281,ZDOM
10591,ZDOM
10173,ZDOM
13336,ZDOM
11153,ZDOM
10540,ZDOM
13168,ZDOM
10285,ZDOM
10937,ZDOM
12964,ZDOM
11021,ZDOM
12715,ZDOM
11633,ZDOM
11207,ZDOM
11838,ZDOM
13492,ZDOM
10492,ZDOM
13115,ZDOM
10223,ZDOM
11707,ZDOM
13646,ZDOM
13247,ZDOM
10790,ZDOM
12757,ZDOM
10432,ZDOM
11501,ZDOM
13442,ZDOM
10467,ZDOM
10812,ZDOM
13498,ZDOM
11862,ZDOM
10745,ZDOM
11446,ZDOM
10309,ZDOM
13158,ZDOM
12171,ZDOM
11177,ZDOM
10670,ZDOM
13182,ZDOM
13336,ZDOM
13249,ZDOM
13208,ZDOM
12318,ZDOM
13248,ZDOM
11596,ZDOM
11287,ZDOM
10452,ZDOM
13251,ZDOM
11277,ZDOM
10382,ZDOM
11562,ZDOM
10310,ZDOM
11843,ZDOM
10351,ZDOM
10118,ZDOM
12924,ZDOM
12686,ZDOM
10836,ZDOM
13106,ZDOM
12966,ZDOM
12711,ZDOM
11683,ZDOM
12782,ZDOM
11277,ZDOM
13563,ZDOM
10057,ZDOM
12829,ZDOM
13624,ZDOM
13657,ZDOM
12864,ZDOM
10491,ZDOM
11914,ZDOM
11640,ZDOM
10479,ZDOM
11449,ZDOM
12591,ZDOM
13022,ZDOM
10287,ZDOM
10799,ZDOM
12257,ZDOM
11262,ZDOM
10590,ZDOM
11692,ZDOM
10584,ZDOM
10914,ZDOM
13586,ZDOM
10202,ZDOM
12822,ZDOM
11046,ZDOM
11454,ZDOM
11492,ZDOM
11371,ZDOM
12802,ZDOM
12083,ZDOM
13250,ZDOM
10490,ZDOM
10690,ZDOM
12749,ZDOM
12726,ZDOM
13342,ZDOM
11412,ZDOM
10720,ZDOM
11498,ZDOM
10328,ZDOM
13067,ZDOM
10115,ZDOM
11856,ZDOM
10311,ZDOM
10196,ZDOM
10286,ZDOM
10339,ZDOM
10272,ZDOM
10173,ZDOM
12302,ZDOM
12237,ZDOM
13250,ZDOM
13167,ZDOM
11517,ZDOM
12624,ZDOM
10677,ZDOM
11437,ZDOM
12644,ZDOM
12453,ZDOM
12967,ZDOM
10279,ZDOM
11009,ZDOM
12532,ZDOM
13014,ZDOM
10219,ZDOM
10403,ZDOM
10167,ZDOM
13693,ZDOM
10594,ZDOM
12303,ZDOM
10367,ZDOM
10164,ZDOM
10736,ZDOM
13408,ZDOM
12638,ZDOM
12297,ZDOM
13143,ZDOM
12430,ZDOM
11412,ZDOM
10281,ZDOM
11463,ZDOM
10326,ZDOM
10062,ZDOM
11262,ZDOM
12826,ZDOM
11415,ZDOM
10584,ZDOM
13251,ZDOM
11943,ZDOM
13271,ZDOM
10066,ZDOM
11691,ZDOM
12675,ZDOM
10928,ZDOM
10374,ZDOM
11268,ZDOM
13184,ZDOM
13727,ZDOM
10125,ZDOM
11543,ZDOM
11208,ZDOM
10349,ZDOM
12965,ZDOM
13418,ZDOM
13433,ZDOM
13397,ZDOM
13167,ZDOM
12965,ZDOM
12318,ZDOM
11517,ZDOM
11362,ZDOM
10935,ZDOM
13208,ZDOM
13223,ZDOM
12724,ZDOM
10319,ZDOM
10285,ZDOM
10335,ZDOM
10473,ZDOM
10224,ZDOM
12966,ZDOM
11881,ZDOM
11638,ZDOM
10443,ZDOM
10206,ZDOM
10881,ZDOM
11726,ZDOM
13398,ZDOM
10279,ZDOM
12788,ZDOM
11578,ZDOM
11132,ZDOM
10339,ZDOM
12891,ZDOM
10971,ZDOM
10694,ZDOM
13263,ZDOM
11021,ZDOM
13512,ZDOM
10677,ZDOM
12083,ZDOM
12645,ZDOM
13182,ZDOM
12983,ZDOM
13565,ZDOM
10491,ZDOM
12696,ZDOM
10225,ZDOM
13197,ZDOM
10863,ZDOM
12846,ZDOM
10774,ZDOM
10210,ZDOM
12626,ZDOM
11534,ZDOM
11772,ZDOM
10361,ZDOM
13115,ZDOM
13693,ZDOM
12873,ZDOM
10202,ZDOM
10590,ZDOM
13068,ZDOM
10106,ZDOM
13115,ZDOM
13053,ZDOM
13062,ZDOM
12913,ZDOM
12752,ZDOM
10322,ZDOM
13127,ZDOM
10177,ZDOM
12761,ZDOM
11562,ZDOM
10351,ZDOM
12624,ZDOM
10650,ZDOM
10479,ZDOM
11263,ZDOM
10289,ZDOM
10368,ZDOM
13343,ZDOM
13133,ZDOM
13657,ZDOM
11807,ZDOM
13666,ZDOM
11508,ZDOM
12891,ZDOM
12867,ZDOM
12477,ZDOM
11856,ZDOM
13246,ZDOM
13004,ZDOM
12937,ZDOM
10164,ZDOM
11153,ZDOM
12897,ZDOM
13185,ZDOM
12638,ZDOM
12121,ZDOM
13790,ZDOM
12895,ZDOM
12983,ZDOM
11453,ZDOM
11957,ZDOM
12913,ZDOM
13125,ZDOM
11332,ZDOM
10173,ZDOM
13492,ZDOM
13266,ZDOM
11505,ZDOM
12715,ZDOM
11371,ZDOM
10287,ZDOM
11957,ZDOM
12822,ZDOM
13135,ZDOM
11596,ZDOM
10280,ZDOM
10665,ZDOM
10632,ZDOM
13342,ZDOM
13657,ZDOM
13586,ZDOM
12869,ZDOM
10963,ZDOM
12553,ZDOM
13139,ZDOM
11443,ZDOM
10591,ZDOM
12911,ZDOM
13126,ZDOM
13135,ZDOM
12884,ZDOM
13185,ZDOM
10076,ZDOM
12936,ZDOM
10853,ZDOM
10675,ZDOM
13106,ZDOM
11664,ZDOM
11914,ZDOM
13727,ZDOM
11865,ZDOM
11287,ZDOM
10519,ZDOM
10147,ZDOM
10001,ZDOM
13113,ZDOM
13049,ZDOM
13497,ZDOM
12938,ZDOM
12989,ZDOM
13245,ZDOM
10047,ZDOM
10223,ZDOM
13336,ZDOM
13210,ZDOM
10832,ZDOM
12477,ZDOM
12066,ZDOM
11963,ZDOM
12854,ZDOM
13067,ZDOM
13567,ZDOM
11261,ZDOM
13511,ZDOM
12525,ZDOM
10769,ZDOM
13126,ZDOM
12989,ZDOM
12226,ZDOM
10401,ZDOM
13396,ZDOM
11437,ZDOM
10753,ZDOM
11480,ZDOM
10835,ZDOM
12257,ZDOM
12927,ZDOM
11587,ZDOM
12644,ZDOM
13148,ZDOM
12881,ZDOM
13183,ZDOM
13567,ZDOM
10280,ZDOM
11277,ZDOM
13208,ZDOM
12686,ZDOM
13214,ZDOM
13055,ZDOM
12964,ZDOM
11505,ZDOM
12152,ZDOM
13408,ZDOM
10670,ZDOM
11449,ZDOM
12783,ZDOM
10679,ZDOM
11510,ZDOM
10285,ZDOM
11941,ZDOM
13240,ZDOM
11215,ZDOM
10997,ZDOM
10349,ZDOM
12313,ZDOM
10309,ZDOM
13384,ZDOM
10417,ZDOM
12237,ZDOM
10347,ZDOM
10432,ZDOM
13166,ZDOM
10348,ZDOM
11997,ZDOM
11522,ZDOM
10057,ZDOM
10502,ZDOM
13053,ZDOM
11691,ZDOM
11707,ZDOM
12965,ZDOM
12822,ZDOM
10502,ZDOM
12138,ZDOM
13208,ZDOM
12897,ZDOM
12782,ZDOM
12477,ZDOM
12237,ZDOM
11132,ZDOM
11486,ZDOM
11807,ZDOM
12723,ZDOM
10452,ZDOM
13336,ZDOM
12644,ZDOM
10491,ZDOM
13067,ZDOM
11914,ZDOM
13014,ZDOM
10650,ZDOM
12675,ZDOM
10173,ZDOM
10816,ZDOM
11691,ZDOM
10057,ZDOM
12297,ZDOM
10790,ZDOM
13029,ZDOM
10745,ZDOM
10076,ZDOM
13223,ZDOM
13512,ZDOM
10721,ZDOM
12965,ZDOM
10280,ZDOM
12788,ZDOM
11942,ZDOM
10928,ZDOM
10670,ZDOM
12846,ZDOM
12726,ZDOM
10479,ZDOM
11443,ZDOM
13493,ZDOM
11943,ZDOM
12121,ZDOM
13210,ZDOM
12081,ZDOM
13397,ZDOM
11517,ZDOM
10118,ZDOM
10473,ZDOM
12757,ZDOM
10862,ZDOM
10311,ZDOM
12715,ZDOM
11453,ZDOM
13062,ZDOM
12891,ZDOM
12626,ZDOM
12891,ZDOM
10347,ZDOM
13125,ZDOM
11287,ZDOM
10644,ZDOM
13246,ZDOM
11332,ZDOM
12749,ZDOM
13115,ZDOM
11177,ZDOM
13006,ZDOM
10310,ZDOM
13412,ZDOM
10940,ZDOM
10320,ZDOM
10665,ZDOM
13727,ZDOM
11458,ZDOM
13693,ZDOM
10001,ZDOM
13342,ZDOM
13197,ZDOM
11781,ZDOM
11492,ZDOM
10000,ZDOM
13247,ZDOM
10335,ZDOM
13657,ZDOM
12955,ZDOM
10812,ZDOM
11633,ZDOM
11505,ZDOM
12196,ZDOM
12901,ZDOM
13563,ZDOM
11021,ZDOM
12867,ZDOM
13263,ZDOM
13018,ZDOM
10287,ZDOM
13366,ZDOM
10519,ZDOM
12711,ZDOM
13511,ZDOM
10335,ZDOM
11517,ZDOM
11207,ZDOM
12726,ZDOM
12723,ZDOM
13029,ZDOM
11683,ZDOM
13384,ZDOM
10047,ZDOM
10164,ZDOM
11021,ZDOM
13006,ZDOM
12715,ZDOM
10836,ZDOM
12752,ZDOM
10670,ZDOM
13210,ZDOM
13342,ZDOM
11707,ZDOM
13143,ZDOM
10665,ZDOM
13247,ZDOM
12477,ZDOM
10351,ZDOM
10479,ZDOM
13657,ZDOM
13408,ZDOM
11692,ZDOM
13246,ZDOM
13053,ZDOM
10725,ZDOM
11401,ZDOM
10849,ZDOM
13226,ZDOM
12965,ZDOM
11443,ZDOM
12782,ZDOM
10480,ZDOM
12237,ZDOM
11862,ZDOM
12644,ZDOM
13515,ZDOM
13197,ZDOM
10173,ZDOM
11856,ZDOM
13251,ZDOM
10812,ZDOM
13336,ZDOM
11807,ZDOM
10118,ZDOM
13248,ZDOM
12749,ZDOM
13208,ZDOM
10432,ZDOM
11322,ZDOM
11914,ZDOM
12826,ZDOM
12711,ZDOM
10745,ZDOM
11433,ZDOM
12965,ZDOM
12846,ZDOM
10361,ZDOM
10721,ZDOM
10401,ZDOM
10310,ZDOM
13366,ZDOM
11153,ZDOM
12983,ZDOM
13242,ZDOM
10001,ZDOM
13125,ZDOM
10115,ZDOM
11453,ZDOM
12318,ZDOM
11263,ZDOM
10928,ZDOM
13397,ZDOM
13022,ZDOM
11505,ZDOM
10347,ZDOM
11458,ZDOM
13586,ZDOM
11971,ZDOM
12788,ZDOM
11371,ZDOM
10473,ZDOM
13657,ZDOM
12675,ZDOM
11482,ZDOM
11132,ZDOM
10644,ZDOM
13412,ZDOM
13014,ZDOM
10590,ZDOM
13063,ZDOM
10076,ZDOM
11287,ZDOM
10106,ZDOM
13068,ZDOM
10650,ZDOM
11943,ZDOM
13727,ZDOM
13512,ZDOM
11412,ZDOM
13115,ZDOM
11208,ZDOM
13223,ZDOM
10125,ZDOM
10403,ZDOM
13249,ZDOM
10339,ZDOM
10310,ZDOM
10670,ZDOM
13150,ZDOM
13126,ZDOM
10106,ZDOM
13226,ZDOM
13210,ZDOM
12966,ZDOM
11707,ZDOM
13666,ZDOM
11772,ZDOM
10335,ZDOM
13245,ZDOM
11587,ZDOM
13141,ZDOM
10347,ZDOM
13599,ZDOM
13055,ZDOM
10812,ZDOM
10940,ZDOM
13106,ZDOM
10473,ZDOM
11086,ZDOM
12752,ZDOM
10002,ZDOM
13167,ZDOM
10279,ZDOM
12965,ZDOM
10219,ZDOM
11449,ZDOM
12869,ZDOM
10740,ZDOM
13586,ZDOM
10540,ZDOM
11942,ZDOM
10210,ZDOM
10296,ZDOM
11517,ZDOM
13246,ZDOM
13105,ZDOM
11454,ZDOM
11499,ZDOM
13418,ZDOM
12624,ZDOM
12864,ZDOM
11843,ZDOM
12172,ZDOM
11943,ZDOM
12121,ZDOM
13515,ZDOM
10115,ZDOM
10331,ZDOM
12757,ZDOM
11492,ZDOM
11262,ZDOM
11633,ZDOM
13004,ZDOM
12867,ZDOM
11596,ZDOM
12822,ZDOM
11530,ZDOM
11638,ZDOM
12901,ZDOM
10725,ZDOM
12874,ZDOM
10000,ZDOM
10677,ZDOM
10377,ZDOM
11263,ZDOM
13271,ZDOM
10173,ZDOM
13567,ZDOM
12900,ZDOM
12955,ZDOM
13182,ZDOM
12724,ZDOM
13208,ZDOM
10289,ZDOM
10194,ZDOM
11443,ZDOM
10591,ZDOM
13115,ZDOM
10272,ZDOM
10632,ZDOM
10721,ZDOM
11781,ZDOM
10569,ZDOM
13251,ZDOM
13197,ZDOM
11153,ZDOM
10849,ZDOM
10452,ZDOM
12318,ZDOM
10863,ZDOM
11501,ZDOM
12297,ZDOM
11612,ZDOM
10935,ZDOM
13646,ZDOM
13693,ZDOM
11151,ZDOM
10467,ZDOM
11794,ZDOM
10690,ZDOM
10650,ZDOM
13342,ZDOM
10000,ZDOM
10490,ZDOM
12953,ZDOM
13022,ZDOM
13334,ZDOM
10224,ZDOM
11691,ZDOM
11112,ZDOM
11021,ZDOM
12081,ZDOM
11920,ZDOM
10665,ZDOM
10351,ZDOM
11177,ZDOM
10138,ZDOM
10196,ZDOM
10066,ZDOM
10382,ZDOM
12626,ZDOM
13312,ZDOM
12152,ZDOM
12964,ZDOM
10264,ZDOM
12782,ZDOM
11841,ZDOM
10810,ZDOM
10167,ZDOM
13384,ZDOM
11486,ZDOM
10902,ZDOM
12822,ZDOM
11857,ZDOM
10753,ZDOM
13263,ZDOM
13115,ZDOM
12884,ZDOM
11263,ZDOM
11498,ZDOM
13657,ZDOM
12726,ZDOM
13384,ZDOM
11578,ZDOM
10432,ZDOM
10223,ZDOM
12854,ZDOM
13029,ZDOM
11683,ZDOM
10769,ZDOM
10479,ZDOM
13225,ZDOM
12829,ZDOM
11483,ZDOM
11277,ZDOM
13250,ZDOM
12477,ZDOM
13456,ZDOM
12715,ZDOM
11261,ZDOM
13563,ZDOM
13223,ZDOM
10017,ZDOM
11266,ZDOM
12644,ZDOM
10862,ZDOM
10928,ZDOM
11412,ZDOM
11177,ZDOM
10164,ZDOM
10286,ZDOM
13222,ZDOM
13512,ZDOM
11443,ZDOM
12966,ZDOM
10389,ZDOM
11838,ZDOM
11522,ZDOM
11132,ZDOM
12964,ZDOM
12802,ZDOM
12950,ZDOM
10001,ZDOM
12066,ZDOM
10519,ZDOM
13271,ZDOM
12536,ZDOM
10971,ZDOM
10057,ZDOM
13062,ZDOM
13408,ZDOM
11215,ZDOM
11491,ZDOM
12871,ZDOM
11433,ZDOM
10836,ZDOM
10492,ZDOM
11478,ZDOM
10799,ZDOM
13210,ZDOM
12453,ZDOM
12281,ZDOM
13343,ZDOM
12849,ZDOM
10584,ZDOM
12955,ZDOM
11616,ZDOM
10326,ZDOM
12257,ZDOM
13014,ZDOM
10368,ZDOM
13402,ZDOM
13168,ZDOM
10361,ZDOM
13048,ZDOM
13790,ZDOM
11480,ZDOM
10031,ZDOM
11362,ZDOM
11453,ZDOM
10745,ZDOM
13515,ZDOM
13727,ZDOM
12395,ZDOM
13433,ZDOM
12817,ZDOM
10311,ZDOM
11957,ZDOM
12965,ZDOM
13053,ZDOM
11914,ZDOM
12430,ZDOM
11864,ZDOM
13071,ZDOM
13004,ZDOM
12721,ZDOM
12395,ZDOM
13398,ZDOM
13707,ZDOM
10675,ZDOM
11514,ZDOM
12924,ZDOM
10502,ZDOM
10367,ZDOM
11508,ZDOM
10349,ZDOM
13109,ZDOM
11505,ZDOM
13247,ZDOM
13498,ZDOM
10320,ZDOM
10225,ZDOM
10997,ZDOM
11856,ZDOM
11021,ZDOM
10280,ZDOM
11562,ZDOM
11638,ZDOM
11692,ZDOM
13029,ZDOM
11446,ZDOM
10047,ZDOM
11690,ZDOM
11836,ZDOM
10590,ZDOM
11412,ZDOM
12686,ZDOM
13032,ZDOM
12761,ZDOM
12786,ZDOM
13062,ZDOM
12591,ZDOM
11031,ZDOM
10569,ZDOM
11416,ZDOM
13493,ZDOM
12303,ZDOM
12948,ZDOM
11524,ZDOM
13148,ZDOM
11465,ZDOM
11444,ZDOM
12138,ZDOM
13143,ZDOM
12846,ZDOM
11865,ZDOM
11959,ZDOM
12895,ZDOM
12989,ZDOM
11287,ZDOM
13248,ZDOM
13041,ZDOM
13433,ZDOM
10420,ZDOM
10033,ZDOM
12983,ZDOM
11690,ZDOM
13018,ZDOM
10118,ZDOM
11332,ZDOM
12645,ZDOM
11263,ZDOM
12768,ZDOM
12913,ZDOM
13036,ZDOM
12553,ZDOM
10914,ZDOM
13127,ZDOM
13135,ZDOM
10834,ZDOM
10177,ZDOM
10047,ZDOM
13366,ZDOM
10370,ZDOM
13125,ZDOM
10348,ZDOM
10268,ZDOM
13336,ZDOM
12548,ZDOM
10736,ZDOM
10590,ZDOM
13248,ZDOM
12083,ZDOM
11415,ZDOM
12891,ZDOM
13063,ZDOM
10285,ZDOM
10644,ZDOM
10344,ZDOM
10468,ZDOM
12461,ZDOM
12989,ZDOM
10595,ZDOM
12881,ZDOM
11482,ZDOM
11046,ZDOM
12675,ZDOM
13068,ZDOM
13442,ZDOM
12913,ZDOM
12226,ZDOM
12826,ZDOM
12020,ZDOM
12873,ZDOM
11862,ZDOM
10388,ZDOM
10594,ZDOM
10633,ZDOM
13397,ZDOM
11887,ZDOM
10202,ZDOM
10062,ZDOM
13396,ZDOM
13657,ZDOM
13226,ZDOM
11691,ZDOM
13139,ZDOM
12029,ZDOM
12728,ZDOM
11530,ZDOM
11460,ZDOM
13185,ZDOM
11781,ZDOM
10194,ZDOM
11499,ZDOM
11759,ZDOM
10106,ZDOM
11843,ZDOM
11726,ZDOM
10928,ZDOM
10286,ZDOM
11263,ZDOM
12226,ZDOM
13515,ZDOM
10173,ZDOM
10339,ZDOM
11470,ZDOM
10210,ZDOM
12829,ZDOM
11021,ZDOM
13225,ZDOM
10280,ZDOM
11857,ZDOM
12532,ZDOM
10490,ZDOM
11505,ZDOM
10310,ZDOM
10420,ZDOM
12430,ZDOM
10492,ZDOM
11362,ZDOM
12786,ZDOM
11021,ZDOM
12989,ZDOM
11492,ZDOM
12822,ZDOM
10377,ZDOM
13384,ZDOM
13115,ZDOM
10799,ZDOM
11683,ZDOM
11261,ZDOM
11772,ZDOM
10836,ZDOM
12461,ZDOM
11517,ZDOM
10448,ZDOM
10335,ZDOM
11011,ZDOM
13366,ZDOM
13563,ZDOM
13168,ZDOM
12782,ZDOM
13248,ZDOM
11112,ZDOM
11596,ZDOM
10280,ZDOM
10403,ZDOM
13029,ZDOM
12768,ZDOM
12591,ZDOM
11530,ZDOM
12854,ZDOM
11277,ZDOM
13182,ZDOM
11478,ZDOM
11505,ZDOM
11856,ZDOM
13493,ZDOM
10473,ZDOM
12723,ZDOM
12721,ZDOM
10584,ZDOM
11888,ZDOM
12172,ZDOM
11416,ZDOM
11736,ZDOM
10591,ZDOM
10331,ZDOM
12281,ZDOM
12752,ZDOM
12966,ZDOM
12958,ZDOM
13790,ZDOM
11443,ZDOM
11449,ZDOM
11486,ZDOM
10311,ZDOM
13226,ZDOM
11263,ZDOM
10736,ZDOM
11487,ZDOM
13251,ZDOM
13249,ZDOM
10740,ZDOM
12477,ZDOM
10279,ZDOM
12081,ZDOM
11691,ZDOM
12867,ZDOM
10721,ZDOM
13036,ZDOM
12965,ZDOM
10812,ZDOM
11371,ZDOM
11486,ZDOM
13125,ZDOM
11151,ZDOM
10224,ZDOM
12553,ZDOM
12237,ZDOM
12714,ZDOM
10351,ZDOM
13492,ZDOM
11633,ZDOM
13223,ZDOM
12121,ZDOM
10177,ZDOM
11640,ZDOM
13250,ZDOM
12692,ZDOM
12726,ZDOM
10467,ZDOM
11794,ZDOM
11508,ZDOM
10264,ZDOM
10219,ZDOM
11366,ZDOM
13041,ZDOM
13398,ZDOM
10810,ZDOM
11707,ZDOM
12083,ZDOM
10125,ZDOM
10467,ZDOM
13197,ZDOM
12083,ZDOM
13018,ZDOM
10066,ZDOM
12822,ZDOM
10650,ZDOM
13115,ZDOM
12297,ZDOM
13512,ZDOM
11510,ZDOM
13493,ZDOM
10812,ZDOM
13336,ZDOM
10997,ZDOM
10370,ZDOM
10320,ZDOM
13563,ZDOM
13515,ZDOM
13397,ZDOM
13492,ZDOM
10264,ZDOM
13208,ZDOM
10690,ZDOM
10401,ZDOM
13384,ZDOM
10194,ZDOM
12536,ZDOM
10740,ZDOM
12955,ZDOM
10761,ZDOM
10590,ZDOM
13062,ZDOM
10670,ZDOM
10206,ZDOM
13567,ZDOM
10677,ZDOM
12881,ZDOM
10347,ZDOM
13342,ZDOM
11864,ZDOM
11262,ZDOM
11691,ZDOM
12895,ZDOM
11942,ZDOM
12826,ZDOM
11177,ZDOM
11759,ZDOM
11587,ZDOM
10382,ZDOM
13036,ZDOM
13211,ZDOM
11277,ZDOM
13384,ZDOM
10206,ZDOM
12711,ZDOM
11287,ZDOM
11454,ZDOM
13071,ZDOM
10862,ZDOM
13226,ZDOM
10427,ZDOM
11460,ZDOM
11444,ZDOM
13209,ZDOM
12965,ZDOM
11153,ZDOM
10679,ZDOM
12066,ZDOM
11412,ZDOM
13107,ZDOM
10287,ZDOM
13264,ZDOM
11480,ZDOM
12644,ZDOM
10309,ZDOM
11914,ZDOM
10224,ZDOM
11031,ZDOM
11911,ZDOM
10167,ZDOM
10047,ZDOM
10790,ZDOM
11491,ZDOM
12948,ZDOM
10519,ZDOM
12453,ZDOM
11021,ZDOM
11501,ZDOM
13666,ZDOM
13115,ZDOM
11483,ZDOM
13099,ZDOM
12900,ZDOM
13053,ZDOM
11807,ZDOM
10115,ZDOM
10361,ZDOM
13141,ZDOM
10675,ZDOM
12638,ZDOM
13105,ZDOM
12761,ZDOM
10863,ZDOM
11433,ZDOM
13049,ZDOM
12967,ZDOM
11530,ZDOM
10479,ZDOM
13052,ZDOM
11332,ZDOM
13343,ZDOM
12257,ZDOM
10272,ZDOM
12955,ZDOM
13167,ZDOM
13067,ZDOM
13586,ZDOM
12983,ZDOM
11638,ZDOM
10285,ZDOM
13412,ZDOM
12395,ZDOM
12686,ZDOM
10225,ZDOM
13185,ZDOM
11443,ZDOM
11838,ZDOM
13150,ZDOM
12901,ZDOM
12757,ZDOM
11046,ZDOM
12749,ZDOM
10881,ZDOM
10118,ZDOM
12891,ZDOM
10062,ZDOM
10677,ZDOM
13408,ZDOM
11445,ZDOM
10382,ZDOM
10317,ZDOM
11759,ZDOM
10769,ZDOM
10420,ZDOM
12029,ZDOM
10519,ZDOM
11132,ZDOM
11021,ZDOM
11366,ZDOM
13392,ZDOM
13246,ZDOM
10690,ZDOM
12675,ZDOM
13412,ZDOM
13146,ZDOM
12826,ZDOM
11457,ZDOM
12956,ZDOM
11843,ZDOM
10290,ZDOM
13098,ZDOM
11612,ZDOM
10649,ZDOM
13029,ZDOM
13565,ZDOM
12782,ZDOM
12313,ZDOM
10863,ZDOM
11690,ZDOM
11262,ZDOM
11371,ZDOM
10774,ZDOM
13067,ZDOM
13120,ZDOM
10443,ZDOM
11856,ZDOM
10223,ZDOM
10595,ZDOM
10591,ZDOM
11957,ZDOM
13055,ZDOM
13139,ZDOM
12728,ZDOM
10490,ZDOM
12093,ZDOM
10723,ZDOM
12579,ZDOM
10033,ZDOM
10277,ZDOM
12920,ZDOM
13586,ZDOM
12696,ZDOM
10479,ZDOM
12864,ZDOM
12901,ZDOM
12967,ZDOM
12580,ZDOM
10725,ZDOM
10123,ZDOM
11522,ZDOM
11447,ZDOM
10665,ZDOM
13093,ZDOM
13511,ZDOM
10829,ZDOM
13397,ZDOM
10268,ZDOM
12626,ZDOM
13182,ZDOM
10102,ZDOM
13243,ZDOM
12674,ZDOM
11721,ZDOM
10164,ZDOM
12721,ZDOM
11277,ZDOM
13496,ZDOM
13061,ZDOM
10076,ZDOM
11268,ZDOM
12171,ZDOM
10335,ZDOM
12711,ZDOM
11596,ZDOM
10051,ZDOM
12663,ZDOM
13336,ZDOM
11517,ZDOM
13456,ZDOM
11417,ZDOM
13208,ZDOM
12948,ZDOM
10147,ZDOM
12955,ZDOM
12782,ZDOM
12854,ZDOM
12846,ZDOM
10633,ZDOM
10368,ZDOM
10367,ZDOM
13003,ZDOM
12163,ZDOM
12121,ZDOM
13263,ZDOM
10670,ZDOM
10849,ZDOM
11478,ZDOM
12766,ZDOM
13563,ZDOM
10740,ZDOM
11505,ZDOM
10449,ZDOM
12571,ZDOM
13693,ZDOM
12271,ZDOM
13105,ZDOM
11460,ZDOM
10279,ZDOM
13146,ZDOM
13182,ZDOM
12451,ZDOM
11483,ZDOM
10963,ZDOM
13727,ZDOM
11726,ZDOM
10347,ZDOM
13657,ZDOM
10194,ZDOM
11486,ZDOM
11549,ZDOM
11736,ZDOM
10319,ZDOM
13790,ZDOM
12452,ZDOM
10452,ZDOM
10210,ZDOM
13398,ZDOM
12822,ZDOM
12897,ZDOM
10225,ZDOM
10799,ZDOM
13105,ZDOM
13213,ZDOM
11841,ZDOM
12983,ZDOM
10163,ZDOM
10491,ZDOM
10310,ZDOM
12732,ZDOM
13244,ZDOM
12540,ZDOM
10278,ZDOM
11362,ZDOM
12681,ZDOM
10173,ZDOM
12734,ZDOM
12029,ZDOM
10590,ZDOM
13134,ZDOM
12628,ZDOM
10679,ZDOM
10309,ZDOM
13174,ZDOM
12743,ZDOM
12640,ZDOM
12729,ZDOM
12920,ZDOM
10650,ZDOM
13568,ZDOM
12735,ZDOM
13412,ZDOM
12915,ZDOM
13512,ZDOM
13249,ZDOM
13342,ZDOM
13251,ZDOM
10519,ZDOM
10997,ZDOM
13042,ZDOM
11371,ZDOM
13049,ZDOM
12723,ZDOM
10264,ZDOM
10810,ZDOM
13141,ZDOM
10281,ZDOM
13384,ZDOM
10076,ZDOM
12681,ZDOM
13511,ZDOM
13062,ZDOM
11941,ZDOM
10720,ZDOM
10584,ZDOM
12881,ZDOM
10047,ZDOM
13225,ZDOM
12081,ZDOM
10017,ZDOM
13492,ZDOM
11562,ZDOM
10106,ZDOM
13215,ZDOM
10162,ZDOM
12724,ZDOM
10935,ZDOM
12758,ZDOM
11809,ZDOM
10473,ZDOM
12644,ZDOM
10853,ZDOM
11004,ZDOM
10467,ZDOM
11959,ZDOM
10503,ZDOM
10759,ZDOM
10810,ZDOM
11451,ZDOM
10203,ZDOM
11510,ZDOM
13264,ZDOM
13168,ZDOM
10033,ZDOM
11608,ZDOM
10057,ZDOM
12726,ZDOM
11500,ZDOM
12874,ZDOM
13223,ZDOM
13113,ZDOM
13402,ZDOM
12318,ZDOM
10118,ZDOM
10351,ZDOM
10836,ZDOM
10185,ZDOM
11530,ZDOM
10280,ZDOM
10420,ZDOM
12742,ZDOM
10456,ZDOM
13004,ZDOM
12911,ZDOM
10427,ZDOM
11943,ZDOM
10296,ZDOM
12895,ZDOM
13048,ZDOM
12815,ZDOM
11963,ZDOM
11533,ZDOM
10361,ZDOM
11807,ZDOM
12083,ZDOM
11508,ZDOM
11943,ZDOM
11277,ZDOM
13226,ZDOM
13397,ZDOM
10000,ZDOM
10501,ZDOM
13067,ZDOM
11437,ZDOM
10633,ZDOM
12989,ZDOM
13021,ZDOM
13567,ZDOM
12226,ZDOM
13127,ZDOM
12854,ZDOM
12226,ZDOM
11207,ZDOM
11446,ZDOM
11722,ZDOM
10286,ZDOM
13226,ZDOM
11011,ZDOM
10163,ZDOM
13125,ZDOM
11578,ZDOM
13512,ZDOM
13068,ZDOM
13143,ZDOM
10370,ZDOM
12965,ZDOM
10448,ZDOM
12936,ZDOM
12905,ZDOM
11086,ZDOM
11046,ZDOM
11638,ZDOM
11864,ZDOM
11132,ZDOM
12826,ZDOM
12895,ZDOM
10862,ZDOM
10374,ZDOM
13133,ZDOM
10832,ZDOM
12644,ZDOM
11691,ZDOM
10361,ZDOM
10705,ZDOM
12281,ZDOM
11460,ZDOM
11415,ZDOM
11781,ZDOM
13006,ZDOM
10654,ZDOM
10940,ZDOM
10177,ZDOM
12871,ZDOM
11499,ZDOM
10432,ZDOM
11534,ZDOM
13240,ZDOM
12645,ZDOM
10042,ZDOM
12805,ZDOM
11215,ZDOM
11640,ZDOM
13247,ZDOM
13209,ZDOM
10653,ZDOM
13064,ZDOM
10264,ZDOM
10771,ZDOM
10692,ZDOM
10202,ZDOM
10834,ZDOM
11881,ZDOM
13254,ZDOM
12817,ZDOM
10348,ZDOM
13271,ZDOM
10726,ZDOM
13343,ZDOM
11524,ZDOM
12477,ZDOM
12525,ZDOM
13366,ZDOM
12864,ZDOM
10309,ZDOM
10644,ZDOM
13167,ZDOM
11914,ZDOM
13029,ZDOM
12830,ZDOM
12955,ZDOM
10644,ZDOM
12725,ZDOM
12849,ZDOM
13599,ZDOM
10971,ZDOM
10401,ZDOM
13036,ZDOM
11798,ZDOM
12548,ZDOM
12083,ZDOM
11838,ZDOM
13108,ZDOM
10111,ZDOM
12237,ZDOM
12949,ZDOM
12020,ZDOM
12891,ZDOM
13433,ZDOM
10224,ZDOM
11505,ZDOM
13055,ZDOM
13210,ZDOM
12540,ZDOM
11446,ZDOM
10322,ZDOM
12624,ZDOM
12080,ZDOM
12395,ZDOM
10396,ZDOM
10331,ZDOM
12791,ZDOM
10115,ZDOM
12191,ZDOM
13433,ZDOM
13398,ZDOM
13073,ZDOM
12723,ZDOM
11021,ZDOM
12686,ZDOM
10066,ZDOM
11500,ZDOM
11112,ZDOM
11153,ZDOM
11206,ZDOM
11638,ZDOM
12196,ZDOM
13211,ZDOM
11415,ZDOM
10194,ZDOM
11911,ZDOM
11031,ZDOM
10422,ZDOM
12958,ZDOM
11865,ZDOM
12692,ZDOM
10917,ZDOM
12066,ZDOM
12822,ZDOM
10373,ZDOM
13208,ZDOM
11008,ZDOM
13646,ZDOM
13645,ZDOM
13497,ZDOM
11136,ZDOM
10335,ZDOM
12553,ZDOM
13666,ZDOM
13456,ZDOM
11707,ZDOM
10272,ZDOM
11794,ZDOM
11807,ZDOM
13493,ZDOM
10285,ZDOM
13126,ZDOM
12891,ZDOM
10812,ZDOM
12722,ZDOM
10320,ZDOM
11216,ZDOM
10062,ZDOM
13105,ZDOM
13014,ZDOM
11920,ZDOM
10290,ZDOM
10328,ZDOM
13071,ZDOM
13483,ZDOM
13056,ZDOM
10727,ZDOM
11452,ZDOM
13125,ZDOM
13148,ZDOM
10675,ZDOM
13197,ZDOM
11444,ZDOM
12768,ZDOM
12829,ZDOM
10310,ZDOM
13242,ZDOM
13006,ZDOM
12924,ZDOM
13115,ZDOM
13418,ZDOM
13510,ZDOM
10326,ZDOM
12752,ZDOM
12788,ZDOM
12804,ZDOM
12802,ZDOM
11862,ZDOM
10753,ZDOM
13241,ZDOM
10373,ZDOM
11959,ZDOM
12939,ZDOM
10349,ZDOM
10804,ZDOM
11470,ZDOM
13178,ZDOM
13102,ZDOM
11514,ZDOM
12924,ZDOM
12953,ZDOM
11530,ZDOM
10928,ZDOM
11942,ZDOM
13029,ZDOM
11443,ZDOM
12937,ZDOM
12666,ZDOM
13482,ZDOM
13166,ZDOM
13036,ZDOM
11633,ZDOM
11322,ZDOM
11487,ZDOM
10624,ZDOM
13498,ZDOM
12767,ZDOM
13210,ZDOM
13334,ZDOM
12979,ZDOM
12081,ZDOM
13266,ZDOM
12733,ZDOM
10912,ZDOM
11263,ZDOM
11177,ZDOM
12827,ZDOM
13068,ZDOM
11432,ZDOM
10002,ZDOM
11011,ZDOM
13070,ZDOM
10721,ZDOM
13022,ZDOM
12874,ZDOM
12999,ZDOM
11517,ZDOM
11443,ZDOM
11009,ZDOM
10937,ZDOM
12851,ZDOM
13250,ZDOM
11499,ZDOM
12675,ZDOM
10164,ZDOM
10863,ZDOM
13166,ZDOM
13184,ZDOM
13225,ZDOM
12821,ZDOM
13727,ZDOM
11433,ZDOM
13140,ZDOM
13421,ZDOM
13238,ZDOM
10403,ZDOM
13106,ZDOM
13498,ZDOM
10501,ZDOM
13497,ZDOM
11690,ZDOM
10000,ZDOM
13433,ZDOM
10377,ZDOM
10089,ZDOM
12696,ZDOM
10287,ZDOM
12715,ZDOM
11468,ZDOM
10740,ZDOM
11445,ZDOM
11011,ZDOM
10344,ZDOM
13493,ZDOM
10448,ZDOM
12757,ZDOM
11453,ZDOM
13036,ZDOM
10492,ZDOM
13062,ZDOM
11517,ZDOM
11452,ZDOM
12591,ZDOM
10502,ZDOM
10632,ZDOM
12430,ZDOM
13099,ZDOM
10835,ZDOM
12991,ZDOM
13139,ZDOM
11151,ZDOM
13164,ZDOM
12645,ZDOM
11151,ZDOM
12873,ZDOM
10388,ZDOM
12950,ZDOM
11362,ZDOM
10665,ZDOM
12867,ZDOM
10670,ZDOM
11794,ZDOM
11263,ZDOM
10349,ZDOM
10280,ZDOM
13032,ZDOM
12536,ZDOM
10799,ZDOM
12895,ZDOM
12761,ZDOM
11498,ZDOM
13215,ZDOM
12846,ZDOM
13223,ZDOM
12591,ZDOM
10311,ZDOM
10519,ZDOM
13167,ZDOM
12900,ZDOM
10194,ZDOM
13342,ZDOM
12532,ZDOM
10725,ZDOM
10997,ZDOM
10584,ZDOM
10862,ZDOM
10219,ZDOM
10467,ZDOM
12757,ZDOM
11491,ZDOM
10740,ZDOM
12782,ZDOM
10173,ZDOM
12955,ZDOM
13249,ZDOM
13071,ZDOM
11021,ZDOM
11478,ZDOM
13366,ZDOM
10279,ZDOM
11216,ZDOM
12318,ZDOM
13384,ZDOM
13493,ZDOM
10031,ZDOM
12955,ZDOM
12081,ZDOM
10492,ZDOM
12303,ZDOM
12822,ZDOM
13208,ZDOM
13263,ZDOM
13246,ZDOM
13433,ZDOM
12477,ZDOM
10223,ZDOM
12453,ZDOM
12395,ZDOM
12966,ZDOM
13029,ZDOM
10675,ZDOM
10721,ZDOM
10286,ZDOM
13150,ZDOM
13312,ZDOM
13251,ZDOM
12172,ZDOM
12829,ZDOM
10690,ZDOM
13442,ZDOM
10062,ZDOM
10677,ZDOM
12723,ZDOM
11046,ZDOM
13209,ZDOM
11487,ZDOM
12686,ZDOM
11433,ZDOM
11443,ZDOM
10812,ZDOM
12822,ZDOM
11683,ZDOM
13693,ZDOM
10812,ZDOM
11920,ZDOM
10224,ZDOM
12711,ZDOM
10320,ZDOM
11262,ZDOM
10810,ZDOM
11957,ZDOM
11412,ZDOM
11596,ZDOM
11640,ZDOM
11460,ZDOM
12913,ZDOM
13197,ZDOM
13018,ZDOM
11460,ZDOM
10115,ZDOM
12152,ZDOM
10468,ZDOM
11857,ZDOM
11772,ZDOM
13115,ZDOM
11371,ZDOM
13041,ZDOM
11508,ZDOM
12226,ZDOM
11856,ZDOM
10335,ZDOM
10902,ZDOM
13141,ZDOM
13115,ZDOM
13143,ZDOM
13563,ZDOM
11562,ZDOM
11112,ZDOM
12638,ZDOM
11843,ZDOM
12964,ZDOM
13248,ZDOM
11412,ZDOM
10491,ZDOM
13384,ZDOM
12854,ZDOM
10272,ZDOM
12430,ZDOM
11031,ZDOM
12966,ZDOM
11501,ZDOM
11177,ZDOM
13250,ZDOM
13790,ZDOM
13336,ZDOM
12029,ZDOM
11664,ZDOM
12950,ZDOM
10479,ZDOM
13022,ZDOM
11483,ZDOM
12461,ZDOM
11959,ZDOM
13106,ZDOM
11453,ZDOM
10473,ZDOM
10377,ZDOM
10062,ZDOM
11692,ZDOM
10002,ZDOM
13247,ZDOM
12626,ZDOM
11449,ZDOM
12686,ZDOM
12297,ZDOM
11446,ZDOM
11153,ZDOM
11486,ZDOM
13226,ZDOM
10225,ZDOM
10331,ZDOM
11843,ZDOM
10382,ZDOM
11726,ZDOM
13492,ZDOM
11416,ZDOM
10118,ZDOM
10420,ZDOM
12989,ZDOM
13646,ZDOM
12020,ZDOM
13398,ZDOM
12591,ZDOM
13515,ZDOM
10351,ZDOM
13148,ZDOM
12721,ZDOM
10309,ZDOM
11215,ZDOM
10210,ZDOM
11524,ZDOM
13493,ZDOM
10736,ZDOM
10836,ZDOM
11287,ZDOM
10928,ZDOM
11263,ZDOM
10443,ZDOM
12749,ZDOM
11021,ZDOM
13125,ZDOM
13225,ZDOM
12821,ZDOM
10403,ZDOM
11638,ZDOM
10490,ZDOM
13168,ZDOM
11914,ZDOM
13185,ZDOM
11838,ZDOM
10937,ZDOM
11707,ZDOM
10650,ZDOM
12846,ZDOM
10268,ZDOM
10540,ZDOM
12768,ZDOM
10331,ZDOM
11616,ZDOM
13693,ZDOM
12938,ZDOM
11277,ZDOM
13004,ZDOM
11492,ZDOM
12786,ZDOM
11086,ZDOM
10339,ZDOM
13115,ZDOM
11911,ZDOM
13666,ZDOM
10017,ZDOM
13052,ZDOM
10326,ZDOM
13067,ZDOM
10432,ZDOM
11261,ZDOM
11807,ZDOM
11841,ZDOM
12644,ZDOM
11263,ZDOM
13657,ZDOM
12395,ZDOM
13586,ZDOM
11530,ZDOM
12967,ZDOM
10769,ZDOM
13222,ZDOM
12624,ZDOM
13408,ZDOM
12281,ZDOM
12783,ZDOM
13053,ZDOM
11008,ZDOM
10914,ZDOM
13036,ZDOM
13183,ZDOM
12083,ZDOM
11415,ZDOM
12553,ZDOM
12692,ZDOM
12826,ZDOM
13068,ZDOM
12580,ZDOM
10591,ZDOM
10736,ZDOM
11514,ZDOM
11444,ZDOM
13248,ZDOM
13151,ZDOM
12714,ZDOM
12948,ZDOM
10173,ZDOM
10264,ZDOM
11943,ZDOM
11151,ZDOM
11277,ZDOM
12726,ZDOM
11177,ZDOM
11522,ZDOM
10740,ZDOM
10106,ZDOM
13496,ZDOM
10644,ZDOM
12536,ZDOM
13567,ZDOM
10347,ZDOM
13433,ZDOM
11443,ZDOM
13029,ZDOM
10173,ZDOM
10479,ZDOM
13398,ZDOM
11449,ZDOM
11517,ZDOM
12948,ZDOM
12152,ZDOM
11942,ZDOM
13018,ZDOM
10347,ZDOM
12645,ZDOM
10310,ZDOM
10289,ZDOM
12867,ZDOM
11838,ZDOM
10761,ZDOM
11911,ZDOM
11263,ZDOM
11277,ZDOM
13492,ZDOM
10452,ZDOM
13342,ZDOM
11794,ZDOM
13586,ZDOM
11177,ZDOM
11262,ZDOM
13366,ZDOM
11215,ZDOM
10223,ZDOM
10194,ZDOM
10335,ZDOM
13115,ZDOM
11562,ZDOM
11781,ZDOM
11444,ZDOM
12913,ZDOM
11263,ZDOM
10963,ZDOM
12895,ZDOM
10473,ZDOM
10799,ZDOM
12477,ZDOM
10721,ZDOM
13248,ZDOM
12989,ZDOM
12900,ZDOM
11499,ZDOM
13225,ZDOM
12768,ZDOM
12829,ZDOM
10834,ZDOM
13168,ZDOM
10829,ZDOM
13271,ZDOM
12983,ZDOM
13105,ZDOM
13418,ZDOM
13384,ZDOM
13208,ZDOM
13062,ZDOM
11690,ZDOM
13048,ZDOM
10836,ZDOM
12964,ZDOM
12644,ZDOM
11132,ZDOM
10264,ZDOM
12864,ZDOM
12540,ZDOM
10740,ZDOM
13197,ZDOM
11153,ZDOM
10138,ZDOM
13107,ZDOM
10351,ZDOM
12782,ZDOM
13563,ZDOM
10377,ZDOM
10584,ZDOM
10210,ZDOM
10388,ZDOM
12891,ZDOM
12913,ZDOM
11920,ZDOM
11465,ZDOM
12950,ZDOM
10590,ZDOM
12958,ZDOM
10309,ZDOM
13442,ZDOM
12788,ZDOM
10382,ZDOM
10106,ZDOM
10492,ZDOM
10326,ZDOM
12854,ZDOM
10427,ZDOM
13498,ZDOM
11480,ZDOM
10690,ZDOM
10790,ZDOM
11046,ZDOM
12624,ZDOM
11031,ZDOM
12953,ZDOM
11530,ZDOM
12711,ZDOM
10812,ZDOM
13433,ZDOM
13207,ZDOM
12964,ZDOM
12822,ZDOM
11216,ZDOM
11612,ZDOM
13515,ZDOM
11021,ZDOM
12955,ZDOM
13223,ZDOM
10057,ZDOM
13456,ZDOM
12257,ZDOM
12686,ZDOM
11508,ZDOM
11957,ZDOM
10268,ZDOM
12081,ZDOM
12752,ZDOM
12226,ZDOM
12536,ZDOM
12715,ZDOM
10370,ZDOM
12066,ZDOM
11772,ZDOM
11151,ZDOM
11638,ZDOM
10940,ZDOM
12626,ZDOM
11633,ZDOM
10745,ZDOM
11533,ZDOM
12172,ZDOM
10675,ZDOM
13250,ZDOM
11415,ZDOM
11021,ZDOM
12020,ZDOM
13384,ZDOM
10331,ZDOM
11261,ZDOM
11500,ZDOM
10670,ZDOM
11486,ZDOM
11021,ZDOM
12430,ZDOM
10118,ZDOM
11478,ZDOM
10625,ZDOM
13141,ZDOM
11501,ZDOM
10320,ZDOM
13693,ZDOM
13624,ZDOM
11524,ZDOM
10403,ZDOM
11460,ZDOM
11510,ZDOM
13249,ZDOM
11443,ZDOM
13041,ZDOM
10881,ZDOM
11736,ZDOM
12924,ZDOM
12721,ZDOM
12714,ZDOM
10540,ZDOM
12852,ZDOM
10591,ZDOM
10835,ZDOM
10447,ZDOM
11707,ZDOM
10491,ZDOM
13246,ZDOM
13511,ZDOM
10280,ZDOM
10349,ZDOM
13150,ZDOM
10202,ZDOM
11492,ZDOM
13336,ZDOM
13053,ZDOM
11008,ZDOM
13251,ZDOM
13215,ZDOM
12696,ZDOM
10928,ZDOM
13071,ZDOM
10490,ZDOM
12453,ZDOM
12591,ZDOM
11454,ZDOM
13334,ZDOM
10401,ZDOM
10115,ZDOM
13115,ZDOM
10066,ZDOM
10177,ZDOM
10206,ZDOM
11332,ZDOM
11664,ZDOM
10225,ZDOM
11887,ZDOM
13657,ZDOM
12081,ZDOM
13148,ZDOM
12989,ZDOM
12864,ZDOM
12965,ZDOM
11458,ZDOM
12461,ZDOM
12121,ZDOM
10997,ZDOM
10863,ZDOM
10219,ZDOM
12955,ZDOM
10367,ZDOM
10519,ZDOM
11640,ZDOM
10164,ZDOM
13512,ZDOM
12675,ZDOM
11856,ZDOM
12281,ZDOM
12966,ZDOM
12822,ZDOM
11726,ZDOM
10849,ZDOM
12901,ZDOM
13004,ZDOM
13790,ZDOM
13067,ZDOM
12237,ZDOM
10863,ZDOM
10432,ZDOM
11616,ZDOM
13006,ZDOM
12029,ZDOM
10858,ZDOM
12817,ZDOM
11914,ZDOM
10653,ZDOM
10224,ZDOM
12548,ZDOM
13166,ZDOM
10001,ZDOM
13412,ZDOM
12083,ZDOM
12163,ZDOM
12786,ZDOM
13456,ZDOM
13384,ZDOM
11505,ZDOM
13264,ZDOM
10285,ZDOM
10665,ZDOM
11843,ZDOM
11522,ZDOM
12783,ZDOM
12237,ZDOM
12914,ZDOM
11759,ZDOM
10649,ZDOM
10286,ZDOM
11888,ZDOM
10725,ZDOM
13343,ZDOM
11433,ZDOM
13099,ZDOM
10632,ZDOM
13245,ZDOM
10225,ZDOM
13036,ZDOM
13263,ZDOM
13271,ZDOM
10279,ZDOM
10467,ZDOM
11530,ZDOM
13727,ZDOM
10194,ZDOM
13392,ZDOM
11371,ZDOM
12958,ZDOM
11483,ZDOM
13493,ZDOM
12318,ZDOM
11412,ZDOM
13226,ZDOM
10810,ZDOM
11412,ZDOM
10502,ZDOM
11862,ZDOM
12869,ZDOM
13049,ZDOM
10272,ZDOM
11596,ZDOM
10677,ZDOM
11452,ZDOM
13226,ZDOM
10000,ZDOM
12874,ZDOM
11366,ZDOM
11514,ZDOM
10914,ZDOM
13433,ZDOM
12318,ZDOM
13167,ZDOM
10196,ZDOM
13646,ZDOM
12761,ZDOM
12749,ZDOM
13247,ZDOM
11277,ZDOM
11587,ZDOM
11683,ZDOM
11864,ZDOM
10420,ZDOM
11943,ZDOM
10736,ZDOM
13336,ZDOM
11857,ZDOM
12757,ZDOM
11112,ZDOM
11493,ZDOM
10187,ZDOM
10644,ZDOM
12881,ZDOM
13599,ZDOM
13139,ZDOM
11843,ZDOM
12726,ZDOM
12138,ZDOM
10167,ZDOM
13108,ZDOM
13068,ZDOM
12826,ZDOM
11206,ZDOM
11807,ZDOM
11759,ZDOM
13455,ZDOM
13075,ZDOM
13389,ZDOM
13554,ZDOM
13504,ZDOM
13603,ZDOM
13362,ZDOM
13394,ZDOM
13659,ZDOM
13495,ZDOM
13237,ZDOM
13505,ZDOM
13507,ZDOM
13282,ZDOM
13513,ZDOM
13656,ZDOM
13431,ZDOM
13466,ZDOM
13652,ZDOM
13199,ZDOM
13607,ZDOM
13425,ZDOM
13517,ZDOM
13494,ZDOM
13524,ZDOM
13262,ZDOM
13641,ZDOM
13556,ZDOM
13699,ZDOM
13548,ZDOM
13302,ZDOM
13419,ZDOM
13621,ZDOM
13678,ZDOM
13608,ZDOM
13582,ZDOM
13655,ZDOM
13502,ZDOM
13585,ZDOM
13464,ZDOM
13473,ZDOM
13416,ZDOM
13231,ZDOM
13559,ZDOM
13411,ZDOM
13710,ZDOM
13427,ZDOM
13332,ZDOM
13268,ZDOM
13550,ZDOM
13574,ZDOM
13454,ZDOM
13660,ZDOM
13514,ZDOM
13676,ZDOM
13523,ZDOM
13501,ZDOM
13227,ZDOM
13201,ZDOM
13800,ZDOM
13200,ZDOM
13365,ZDOM
13406,ZDOM
13674,ZDOM
13426,ZDOM
13606,ZDOM
13521,ZDOM
13423,ZDOM
13618,ZDOM
13911,ZDOM
13612,ZDOM
13576,ZDOM
13911,ZDOM
13232,ZDOM
13235,ZDOM
13610,ZDOM
13677,ZDOM
13525,ZDOM
13816,ZDOM
13795,ZDOM
13692,ZDOM
13429,ZDOM
13452,ZDOM
13691,ZDOM
13695,ZDOM
13682,ZDOM
13555,ZDOM
13232,ZDOM
13079,ZDOM
13662,ZDOM
13714,ZDOM
13562,ZDOM
13269,ZDOM
13702,ZDOM
13453,ZDOM
13458,ZDOM
13601,ZDOM
13635,ZDOM
13484,ZDOM
13228,ZDOM
13472,ZDOM
13508,ZDOM
13631,ZDOM
13503,ZDOM
13407,ZDOM
13195,ZDOM
13571,ZDOM
13078,ZDOM
13233,ZDOM
13520,ZDOM
13684,ZDOM
13206,ZDOM
13463,ZDOM
13409,ZDOM
13703,ZDOM
13721,ZDOM
13587,ZDOM
13688,ZDOM
13506,ZDOM
13415,ZDOM
13573,ZDOM
13630,ZDOM
13687,ZDOM
13364,ZDOM
13604,ZDOM
13619,ZDOM
13673,ZDOM
13558,ZDOM
13557,ZDOM
13569,ZDOM
13633,ZDOM
13609,ZDOM
13648,ZDOM
13629,ZDOM
13564,ZDOM
13322,ZDOM
13236,ZDOM
13752,ZDOM
13410,ZDOM
13675,ZDOM
13615,ZDOM
13388,ZDOM
13272,ZDOM
13273,ZDOM
13082,ZDOM
13580,ZDOM
13792,ZDOM
13711,ZDOM
13465,ZDOM
13639,ZDOM
13572,ZDOM
13704,ZDOM
13632,ZDOM
13417,ZDOM
13622,ZDOM
13713,ZDOM
13575,ZDOM
13272,ZDOM
13079,ZDOM
13519,ZDOM
13653,ZDOM
13583,ZDOM
13413,ZDOM
13518,ZDOM
13628,ZDOM
13634,ZDOM
13430,ZDOM
13649,ZDOM
13710,ZDOM
13524,ZDOM
13688,ZDOM
13513,ZDOM
13608,ZDOM
13472,ZDOM
13571,ZDOM
13634,ZDOM
13721,ZDOM
13507,ZDOM
13272,ZDOM
13237,ZDOM
13078,ZDOM
13453,ZDOM
13703,ZDOM
13792,ZDOM
13911,ZDOM
13411,ZDOM
13431,ZDOM
13573,ZDOM
13389,ZDOM
13506,ZDOM
13652,ZDOM
13628,ZDOM
13466,ZDOM
13583,ZDOM
13415,ZDOM
13413,ZDOM
13692,ZDOM
13795,ZDOM
13702,ZDOM
13407,ZDOM
13816,ZDOM
13587,ZDOM
13649,ZDOM
13419,ZDOM
13704,ZDOM
13262,ZDOM
13635,ZDOM
13603,ZDOM
13454,ZDOM
13518,ZDOM
13557,ZDOM
13458,ZDOM
13609,ZDOM
13494,ZDOM
13394,ZDOM
13079,ZDOM
13662,ZDOM
13684,ZDOM
13691,ZDOM
13503,ZDOM
13554,ZDOM
13201,ZDOM
13484,ZDOM
13714,ZDOM
13577,ZDOM
13556,ZDOM
13199,ZDOM
13550,ZDOM
13410,ZDOM
13911,ZDOM
13417,ZDOM
13427,ZDOM
13572,ZDOM
13504,ZDOM
13332,ZDOM
13631,ZDOM
13075,ZDOM
13514,ZDOM
13711,ZDOM
13501,ZDOM
13079,ZDOM
13653,ZDOM
13235,ZDOM
13564,ZDOM
13677,ZDOM
13269,ZDOM
13713,ZDOM
13393,ZDOM
13232,ZDOM
13641,ZDOM
13525,ZDOM
13195,ZDOM
13676,ZDOM
13426,ZDOM
13800,ZDOM
13302,ZDOM
13282,ZDOM
13231,ZDOM
13430,ZDOM
13406,ZDOM
13569,ZDOM
13615,ZDOM
13464,ZDOM
13202,ZDOM
13695,ZDOM
13425,ZDOM
13519,ZDOM
13517,ZDOM
13656,ZDOM
13272,ZDOM
13619,ZDOM
13548,ZDOM
13416,ZDOM
13673,ZDOM
13228,ZDOM
13582,ZDOM
13580,ZDOM
13495,ZDOM
13678,ZDOM
13200,ZDOM
13364,ZDOM
13752,ZDOM
13630,ZDOM
13621,ZDOM
13322,ZDOM
13699,ZDOM
13655,ZDOM
13558,ZDOM
13233,ZDOM
13365,ZDOM
13682,ZDOM
13622,ZDOM
13232,ZDOM
13555,ZDOM
13581,ZDOM
13388,ZDOM
13227,ZDOM
13362,ZDOM
13465,ZDOM
13455,ZDOM
13082,ZDOM
13606,ZDOM
13576,ZDOM
13660,ZDOM
13629,ZDOM
13206,ZDOM
13463,ZDOM
13691,ZDOM
13548,ZDOM
13231,ZDOM
13272,ZDOM
13417,ZDOM
13615,ZDOM
13513,ZDOM
13201,ZDOM
13415,ZDOM
13564,ZDOM
13582,ZDOM
13573,ZDOM
13631,ZDOM
13494,ZDOM
13569,ZDOM
13659,ZDOM
13550,ZDOM
13269,ZDOM
13502,ZDOM
13389,ZDOM
13233,ZDOM
13416,ZDOM
13454,ZDOM
13816,ZDOM
13610,ZDOM
13199,ZDOM
13713,ZDOM
13423,ZDOM
13503,ZDOM
13262,ZDOM
13232,ZDOM
13677,ZDOM
13237,ZDOM
13302,ZDOM
13656,ZDOM
13419,ZDOM
13692,ZDOM
13406,ZDOM
13227,ZDOM
13673,ZDOM
13702,ZDOM
13575,ZDOM
13795,ZDOM
13574,ZDOM
13431,ZDOM
13235,ZDOM
13228,ZDOM
13282,ZDOM
13484,ZDOM
13652,ZDOM
13232,ZDOM
13558,ZDOM
13495,ZDOM
13507,ZDOM
13606,ZDOM
13455,ZDOM
13583,ZDOM
13268,ZDOM
13430,ZDOM
13388,ZDOM
13426,ZDOM
13710,ZDOM
13200,ZDOM
13524,ZDOM
13571,ZDOM
13504,ZDOM
13523,ZDOM
13572,ZDOM
13505,ZDOM
13365,ZDOM
13603,ZDOM
13407,ZDOM
13576,ZDOM
13554,ZDOM
13911,ZDOM
13508,ZDOM
13653,ZDOM
13711,ZDOM
13559,ZDOM
13411,ZDOM
13362,ZDOM
13506,ZDOM
13425,ZDOM
13410,ZDOM
13684,ZDOM
13792,ZDOM
13075,ZDOM
13607,ZDOM
13525,ZDOM
13676,ZDOM
13634,ZDOM
13427,ZDOM
13649,ZDOM
13413,ZDOM
13452,ZDOM
13079,ZDOM
13581,ZDOM
13662,ZDOM
13688,ZDOM
13695,ZDOM
13521,ZDOM
13409,ZDOM
13800,ZDOM
13464,ZDOM
13704,ZDOM
13687,ZDOM
13714,ZDOM
13556,ZDOM
13911,ZDOM
13630,ZDOM
13648,ZDOM
13609,ZDOM
13608,ZDOM
13520,ZDOM
13703,ZDOM
13752,ZDOM
13364,ZDOM
13674,ZDOM
13472,ZDOM
13394,ZDOM
13555,ZDOM
13699,ZDOM
13655,ZDOM
13721,ZDOM
13612,ZDOM
13236,ZDOM
13393,ZDOM
13628,ZDOM
13322,ZDOM
13082,ZDOM
13514,ZDOM
13272,ZDOM
13678,ZDOM
13557,ZDOM
13501,ZDOM
13465,ZDOM
13453,ZDOM
13629,ZDOM
13632,ZDOM
13682,ZDOM
13458,ZDOM
13633,ZDOM
13641,ZDOM
13618,ZDOM
13202,ZDOM
13604,ZDOM
13637,ZDOM
13362,ZDOM
13302,ZDOM
13472,ZDOM
13427,ZDOM
13235,ZDOM
13711,ZDOM
13506,ZDOM
13695,ZDOM
13200,ZDOM
13514,ZDOM
13588,ZDOM
13466,ZDOM
13513,ZDOM
13201,ZDOM
13682,ZDOM
13393,ZDOM
13429,ZDOM
13282,ZDOM
13365,ZDOM
13607,ZDOM
13464,ZDOM
13604,ZDOM
13425,ZDOM
13525,ZDOM
13612,ZDOM
13426,ZDOM
13655,ZDOM
13233,ZDOM
13559,ZDOM
13467,ZDOM
13692,ZDOM
13394,ZDOM
13199,ZDOM
13630,ZDOM
13659,ZDOM
13550,ZDOM
13608,ZDOM
13232,ZDOM
13572,ZDOM
13575,ZDOM
13517,ZDOM
13656,ZDOM
13573,ZDOM
13419,ZDOM
13453,ZDOM
13621,ZDOM
13639,ZDOM
13660,ZDOM
13407,ZDOM
13587,ZDOM
13652,ZDOM
13431,ZDOM
13463,ZDOM
13752,ZDOM
13678,ZDOM
13564,ZDOM
13580,ZDOM
13504,ZDOM
13269,ZDOM
13075,ZDOM
13202,ZDOM
13416,ZDOM
13699,ZDOM
13502,ZDOM
13268,ZDOM
13228,ZDOM
13078,ZDOM
13231,ZDOM
13237,ZDOM
13272,ZDOM
13674,ZDOM
13713,ZDOM
13495,ZDOM
13519,ZDOM
13548,ZDOM
13631,ZDOM
13610,ZDOM
13389,ZDOM
13562,ZDOM
13582,ZDOM
13452,ZDOM
13227,ZDOM
13501,ZDOM
13676,ZDOM
13569,ZDOM
13687,ZDOM
13638,ZDOM
13473,ZDOM
13792,ZDOM
13411,ZDOM
13619,ZDOM
13694,ZDOM
13677,ZDOM
13417,ZDOM
13653,ZDOM
13558,ZDOM
13556,ZDOM
13503,ZDOM
13484,ZDOM
13388,ZDOM
13635,ZDOM
13576,ZDOM
13494,ZDOM
13800,ZDOM
13581,ZDOM
13415,ZDOM
13507,ZDOM
13206,ZDOM
13702,ZDOM
13609,ZDOM
13508,ZDOM
13554,ZDOM
13555,ZDOM
13721,ZDOM
13571,ZDOM
13232,ZDOM
13199,ZDOM
13454,ZDOM
13911,ZDOM
13577,ZDOM
13606,ZDOM
13521,ZDOM
13688,ZDOM
13710,ZDOM
13409,ZDOM
13423,ZDOM
13272,ZDOM
13601,ZDOM
13518,ZDOM
13603,ZDOM
13633,ZDOM
13649,ZDOM
13406,ZDOM
13795,ZDOM
13615,ZDOM
13273,ZDOM
13816,ZDOM
13557,ZDOM
13413,ZDOM
13911,ZDOM
13618,ZDOM
13640,ZDOM
13648,ZDOM
13465,ZDOM
13520,ZDOM
13641,ZDOM
13703,ZDOM
13524,ZDOM
13574,ZDOM
13523,ZDOM
13452,ZDOM
13704,ZDOM
13585,ZDOM
13332,ZDOM
13410,ZDOM
13684,ZDOM
13622,ZDOM
13467,ZDOM
13659,ZDOM
13520,ZDOM
13676,ZDOM
13519,ZDOM
13233,ZDOM
13282,ZDOM
13201,ZDOM
13688,ZDOM
13501,ZDOM
13425,ZDOM
13582,ZDOM
13606,ZDOM
13514,ZDOM
13612,ZDOM
13556,ZDOM
13699,ZDOM
13236,ZDOM
13454,ZDOM
13227,ZDOM
13631,ZDOM
13228,ZDOM
13649,ZDOM
13427,ZDOM
13200,ZDOM
13603,ZDOM
13393,ZDOM
13911,ZDOM
13555,ZDOM
13232,ZDOM
13426,ZDOM
13610,ZDOM
13419,ZDOM
13695,ZDOM
13608,ZDOM
13394,ZDOM
13506,ZDOM
13557,ZDOM
13508,ZDOM
13548,ZDOM
13302,ZDOM
13641,ZDOM
13569,ZDOM
13521,ZDOM
13389,ZDOM
13513,ZDOM
13507,ZDOM
13800,ZDOM
13564,ZDOM
13237,ZDOM
13577,ZDOM
13452,ZDOM
13911,ZDOM
13682,ZDOM
13495,ZDOM
13691,ZDOM
13075,ZDOM
13653,ZDOM
13704,ZDOM
13559,ZDOM
13235,ZDOM
13269,ZDOM
13609,ZDOM
13601,ZDOM
13082,ZDOM
13684,ZDOM
13576,ZDOM
13503,ZDOM
13484,ZDOM
13473,ZDOM
13452,ZDOM
13558,ZDOM
13466,ZDOM
13199,ZDOM
13407,ZDOM
13494,ZDOM
13554,ZDOM
13660,ZDOM
13656,ZDOM
13678,ZDOM
13517,ZDOM
13472,ZDOM
13518,ZDOM
13635,ZDOM
13630,ZDOM
13409,ZDOM
13232,ZDOM
13795,ZDOM
13573,ZDOM
13502,ZDOM
13587,ZDOM
13702,ZDOM
13816,ZDOM
13415,ZDOM
13572,ZDOM
13550,ZDOM
13648,ZDOM
13575,ZDOM
13608,ZDOM
13631,ZDOM
13427,ZDOM
13615,ZDOM
13676,ZDOM
13752,ZDOM
13572,ZDOM
13082,ZDOM
13660,ZDOM
13641,ZDOM
13653,ZDOM
13587,ZDOM
13389,ZDOM
13508,ZDOM
13200,ZDOM
13582,ZDOM
13518,ZDOM
13231,ZDOM
13504,ZDOM
13423,ZDOM
13282,ZDOM
13688,ZDOM
13272,ZDOM
13199,ZDOM
13431,ZDOM
13269,ZDOM
13393,ZDOM
13713,ZDOM
13484,ZDOM
13494,ZDOM
13365,ZDOM
13564,ZDOM
13416,ZDOM
13550,ZDOM
13388,ZDOM
13638,ZDOM
13236,ZDOM
13235,ZDOM
13911,ZDOM
13581,ZDOM
13629,ZDOM
13228,ZDOM
13514,ZDOM
13682,ZDOM
13710,ZDOM
13656,ZDOM
13454,ZDOM
13575,ZDOM
13413,ZDOM
13577,ZDOM
13573,ZDOM
13419,ZDOM
13557,ZDOM
13453,ZDOM
13503,ZDOM
13521,ZDOM
13714,ZDOM
13425,ZDOM
13662,ZDOM
13556,ZDOM
13695,ZDOM
13795,ZDOM
13704,ZDOM
13652,ZDOM
13415,ZDOM
13816,ZDOM
13702,ZDOM
13513,ZDOM
13495,ZDOM
13411,ZDOM
13792,ZDOM
13407,ZDOM
13601,ZDOM
13201,ZDOM
13576,ZDOM
13502,ZDOM
13554,ZDOM
13237,ZDOM
13571,ZDOM
13721,ZDOM
13607,ZDOM
13227,ZDOM
13362,ZDOM
13548,ZDOM
13637,ZDOM
13640,ZDOM
13467,ZDOM
13426,ZDOM
13621,ZDOM
13558,ZDOM
13655,ZDOM
13520,ZDOM
13452,ZDOM
13406,ZDOM
13394,ZDOM
13501,ZDOM
13507,ZDOM
13232,ZDOM
13603,ZDOM
13233,ZDOM
13684,ZDOM
13569,ZDOM
13206,ZDOM
13911,ZDOM
13649,ZDOM
13272,ZDOM
13573,ZDOM
13660,ZDOM
13273,ZDOM
13713,ZDOM
13199,ZDOM
13282,ZDOM
13618,ZDOM
13494,ZDOM
13609,ZDOM
13675,ZDOM
13269,ZDOM
13911,ZDOM
13702,ZDOM
13484,ZDOM
13495,ZDOM
13572,ZDOM
13452,ZDOM
13615,ZDOM
13554,ZDOM
13415,ZDOM
13682,ZDOM
13577,ZDOM
13508,ZDOM
13075,ZDOM
13558,ZDOM
13454,ZDOM
13426,ZDOM
13622,ZDOM
13506,ZDOM
13569,ZDOM
13684,ZDOM
13388,ZDOM
13575,ZDOM
13362,ZDOM
13631,ZDOM
13603,ZDOM
13691,ZDOM
13585,ZDOM
13389,ZDOM
13407,ZDOM
13513,ZDOM
13195,ZDOM
13641,ZDOM
13416,ZDOM
13232,ZDOM
13557,ZDOM
13233,ZDOM
13199,ZDOM
13556,ZDOM
13200,ZDOM
13662,ZDOM
13800,ZDOM
13911,ZDOM
13548,ZDOM
13427,ZDOM
13714,ZDOM
13504,ZDOM
13393,ZDOM
13676,ZDOM
13463,ZDOM
13467,ZDOM
13227,ZDOM
13520,ZDOM
13703,ZDOM
13518,ZDOM
13688,ZDOM
13555,ZDOM
13721,ZDOM
13601,ZDOM
13228,ZDOM
13656,ZDOM
13231,ZDOM
13409,ZDOM
13635,ZDOM
13453,ZDOM
13649,ZDOM
13550,ZDOM
13816,ZDOM
13406,ZDOM
13795,ZDOM
13237,ZDOM
13465,ZDOM
13521,ZDOM
13419,ZDOM
13507,ZDOM
13581,ZDOM
13413,ZDOM
13633,ZDOM
13710,ZDOM
13629,ZDOM
13423,ZDOM
13272,ZDOM
13472,ZDOM
13502,ZDOM
13678,ZDOM
13525,ZDOM
13501,ZDOM
13365,ZDOM
13604,ZDOM
13202,ZDOM
13630,ZDOM
13464,ZDOM
13582,ZDOM
13514,ZDOM
13610,ZDOM
13235,ZDOM
13201,ZDOM
13687,ZDOM
13619,ZDOM
13677,ZDOM
13674,ZDOM
13078,ZDOM
13517,ZDOM
13607,ZDOM
13608,ZDOM
13429,ZDOM
13621,ZDOM
13612,ZDOM
13637,ZDOM
13752,ZDOM
13394,ZDOM
13655,ZDOM
13519,ZDOM
13302,ZDOM
13425,ZDOM
13704,ZDOM
13236,ZDOM
13695,ZDOM
13699,ZDOM
13564,ZDOM
13606,ZDOM
13431,ZDOM
13523,ZDOM
13082,ZDOM
13692,ZDOM
13659,ZDOM
13652,ZDOM
13653,ZDOM
13571,ZDOM
13639,ZDOM
13648,ZDOM
13588,ZDOM
13524,ZDOM
13640,ZDOM
13232,ZDOM
13505,ZDOM
13473,ZDOM
13503,ZDOM
13268,ZDOM
13079,ZDOM
13580,ZDOM
13638,ZDOM
13587,ZDOM
13562,ZDOM
13711,ZDOM
13559,ZDOM
13576,ZDOM
13466,ZDOM
13792,ZDOM
13694,ZDOM
13411,ZDOM
12381,ZDOM
12386,ZDOM
13549,ZDOM
13255,ZDOM
12397,ZDOM
13516,ZDOM
12355,ZDOM
12408,ZDOM
12409,ZDOM
12425,ZDOM
12414,ZDOM
12442,ZDOM
12746,ZDOM
12264,ZDOM
12173,ZDOM
12118,ZDOM
12389,ZDOM
13187,ZDOM
12389,ZDOM
12411,ZDOM
12980,ZDOM
12712,ZDOM
12377,ZDOM
12372,ZDOM
12427,ZDOM
12359,ZDOM
12607,ZDOM
12390,ZDOM
12816,ZDOM
12441,ZDOM
12665,ZDOM
12162,ZDOM
13103,ZDOM
12365,ZDOM
13337,ZDOM
12807,ZDOM
13092,ZDOM
12707,ZDOM
12570,ZDOM
12764,ZDOM
12291,ZDOM
12377,ZDOM
12630,ZDOM
13589,ZDOM
12486,ZDOM
13616,ZDOM
12690,ZDOM
13261,ZDOM
12371,ZDOM
13118,ZDOM
12445,ZDOM
12361,ZDOM
13023,ZDOM
12981,ZDOM
11913,ZDOM
12401,ZDOM
13620,ZDOM
12691,ZDOM
12608,ZDOM
13260,ZDOM
12573,ZDOM
12629,ZDOM
12916,ZDOM
13170,ZDOM
13258,ZDOM
12292,ZDOM
13560,ZDOM
13162,ZDOM
12857,ZDOM
12984,ZDOM
12392,ZDOM
12266,ZDOM
13023,ZDOM
10732,ZDOM
12404,ZDOM
12398,ZDOM
12362,ZDOM
12401,ZDOM
12264,ZDOM
12809,ZDOM
13385,ZDOM
12690,ZDOM
12760,ZDOM
13059,ZDOM
13600,ZDOM
12361,ZDOM
12389,ZDOM
12374,ZDOM
12355,ZDOM
12586,ZDOM
13620,ZDOM
12372,ZDOM
12162,ZDOM
13177,ZDOM
12027,ZDOM
12337,ZDOM
12427,ZDOM
12933,ZDOM
12526,ZDOM
12408,ZDOM
12586,ZDOM
13560,ZDOM
12331,ZDOM
12442,ZDOM
12554,ZDOM
13170,ZDOM
12166,ZDOM
13566,ZDOM
12383,ZDOM
12778,ZDOM
12352,ZDOM
13516,ZDOM
12414,ZDOM
12322,ZDOM
12639,ZDOM
12907,ZDOM
12359,ZDOM
12906,ZDOM
12292,ZDOM
12343,ZDOM
12393,ZDOM
12377,ZDOM
13152,ZDOM
13255,ZDOM
12221,ZDOM
12445,ZDOM
12389,ZDOM
12807,ZDOM
12784,ZDOM
12486,ZDOM
12381,ZDOM
12173,ZDOM
12398,ZDOM
12160,ZDOM
12354,ZDOM
13500,ZDOM
13103,ZDOM
12425,ZDOM
13002,ZDOM
12441,ZDOM
13337,ZDOM
12238,ZDOM
12264,ZDOM
12746,ZDOM
12857,ZDOM
12444,ZDOM
12397,ZDOM
12408,ZDOM
13187,ZDOM
12652,ZDOM
12353,ZDOM
12860,ZDOM
12946,ZDOM
12270,ZDOM
12342,ZDOM
12326,ZDOM
12352,ZDOM
12456,ZDOM
12712,ZDOM
12160,ZDOM
13386,ZDOM
12390,ZDOM
13114,ZDOM
12350,ZDOM
13217,ZDOM
12394,ZDOM
12608,ZDOM
13031,ZDOM
12809,ZDOM
12861,ZDOM
12401,ZDOM
12087,ZDOM
13352,ZDOM
12404,ZDOM
12691,ZDOM
12340,ZDOM
13499,ZDOM
13117,ZDOM
12383,ZDOM
12764,ZDOM
12383,ZDOM
13516,ZDOM
12382,ZDOM
13261,ZDOM
12397,ZDOM
12606,ZDOM
12366,ZDOM
12984,ZDOM
12082,ZDOM
12607,ZDOM
12336,ZDOM
12677,ZDOM
12629,ZDOM
13258,ZDOM
13092,ZDOM
12388,ZDOM
13256,ZDOM
12975,ZDOM
12411,ZDOM
12951,ZDOM
12267,ZDOM
12487,ZDOM
13060,ZDOM
12323,ZDOM
12376,ZDOM
12347,ZDOM
12573,ZDOM
12403,ZDOM
12916,ZDOM
12428,ZDOM
12335,ZDOM
12367,ZDOM
13589,ZDOM
11913,ZDOM
13118,ZDOM
12406,ZDOM
13046,ZDOM
12096,ZDOM
12350,ZDOM
12377,ZDOM
12570,ZDOM
12765,ZDOM
12693,ZDOM
13616,ZDOM
12631,ZDOM
12143,ZDOM
12568,ZDOM
12292,ZDOM
13054,ZDOM
12816,ZDOM
12424,ZDOM
12327,ZDOM
12409,ZDOM
12908,ZDOM
12365,ZDOM
13561,ZDOM
12697,ZDOM
13337,ZDOM
13152,ZDOM
12358,ZDOM
12432,ZDOM
13023,ZDOM
12141,ZDOM
12646,ZDOM
12380,ZDOM
12652,ZDOM
11676,ZDOM
12362,ZDOM
12858,ZDOM
12934,ZDOM
12206,ZDOM
12466,ZDOM
13023,ZDOM
12754,ZDOM
12980,ZDOM
11913,ZDOM
12331,ZDOM
12809,ZDOM
12372,ZDOM
12639,ZDOM
12082,ZDOM
13616,ZDOM
12162,ZDOM
12365,ZDOM
12349,ZDOM
12697,ZDOM
12608,ZDOM
12712,ZDOM
13386,ZDOM
12445,ZDOM
12862,ZDOM
12838,ZDOM
13177,ZDOM
12377,ZDOM
12264,ZDOM
12390,ZDOM
12264,ZDOM
12414,ZDOM
13255,ZDOM
12377,ZDOM
12141,ZDOM
11916,ZDOM
12987,ZDOM
12439,ZDOM
12411,ZDOM
12760,ZDOM
12985,ZDOM
13023,ZDOM
11918,ZDOM
12442,ZDOM
12394,ZDOM
13500,ZDOM
13256,ZDOM
13114,ZDOM
13385,ZDOM
12389,ZDOM
12327,ZDOM
12241,ZDOM
12444,ZDOM
12424,ZDOM
12322,ZDOM
13092,ZDOM
12746,ZDOM
12690,ZDOM
12354,ZDOM
12349,ZDOM
12946,ZDOM
13337,ZDOM
12631,ZDOM
13516,ZDOM
12374,ZDOM
12902,ZDOM
13152,ZDOM
12362,ZDOM
12336,ZDOM
12980,ZDOM
12397,ZDOM
13118,ZDOM
12765,ZDOM
13252,ZDOM
12027,ZDOM
12359,ZDOM
12981,ZDOM
13560,ZDOM
12355,ZDOM
12807,ZDOM
12860,ZDOM
12335,ZDOM
13170,ZDOM
12824,ZDOM
12173,ZDOM
13352,ZDOM
12554,ZDOM
12907,ZDOM
12906,ZDOM
13566,ZDOM
13561,ZDOM
12778,ZDOM
12270,ZDOM
12784,ZDOM
13663,ZDOM
13152,ZDOM
12323,ZDOM
12381,ZDOM
12343,ZDOM
12401,ZDOM
12340,ZDOM
13224,ZDOM
12866,ZDOM
12337,ZDOM
12526,ZDOM
13046,ZDOM
12764,ZDOM
12858,ZDOM
12373,ZDOM
12382,ZDOM
13217,ZDOM
13469,ZDOM
12350,ZDOM
13162,ZDOM
13600,ZDOM
13258,ZDOM
12646,ZDOM
13012,ZDOM
12408,ZDOM
12568,ZDOM
13163,ZDOM
12143,ZDOM
13014,ZDOM
10649,ZDOM
13366,ZDOM
10351,ZDOM
10997,ZDOM
12536,ZDOM
13223,ZDOM
11262,ZDOM
10810,ZDOM
12081,ZDOM
10173,ZDOM
13567,ZDOM
11215,ZDOM
10335,ZDOM
13247,ZDOM
10935,ZDOM
12226,ZDOM
10223,ZDOM
13586,ZDOM
12723,ZDOM
12936,ZDOM
10569,ZDOM
10382,ZDOM
10812,ZDOM
13006,ZDOM
11914,ZDOM
13515,ZDOM
12829,ZDOM
10031,ZDOM
11807,ZDOM
11021,ZDOM
13248,ZDOM
11943,ZDOM
10881,ZDOM
13068,ZDOM
13062,ZDOM
11491,ZDOM
11437,ZDOM
10349,ZDOM
10125,ZDOM
12752,ZDOM
11638,ZDOM
13208,ZDOM
11322,ZDOM
11021,ZDOM
10224,ZDOM
11208,ZDOM
10665,ZDOM
13707,ZDOM
10839,ZDOM
13599,ZDOM
11736,ZDOM
13657,ZDOM
10644,ZDOM
12913,ZDOM
10816,ZDOM
12461,ZDOM
13512,ZDOM
10902,ZDOM
11153,ZDOM
10670,ZDOM
10280,ZDOM
13246,ZDOM
13210,ZDOM
13071,ZDOM
13004,ZDOM
11443,ZDOM
10347,ZDOM
11664,ZDOM
12864,ZDOM
10479,ZDOM
11371,ZDOM
11261,ZDOM
10401,ZDOM
13657,ZDOM
12237,ZDOM
10066,ZDOM
10115,ZDOM
11517,ZDOM
13067,ZDOM
12626,ZDOM
10374,ZDOM
13225,ZDOM
11031,ZDOM
10377,ZDOM
12913,ZDOM
11562,ZDOM
10033,ZDOM
12477,ZDOM
12958,ZDOM
13512,ZDOM
10173,ZDOM
13223,ZDOM
10473,ZDOM
13225,ZDOM
10449,ZDOM
13366,ZDOM
12826,ZDOM
10289,ZDOM
11362,ZDOM
10810,ZDOM
12715,ZDOM
10194,ZDOM
10740,ZDOM
13657,ZDOM
13105,ZDOM
11807,ZDOM
13512,ZDOM
11517,ZDOM
12721,ZDOM
13048,ZDOM
12644,ZDOM
12782,ZDOM
10633,ZDOM
10280,ZDOM
10370,ZDOM
10745,ZDOM
11640,ZDOM
12788,ZDOM
13343,ZDOM
12967,ZDOM
10001,ZDOM
13511,ZDOM
12867,ZDOM
10769,ZDOM
11443,ZDOM
12121,ZDOM
12953,ZDOM
12749,ZDOM
10264,ZDOM
12854,ZDOM
10309,ZDOM
10279,ZDOM
10223,ZDOM
12081,ZDOM
11524,ZDOM
10940,ZDOM
13790,ZDOM
12591,ZDOM
13498,ZDOM
13271,ZDOM
13624,ZDOM
10928,ZDOM
13693,ZDOM
13727,ZDOM
11942,ZDOM
11437,ZDOM
10173,ZDOM
12927,ZDOM
10335,ZDOM
13563,ZDOM
10584,ZDOM
10287,ZDOM
10653,ZDOM
10106,ZDOM
10311,ZDOM
13208,ZDOM
12686,ZDOM
12782,ZDOM
11486,ZDOM
13052,ZDOM
10285,ZDOM
13418,ZDOM
13264,ZDOM
12226,ZDOM
12901,ZDOM
13225,ZDOM
12692,ZDOM
11132,ZDOM
10812,ZDOM
12846,ZDOM
13004,ZDOM
10653,ZDOM
12955,ZDOM
10832,ZDOM
12711,ZDOM
11957,ZDOM
10310,ZDOM
11759,ZDOM
11021,ZDOM
11453,ZDOM
10057,ZDOM
12761,ZDOM
10320,ZDOM
11449,ZDOM
11446,ZDOM
11517,ZDOM
11415,ZDOM
13492,ZDOM
12723,ZDOM
11465,ZDOM
13248,ZDOM
10836,ZDOM
12083,ZDOM
13068,ZDOM
12983,ZDOM
10740,ZDOM
11781,ZDOM
11417,ZDOM
11486,ZDOM
13185,ZDOM
12237,ZDOM
12802,ZDOM
12624,ZDOM
10225,ZDOM
13384,ZDOM
10881,ZDOM
13511,ZDOM
12395,ZDOM
10721,ZDOM
10331,ZDOM
13053,ZDOM
12966,ZDOM
13251,ZDOM
10491,ZDOM
13223,ZDOM
11857,ZDOM
10210,ZDOM
10753,ZDOM
13225,ZDOM
11914,ZDOM
10456,ZDOM
11683,ZDOM
13167,ZDOM
10902,ZDOM
11261,ZDOM
12802,ZDOM
13342,ZDOM
10836,ZDOM
12752,ZDOM
12302,ZDOM
13208,ZDOM
11470,ZDOM
10649,ZDOM
10115,ZDOM
12644,ZDOM
10367,ZDOM
13052,ZDOM
11514,ZDOM
10382,ZDOM
13168,ZDOM
10280,ZDOM
11911,ZDOM
13563,ZDOM
10653,ZDOM
12822,ZDOM
11759,ZDOM
11457,ZDOM
10862,ZDOM
10296,ZDOM
10835,ZDOM
13246,ZDOM
13264,ZDOM
11838,ZDOM
10163,ZDOM
10490,ZDOM
13251,ZDOM
10279,ZDOM
10351,ZDOM
10286,ZDOM
11460,ZDOM
12624,ZDOM
11031,ZDOM
10911,ZDOM
12638,ZDOM
13014,ZDOM
13496,ZDOM
11530,ZDOM
13563,ZDOM
11153,ZDOM
13107,ZDOM
12303,ZDOM
10812,ZDOM
13148,ZDOM
11942,ZDOM
12540,ZDOM
12958,ZDOM
10591,ZDOM
12281,ZDOM
10492,ZDOM
11887,ZDOM
11772,ZDOM
13214,ZDOM
13151,ZDOM
10721,ZDOM
13115,ZDOM
11612,ZDOM
10164,ZDOM
13108,ZDOM
12093,ZDOM
11454,ZDOM
12965,ZDOM
13248,ZDOM
10066,ZDOM
10309,ZDOM
11794,ZDOM
12020,ZDOM
11021,ZDOM
12722,ZDOM
12895,ZDOM
12936,ZDOM
12451,ZDOM
10310,ZDOM
10223,ZDOM
10679,ZDOM
12966,ZDOM
10540,ZDOM
12927,ZDOM
13208,ZDOM
11517,ZDOM
13456,ZDOM
11707,ZDOM
12822,ZDOM
10374,ZDOM
10670,ZDOM
13226,ZDOM
12782,ZDOM
10849,ZDOM
10194,ZDOM
11692,ZDOM
10799,ZDOM
11449,ZDOM
10339,ZDOM
13334,ZDOM
10452,ZDOM
13210,ZDOM
10745,ZDOM
11332,ZDOM
10219,ZDOM
12989,ZDOM
10468,ZDOM
13247,ZDOM
13250,ZDOM
11856,ZDOM
11478,ZDOM
10057,ZDOM
11498,ZDOM
11914,ZDOM
10914,ZDOM
13646,ZDOM
12172,ZDOM
12761,ZDOM
11262,ZDOM
11453,ZDOM
12692,ZDOM
11508,ZDOM
11492,ZDOM
10335,ZDOM
11487,ZDOM
11112,ZDOM
12938,ZDOM
13125,ZDOM
10863,ZDOM
13105,ZDOM
12851,ZDOM
13143,ZDOM
10320,ZDOM
10834,ZDOM
12749,ZDOM
12864,ZDOM
12532,ZDOM
10167,ZDOM
11862,ZDOM
13384,ZDOM
13511,ZDOM
12847,ZDOM
10185,ZDOM
11664,ZDOM
12905,ZDOM
11865,ZDOM
11726,ZDOM
13032,ZDOM
10816,ZDOM
11864,ZDOM
10396,ZDOM
11562,ZDOM
13215,ZDOM
12430,ZDOM
10347,ZDOM
13624,ZDOM
12152,ZDOM
10264,ZDOM
11638,ZDOM
12927,ZDOM
12313,ZDOM
11008,ZDOM
12881,ZDOM
13249,ZDOM
13029,ZDOM
11132,ZDOM
10467,ZDOM
10202,ZDOM
10675,ZDOM
12964,ZDOM
12715,ZDOM
10403,ZDOM
12029,ZDOM
13336,ZDOM
11287,ZDOM
10590,ZDOM
12805,ZDOM
13250,ZDOM
12788,ZDOM
11277,ZDOM
10389,ZDOM
12913,ZDOM
10569,ZDOM
11046,ZDOM
12726,ZDOM
11004,ZDOM
10753,ZDOM
12766,ZDOM
10997,ZDOM
10727,ZDOM
10125,ZDOM
13412,ZDOM
13109,ZDOM
12395,ZDOM
11480,ZDOM
12711,ZDOM
12711,ZDOM
10225,ZDOM
10584,ZDOM
11493,ZDOM
13018,ZDOM
13567,ZDOM
11446,ZDOM
11277,ZDOM
13036,ZDOM
12081,ZDOM
11562,ZDOM
10745,ZDOM
13115,ZDOM
11517,ZDOM
13135,ZDOM
12477,ZDOM
11021,ZDOM
12884,ZDOM
10590,ZDOM
10173,ZDOM
10196,ZDOM
10066,ZDOM
13004,ZDOM
12873,ZDOM
10335,ZDOM
10057,ZDOM
10467,ZDOM
11508,ZDOM
12783,ZDOM
11772,ZDOM
13197,ZDOM
13247,ZDOM
10670,ZDOM
13223,ZDOM
10272,ZDOM
13150,ZDOM
11942,ZDOM
11263,ZDOM
10223,ZDOM
13251,ZDOM
12829,ZDOM
10812,ZDOM
10473,ZDOM
13115,ZDOM
12696,ZDOM
13248,ZDOM
11262,ZDOM
12867,ZDOM
12826,ZDOM
11862,ZDOM
12891,ZDOM
10591,ZDOM
13062,ZDOM
10816,ZDOM
11208,ZDOM
10769,ZDOM
13693,ZDOM
10351,ZDOM
13366,ZDOM
10279,ZDOM
10721,ZDOM
11322,ZDOM
11453,ZDOM
12081,ZDOM
10839,ZDOM
10280,ZDOM
10374,ZDOM
10849,ZDOM
11215,ZDOM
11794,ZDOM
10997,ZDOM
10167,ZDOM
11263,ZDOM
12226,ZDOM
13053,ZDOM
11487,ZDOM
10928,ZDOM
10328,ZDOM
12989,ZDOM
13657,ZDOM
11914,ZDOM
12964,ZDOM
10665,ZDOM
13408,ZDOM
11865,ZDOM
10863,ZDOM
11596,ZDOM
11492,ZDOM
13225,ZDOM
10289,ZDOM
10721,ZDOM
10377,ZDOM
12826,ZDOM
11262,ZDOM
11914,ZDOM
13022,ZDOM
11277,ZDOM
13498,ZDOM
12297,ZDOM
10456,ZDOM
12867,ZDOM
11633,ZDOM
10632,ZDOM
11021,ZDOM
11772,ZDOM
12626,ZDOM
13271,ZDOM
13226,ZDOM
11332,ZDOM
11942,ZDOM
11263,ZDOM
11638,ZDOM
11562,ZDOM
12936,ZDOM
12696,ZDOM
10584,ZDOM
11287,ZDOM
10000,ZDOM
10219,ZDOM
13053,ZDOM
13342,ZDOM
12958,ZDOM
13563,ZDOM
11517,ZDOM
12871,ZDOM
13056,ZDOM
10320,ZDOM
13068,ZDOM
10473,ZDOM
10194,ZDOM
11177,ZDOM
12536,ZDOM
10790,ZDOM
11153,ZDOM
10225,ZDOM
13245,ZDOM
13790,ZDOM
13105,ZDOM
12624,ZDOM
10665,ZDOM
12891,ZDOM
13493,ZDOM
13014,ZDOM
11692,ZDOM
11453,ZDOM
12715,ZDOM
12950,ZDOM
13624,ZDOM
12644,ZDOM
13263,ZDOM
12020,ZDOM
11487,ZDOM
10335,ZDOM
12761,ZDOM
12723,ZDOM
10281,ZDOM
11009,ZDOM
11415,ZDOM
13223,ZDOM
13210,ZDOM
10382,ZDOM
10285,ZDOM
10935,ZDOM
13512,ZDOM
12395,ZDOM
10311,ZDOM
12782,ZDOM
13418,ZDOM
11371,ZDOM
10997,ZDOM
10449,ZDOM
10654,ZDOM
13264,ZDOM
10928,ZDOM
11362,ZDOM
10569,ZDOM
10167,ZDOM
12553,ZDOM
10432,ZDOM
12983,ZDOM
10339,ZDOM
10491,ZDOM
13197,ZDOM
13247,ZDOM
11486,ZDOM
12152,ZDOM
12081,ZDOM
13511,ZDOM
12966,ZDOM
12721,ZDOM
13048,ZDOM
11522,ZDOM
10280,ZDOM
11449,ZDOM
13392,ZDOM
13139,ZDOM
10753,ZDOM
12591,ZDOM
12237,ZDOM
10479,ZDOM
13366,ZDOM
10173,ZDOM
12846,ZDOM
13412,ZDOM
10677,ZDOM
11261,ZDOM
11086,ZDOM
10812,ZDOM
10331,ZDOM
12822,ZDOM
10196,ZDOM
11263,ZDOM
13184,ZDOM
11865,ZDOM
11215,ZDOM
10810,ZDOM
10351,ZDOM
10224,ZDOM
13185,ZDOM
10832,ZDOM
13567,ZDOM
10769,ZDOM
10839,ZDOM
12964,ZDOM
11638,ZDOM
10723,ZDOM
13055,ZDOM
10690,ZDOM
11004,ZDOM
11524,ZDOM
10971,ZDOM
10017,ZDOM
10401,ZDOM
11008,ZDOM
12782,ZDOM
13208,ZDOM
10106,ZDOM
12453,ZDOM
13004,ZDOM
10653,ZDOM
12686,ZDOM
11046,ZDOM
13018,ZDOM
12854,ZDOM
11843,ZDOM
13343,ZDOM
13251,ZDOM
13492,ZDOM
12788,ZDOM
12711,ZDOM
12927,ZDOM
10223,ZDOM
13125,ZDOM
13398,ZDOM
10310,ZDOM
10633,ZDOM
13036,ZDOM
10745,ZDOM
10347,ZDOM
11437,ZDOM
11736,ZDOM
13511,ZDOM
13693,ZDOM
12226,ZDOM
11482,ZDOM
13384,ZDOM
13384,ZDOM
13657,ZDOM
12540,ZDOM
13210,ZDOM
10066,ZDOM
13727,ZDOM
10836,ZDOM
11857,ZDOM
12083,ZDOM
11862,ZDOM
11500,ZDOM
10670,ZDOM
10591,ZDOM
11263,ZDOM
13646,ZDOM
11911,ZDOM
11640,ZDOM
11433,ZDOM
13063,ZDOM
10272,ZDOM
11963,ZDOM
12964,ZDOM
10002,ZDOM
13666,ZDOM
13563,ZDOM
10210,ZDOM
13006,ZDOM
11997,ZDOM
10427,ZDOM
12749,ZDOM
10590,ZDOM
12786,ZDOM
12953,ZDOM
12802,ZDOM
13143,ZDOM
13408,ZDOM
11781,ZDOM
12897,ZDOM
12768,ZDOM
13515,ZDOM
12979,ZDOM
12955,ZDOM
11881,ZDOM
12645,ZDOM
10832,ZDOM
10540,ZDOM
10057,ZDOM
12989,ZDOM
11465,ZDOM
13148,ZDOM
13004,ZDOM
11522,ZDOM
10264,ZDOM
10118,ZDOM
10740,ZDOM
12864,ZDOM
12901,ZDOM
13248,ZDOM
10519,ZDOM
12752,ZDOM
11543,ZDOM
10389,ZDOM
12477,ZDOM
13184,ZDOM
13127,ZDOM
10206,ZDOM
12121,ZDOM
10452,ZDOM
13150,ZDOM
10725,ZDOM
13036,ZDOM
10115,ZDOM
11664,ZDOM
12967,ZDOM
13442,ZDOM
11480,ZDOM
11483,ZDOM
12869,ZDOM
11132,ZDOM
13225,ZDOM
13599,ZDOM
11500,ZDOM
10167,ZDOM
10164,ZDOM
13511,ZDOM
10769,ZDOM
13342,ZDOM
12881,ZDOM
11478,ZDOM
13563,ZDOM
13048,ZDOM
12732,ZDOM
12822,ZDOM
13215,ZDOM
12735,ZDOM
12715,ZDOM
12066,ZDOM
11206,ZDOM
12829,ZDOM
12692,ZDOM
13109,ZDOM
11942,ZDOM
11862,ZDOM
13148,ZDOM
12681,ZDOM
13397,ZDOM
11959,ZDOM
12571,ZDOM
11433,ZDOM
10225,ZDOM
12851,ZDOM
10721,ZDOM
13029,ZDOM
12626,ZDOM
10033,ZDOM
10963,ZDOM
11021,ZDOM
13565,ZDOM
12721,ZDOM
12724,ZDOM
11362,ZDOM
10725,ZDOM
13105,ZDOM
13384,ZDOM
13182,ZDOM
10264,ZDOM
11417,ZDOM
11534,ZDOM
10123,ZDOM
13243,ZDOM
12624,ZDOM
13093,ZDOM
11031,ZDOM
12281,ZDOM
10147,ZDOM
12869,ZDOM
12768,ZDOM
12093,ZDOM
13456,ZDOM
12395,ZDOM
12757,ZDOM
10963,ZDOM
13146,ZDOM
10138,ZDOM
12924,ZDOM
10853,ZDOM
10569,ZDOM
10051,ZDOM
12955,ZDOM
10102,ZDOM
10317,ZDOM
12640,ZDOM
13174,ZDOM
12525,ZDOM
10287,ZDOM
11446,ZDOM
12628,ZDOM
10076,ZDOM
10690,ZDOM
10351,ZDOM
13790,ZDOM
13412,ZDOM
13062,ZDOM
10322,ZDOM
13210,ZDOM
13254,ZDOM
12540,ZDOM
11136,ZDOM
12805,ZDOM
10917,ZDOM
12638,ZDOM
10812,ZDOM
10479,ZDOM
10675,ZDOM
13248,ZDOM
11460,ZDOM
11452,ZDOM
10759,ZDOM
11480,ZDOM
10420,ZDOM
12956,ZDOM
13049,ZDOM
12826,ZDOM
10373,ZDOM
10280,ZDOM
10264,ZDOM
10422,ZDOM
11838,ZDOM
10279,ZDOM
12083,ZDOM
10727,ZDOM
11366,ZDOM
12826,ZDOM
13036,ZDOM
13247,ZDOM
10277,ZDOM
12849,ZDOM
12663,ZDOM
12163,ZDOM
11332,ZDOM
10173,ZDOM
13126,ZDOM
10285,ZDOM
10633,ZDOM
10501,ZDOM
11612,ZDOM
11277,ZDOM
13727,ZDOM
10163,ZDOM
10490,ZDOM
10349,ZDOM
10670,ZDOM
13398,ZDOM
10449,ZDOM
12915,ZDOM
10448,ZDOM
12081,ZDOM
12804,ZDOM
13510,ZDOM
13115,ZDOM
11856,ZDOM
13242,ZDOM
12752,ZDOM
12303,ZDOM
10377,ZDOM
12854,ZDOM
11008,ZDOM
12313,ZDOM
13061,ZDOM
13107,ZDOM
12783,ZDOM
11371,ZDOM
12083,ZDOM
13042,ZDOM
10361,ZDOM
13108,ZDOM
12237,ZDOM
12761,ZDOM
13032,ZDOM
13067,ZDOM
12452,ZDOM
13141,ZDOM
12953,ZDOM
10519,ZDOM
10224,ZDOM
12152,ZDOM
10290,ZDOM
10443,ZDOM
10653,ZDOM
12121,ZDOM
11718,ZDOM
10812,ZDOM
11759,ZDOM
10759,ZDOM
13003,ZDOM
11132,ZDOM
13493,ZDOM
11941,ZDOM
12897,ZDOM
13343,ZDOM
12914,ZDOM
13209,ZDOM
12827,ZDOM
11957,ZDOM
11415,ZDOM
13071,ZDOM
12729,ZDOM
12864,ZDOM
13492,ZDOM
11578,ZDOM
11492,ZDOM
12830,ZDOM
12901,ZDOM
10335,ZDOM
13133,ZDOM
10052,ZDOM
12955,ZDOM
12171,ZDOM
12080,ZDOM
12686,ZDOM
13433,ZDOM
10066,ZDOM
10062,ZDOM
11447,ZDOM
11457,ZDOM
13210,ZDOM
10290,ZDOM
13263,ZDOM
13646,ZDOM
13197,ZDOM
12905,ZDOM
12553,ZDOM
10309,ZDOM
12081,ZDOM
11151,ZDOM
10361,ZDOM
10319,ZDOM
10835,ZDOM
12451,ZDOM
11942,ZDOM
10373,ZDOM
12430,ZDOM
11296,ZDOM
12991,ZDOM
11498,ZDOM
10726,ZDOM
11843,ZDOM
13511,ZDOM
13029,ZDOM
12766,ZDOM
11004,ZDOM
12782,ZDOM
12847,ZDOM
10185,ZDOM
10310,ZDOM
13214,ZDOM
12999,ZDOM
12696,ZDOM
12532,ZDOM
12989,ZDOM
10632,ZDOM
11959,ZDOM
10745,ZDOM
10937,ZDOM
13166,ZDOM
13113,ZDOM
11432,ZDOM
11809,ZDOM
11470,ZDOM
11011,ZDOM
10331,ZDOM
12696,ZDOM
10281,ZDOM
10374,ZDOM
13271,ZDOM
11445,ZDOM
10456,ZDOM
12196,ZDOM
13178,ZDOM
10804,ZDOM
12827,ZDOM
10595,ZDOM
12767,ZDOM
11957,ZDOM
11524,ZDOM
10348,ZDOM
10223,ZDOM
10832,ZDOM
13498,ZDOM
13249,ZDOM
13241,ZDOM
10584,ZDOM
10278,ZDOM
11963,ZDOM
10396,ZDOM
10740,ZDOM
10202,ZDOM
11486,ZDOM
13693,ZDOM
13158,ZDOM
12711,ZDOM
10644,ZDOM
11794,ZDOM
13645,ZDOM
11452,ZDOM
11683,ZDOM
13225,ZDOM
11691,ZDOM
13166,ZDOM
10501,ZDOM
12965,ZDOM
10370,ZDOM
10268,ZDOM
13392,ZDOM
10177,ZDOM
13115,ZDOM
10654,ZDOM
10940,ZDOM
13496,ZDOM
12579,ZDOM
10705,ZDOM
13125,ZDOM
12666,ZDOM
13036,ZDOM
10001,ZDOM
12782,ZDOM
13384,ZDOM
10720,ZDOM
11322,ZDOM
13102,ZDOM
13029,ZDOM
12722,ZDOM
13366,ZDOM
13208,ZDOM
12791,ZDOM
11215,ZDOM
11638,ZDOM
12734,ZDOM
11562,ZDOM
12686,ZDOM
11781,ZDOM
12864,ZDOM
12237,ZDOM
11608,ZDOM
12674,ZDOM
11807,ZDOM
12645,ZDOM
10467,ZDOM
10403,ZDOM
13213,ZDOM
13062,ZDOM
13115,ZDOM
12758,ZDOM
12964,ZDOM
13150,ZDOM
10401,ZDOM
11444,ZDOM
12967,ZDOM
13246,ZDOM
12874,ZDOM
10314,ZDOM
10452,ZDOM
13120,ZDOM
11522,ZDOM
10590,ZDOM
10382,ZDOM
11726,ZDOM
11690,ZDOM
11690,ZDOM
10310,ZDOM
10863,ZDOM
10335,ZDOM
13140,ZDOM
11004,ZDOM
11416,ZDOM
11443,ZDOM
10836,ZDOM
10017,ZDOM
11499,ZDOM
12644,ZDOM
11262,ZDOM
12644,ZDOM
10468,ZDOM
13418,ZDOM
12924,ZDOM
13251,ZDOM
10799,ZDOM
12723,ZDOM
10492,ZDOM
13398,ZDOM
10187,ZDOM
12936,ZDOM
12728,ZDOM
10839,ZDOM
10679,ZDOM
10594,ZDOM
13064,ZDOM
13498,ZDOM
12711,ZDOM
11443,ZDOM
10066,ZDOM
10625,ZDOM
13244,ZDOM
13068,ZDOM
13397,ZDOM
13139,ZDOM
10677,ZDOM
13184,ZDOM
10928,ZDOM
13017,ZDOM
12536,ZDOM
13208,ZDOM
11487,ZDOM
12979,ZDOM
10089,ZDOM
10344,ZDOM
13071,ZDOM
12955,ZDOM
13442,ZDOM
10309,ZDOM
12722,ZDOM
10219,ZDOM
13032,ZDOM
10490,ZDOM
10377,ZDOM
11153,ZDOM
12257,ZDOM
13342,ZDOM
12395,ZDOM
11514,ZDOM
13247,ZDOM
10492,ZDOM
13246,ZDOM
13563,ZDOM
11638,ZDOM
10799,ZDOM
13115,ZDOM
12766,ZDOM
12093,ZDOM
10311,ZDOM
10740,ZDOM
11501,ZDOM
11031,ZDOM
10812,ZDOM
12692,ZDOM
10736,ZDOM
11486,ZDOM
11449,ZDOM
11454,ZDOM
12453,ZDOM
10653,ZDOM
12303,ZDOM
13384,ZDOM
13249,ZDOM
12851,ZDOM
12532,ZDOM
13226,ZDOM
11862,ZDOM
11864,ZDOM
12281,ZDOM
12950,ZDOM
11492,ZDOM
10812,ZDOM
12172,ZDOM
13248,ZDOM
10382,ZDOM
10863,ZDOM
10881,ZDOM
13125,ZDOM
12152,ZDOM
10286,ZDOM
11478,ZDOM
13250,ZDOM
10670,ZDOM
11277,ZDOM
13251,ZDOM
11683,ZDOM
11865,ZDOM
10468,ZDOM
12966,ZDOM
10914,ZDOM
10272,ZDOM
12964,ZDOM
12395,ZDOM
13052,ZDOM
10745,ZDOM
10367,ZDOM
11263,ZDOM
12624,ZDOM
13167,ZDOM
10677,ZDOM
10403,ZDOM
11416,ZDOM
12297,ZDOM
11480,ZDOM
10721,ZDOM
11856,ZDOM
10862,ZDOM
10836,ZDOM
11487,ZDOM
10279,ZDOM
11262,ZDOM
12913,ZDOM
12749,ZDOM
10310,ZDOM
11664,ZDOM
12644,ZDOM
12461,ZDOM
11759,ZDOM
10452,ZDOM
11562,ZDOM
12802,ZDOM
12726,ZDOM
10569,ZDOM
10540,ZDOM
10339,ZDOM
13168,ZDOM
10194,ZDOM
11692,ZDOM
10849,ZDOM
13336,ZDOM
10167,ZDOM
13105,ZDOM
12638,ZDOM
11914,ZDOM
10591,ZDOM
13223,ZDOM
11843,ZDOM
10057,ZDOM
12711,ZDOM
12711,ZDOM
12788,ZDOM
11261,ZDOM
11460,ZDOM
11004,ZDOM
13563,ZDOM
10115,ZDOM
10125,ZDOM
13511,ZDOM
12786,ZDOM
10839,ZDOM
11640,ZDOM
10118,ZDOM
10223,ZDOM
12081,ZDOM
13036,ZDOM
11463,ZDOM
13151,ZDOM
10590,ZDOM
13693,ZDOM
13133,ZDOM
12715,ZDOM
12536,ZDOM
10281,ZDOM
10202,ZDOM
11483,ZDOM
10467,ZDOM
10790,ZDOM
11287,ZDOM
10479,ZDOM
10997,ZDOM
13208,ZDOM
13018,ZDOM
10347,ZDOM
13646,ZDOM
11277,ZDOM
11443,ZDOM
13223,ZDOM
10745,ZDOM
13197,ZDOM
12989,ZDOM
10902,ZDOM
12477,ZDOM
10280,ZDOM
13248,ZDOM
10632,ZDOM
10473,ZDOM
10223,ZDOM
10670,ZDOM
13408,ZDOM
13135,ZDOM
12891,ZDOM
13247,ZDOM
13251,ZDOM
13210,ZDOM
10173,ZDOM
12138,ZDOM
13225,ZDOM
11262,ZDOM
13693,ZDOM
10335,ZDOM
11862,ZDOM
13022,ZDOM
11517,ZDOM
10066,ZDOM
11322,ZDOM
12867,ZDOM
10812,ZDOM
11021,ZDOM
10769,ZDOM
13115,ZDOM
12964,ZDOM
10106,ZDOM
11208,ZDOM
13657,ZDOM
13241,ZDOM
11446,ZDOM
10401,ZDOM
10677,ZDOM
11046,ZDOM
12983,ZDOM
13062,ZDOM
10382,ZDOM
11151,ZDOM
13567,ZDOM
11262,ZDOM
11263,ZDOM
10285,ZDOM
10310,ZDOM
12734,ZDOM
11514,ZDOM
11206,ZDOM
10290,ZDOM
11433,ZDOM
10654,ZDOM
10812,ZDOM
10740,ZDOM
12767,ZDOM
10264,ZDOM
11480,ZDOM
11263,ZDOM
13223,ZDOM
12430,ZDOM
12548,ZDOM
10331,ZDOM
13109,ZDOM
12281,ZDOM
12757,ZDOM
10125,ZDOM
10118,ZDOM
12829,ZDOM
12029,ZDOM
10279,ZDOM
10740,ZDOM
10625,ZDOM
13106,ZDOM
12761,ZDOM
10902,ZDOM
11772,ZDOM
10632,ZDOM
10690,ZDOM
13226,ZDOM
11132,ZDOM
11664,ZDOM
10185,ZDOM
10177,ZDOM
12854,ZDOM
13029,ZDOM
11460,ZDOM
13197,ZDOM
12891,ZDOM
12626,ZDOM
12081,ZDOM
12477,ZDOM
11277,ZDOM
10202,ZDOM
12826,ZDOM
12788,ZDOM
12081,ZDOM
13657,ZDOM
12895,ZDOM
10633,ZDOM
11151,ZDOM
12029,ZDOM
11857,ZDOM
13099,ZDOM
10432,ZDOM
10753,ZDOM
13182,ZDOM
12540,ZDOM
11736,ZDOM
12081,ZDOM
11794,ZDOM
12867,ZDOM
13151,ZDOM
10584,ZDOM
11416,ZDOM
11004,ZDOM
11004,ZDOM
11530,ZDOM
10812,ZDOM
13004,ZDOM
13150,ZDOM
12815,ZDOM
10679,ZDOM
10675,ZDOM
13515,ZDOM
13515,ZDOM
12871,ZDOM
13568,ZDOM
10863,ZDOM
10427,ZDOM
11445,ZDOM
12020,ZDOM
13418,ZDOM
10344,ZDOM
10769,ZDOM
12083,ZDOM
10963,ZDOM
10164,ZDOM
12937,ZDOM
12983,ZDOM
12715,ZDOM
10963,ZDOM
12827,ZDOM
12822,ZDOM
11718,ZDOM
12920,ZDOM
13063,ZDOM
12905,ZDOM
13790,ZDOM
10650,ZDOM
10317,ZDOM
11499,ZDOM
10810,ZDOM
12721,ZDOM
13456,ZDOM
10590,ZDOM
10017,ZDOM
12991,ZDOM
13064,ZDOM
12847,ZDOM
10017,ZDOM
11501,ZDOM
11959,ZDOM
10194,ZDOM
12735,ZDOM
12874,ZDOM
12525,ZDOM
10031,ZDOM
12686,ZDOM
12786,ZDOM
12681,ZDOM
12752,ZDOM
10759,ZDOM
11366,ZDOM
12732,ZDOM
12666,ZDOM
13366,ZDOM
13248,ZDOM
12924,ZDOM
10589,ZDOM
10335,ZDOM
10503,ZDOM
11457,ZDOM
11021,ZDOM
10309,ZDOM
12728,ZDOM
10290,ZDOM
13185,ZDOM
12729,ZDOM
13208,ZDOM
10759,ZDOM
11941,ZDOM
12989,ZDOM
13184,ZDOM
11336,ZDOM
11759,ZDOM
13139,ZDOM
12121,ZDOM
13003,ZDOM
10653,ZDOM
10163,ZDOM
12452,ZDOM
12881,ZDOM
10361,ZDOM
10388,ZDOM
10836,ZDOM
13209,ZDOM
10268,ZDOM
12953,ZDOM
12451,ZDOM
10147,ZDOM
12978,ZDOM
12628,ZDOM
12955,ZDOM
12624,ZDOM
13511,ZDOM
12721,ZDOM
10774,ZDOM
13108,ZDOM
10422,ZDOM
10319,ZDOM
10223,ZDOM
10389,ZDOM
12461,ZDOM
12669,ZDOM
10832,ZDOM
10720,ZDOM
11500,ZDOM
11432,ZDOM
10863,ZDOM
11415,ZDOM
10002,ZDOM
12895,ZDOM
13052,ZDOM
11486,ZDOM
11453,ZDOM
11638,ZDOM
12915,ZDOM
11726,ZDOM
13105,ZDOM
10225,ZDOM
10206,ZDOM
13115,ZDOM
12742,ZDOM
12804,ZDOM
13068,ZDOM
10000,ZDOM
13113,ZDOM
12805,ZDOM
10328,ZDOM
11911,ZDOM
11332,ZDOM
13563,ZDOM
12897,ZDOM
12758,ZDOM
13105,ZDOM
12783,ZDOM
10479,ZDOM
10373,ZDOM
11214,ZDOM
13497,ZDOM
12802,ZDOM
10374,ZDOM
11517,ZDOM
10690,ZDOM
11807,ZDOM
11616,ZDOM
11522,ZDOM
11505,ZDOM
11957,ZDOM
13645,ZDOM
13185,ZDOM
10057,ZDOM
10468,ZDOM
10473,ZDOM
13567,ZDOM
10692,ZDOM
13498,ZDOM
13211,ZDOM
12782,ZDOM
12938,ZDOM
10501,ZDOM
13166,ZDOM
10653,ZDOM
12532,ZDOM
12171,ZDOM
11452,ZDOM
11920,ZDOM
13266,ZDOM
13412,ZDOM
10665,ZDOM
13036,ZDOM
11683,ZDOM
13004,ZDOM
11261,ZDOM
12884,ZDOM
11534,ZDOM
13146,ZDOM
10835,ZDOM
11449,ZDOM
11505,ZDOM
12714,ZDOM
10448,ZDOM
10997,ZDOM
10373,ZDOM
11469,ZDOM
13049,ZDOM
10335,ZDOM
10917,ZDOM
11508,ZDOM
10644,ZDOM
11640,ZDOM
10219,ZDOM
13158,ZDOM
13107,ZDOM
13126,ZDOM
12536,ZDOM
12728,ZDOM
13599,ZDOM
10377,ZDOM
10322,ZDOM
10501,ZDOM
10456,ZDOM
12911,ZDOM
11963,ZDOM
10449,ZDOM
11011,ZDOM
13512,ZDOM
12303,ZDOM
13115,ZDOM
10971,ZDOM
12936,ZDOM
13242,ZDOM
13254,ZDOM
10348,ZDOM
10726,ZDOM
11447,ZDOM
12093,ZDOM
10396,ZDOM
12821,ZDOM
11431,ZDOM
12768,ZDOM
12926,ZDOM
12881,ZDOM
12956,ZDOM
12080,ZDOM
10420,ZDOM
12827,ZDOM
11809,ZDOM
10309,ZDOM
10403,ZDOM
13657,ZDOM
13249,ZDOM
13225,ZDOM
11470,ZDOM
10443,ZDOM
10727,ZDOM
13141,ZDOM
11132,ZDOM
13263,ZDOM
12864,ZDOM
10281,ZDOM
12830,ZDOM
11721,ZDOM
12674,ZDOM
10911,ZDOM
13512,ZDOM
11296,ZDOM
13493,ZDOM
13166,ZDOM
11836,ZDOM
13433,ZDOM
11959,ZDOM
11437,ZDOM
13067,ZDOM
13178,ZDOM
10033,ZDOM
10281,ZDOM
12575,ZDOM
10317,ZDOM
11021,ZDOM
12829,ZDOM
10310,ZDOM
13068,ZDOM
13657,ZDOM
12721,ZDOM
12451,ZDOM
11004,ZDOM
11486,ZDOM
10759,ZDOM
12822,ZDOM
12782,ZDOM
11517,ZDOM
10422,ZDOM
12729,ZDOM
10584,ZDOM
12953,ZDOM
10382,ZDOM
12029,ZDOM
11499,ZDOM
10690,ZDOM
10225,ZDOM
11664,ZDOM
10194,ZDOM
11415,ZDOM
10679,ZDOM
13790,ZDOM
12548,ZDOM
12540,ZDOM
10812,ZDOM
11943,ZDOM
11726,ZDOM
11444,ZDOM
10650,ZDOM
11446,ZDOM
12081,ZDOM
10812,ZDOM
13197,ZDOM
13115,ZDOM
13115,ZDOM
11151,ZDOM
11759,ZDOM
11505,ZDOM
13049,ZDOM
10164,ZDOM
11277,ZDOM
12715,ZDOM
11616,ZDOM
10863,ZDOM
10264,ZDOM
12867,ZDOM
10268,ZDOM
12826,ZDOM
10401,ZDOM
13512,ZDOM
11021,ZDOM
10810,ZDOM
13398,ZDOM
11957,ZDOM
13209,ZDOM
13568,ZDOM
13062,ZDOM
10675,ZDOM
11772,ZDOM
10740,ZDOM
13029,ZDOM
12029,ZDOM
10644,ZDOM
13036,ZDOM
12628,ZDOM
10863,ZDOM
11460,ZDOM
13062,ZDOM
11086,ZDOM
10373,ZDOM
10653,ZDOM
12871,ZDOM
12121,ZDOM
13418,ZDOM
10863,ZDOM
12734,ZDOM
10963,ZDOM
11480,ZDOM
13063,ZDOM
11215,ZDOM
10309,ZDOM
12822,ZDOM
12989,ZDOM
10650,ZDOM
13226,ZDOM
10727,ZDOM
12666,ZDOM
11534,ZDOM
12788,ZDOM
10335,ZDOM
13108,ZDOM
10335,ZDOM
13208,ZDOM
12783,ZDOM
11336,ZDOM
11911,ZDOM
12430,ZDOM
10057,ZDOM
13036,ZDOM
13225,ZDOM
11505,ZDOM
12852,ZDOM
10665,ZDOM
11261,ZDOM
11807,ZDOM
12786,ZDOM
12711,ZDOM
12711,ZDOM
10863,ZDOM
11009,ZDOM
11004,ZDOM
12955,ZDOM
11132,ZDOM
11478,ZDOM
12066,ZDOM
12742,ZDOM
10206,ZDOM
10740,ZDOM
10632,ZDOM
10076,ZDOM
11465,ZDOM
10519,ZDOM
10881,ZDOM
12083,ZDOM
13018,ZDOM
10167,ZDOM
13052,ZDOM
12983,ZDOM
11261,ZDOM
10285,ZDOM
10225,ZDOM
13563,ZDOM
10382,ZDOM
10066,ZDOM
13251,ZDOM
10653,ZDOM
13068,ZDOM
11881,ZDOM
10633,ZDOM
13498,ZDOM
13105,ZDOM
10812,ZDOM
13511,ZDOM
10449,ZDOM
12752,ZDOM
12967,ZDOM
10654,ZDOM
12721,ZDOM
10632,ZDOM
11807,ZDOM
10810,ZDOM
11499,ZDOM
13343,ZDOM
12826,ZDOM
11480,ZDOM
11997,ZDOM
11491,ZDOM
11857,ZDOM
10928,ZDOM
10344,ZDOM
10335,ZDOM
12871,ZDOM
13790,ZDOM
11486,ZDOM
11132,ZDOM
11517,ZDOM
12723,ZDOM
10000,ZDOM
11865,ZDOM
10452,ZDOM
10519,ZDOM
11486,ZDOM
10456,ZDOM
12749,ZDOM
11508,ZDOM
11957,ZDOM
13210,ZDOM
13693,ZDOM
12715,ZDOM
10745,ZDOM
12644,ZDOM
13048,ZDOM
10427,ZDOM
12788,ZDOM
10194,ZDOM
10017,ZDOM
12867,ZDOM
12964,ZDOM
13063,ZDOM
13312,ZDOM
11021,ZDOM
13067,ZDOM
10675,ZDOM
13225,ZDOM
11578,ZDOM
12675,ZDOM
13036,ZDOM
11543,ZDOM
10210,ZDOM
10057,ZDOM
13264,ZDOM
13398,ZDOM
12226,ZDOM
13599,ZDOM
12711,ZDOM
11781,ZDOM
11562,ZDOM
12829,ZDOM
12782,ZDOM
13184,ZDOM
10173,ZDOM
10740,ZDOM
10473,ZDOM
13225,ZDOM
10665,ZDOM
11417,ZDOM
10584,ZDOM
11517,ZDOM
12782,ZDOM
12958,ZDOM
13263,ZDOM
12854,ZDOM
13135,ZDOM
12081,ZDOM
12237,ZDOM
13208,ZDOM
13727,ZDOM
12121,ZDOM
10769,ZDOM
10264,ZDOM
10125,ZDOM
10902,ZDOM
10388,ZDOM
11443,ZDOM
12891,ZDOM
10280,ZDOM
12955,ZDOM
10310,ZDOM
13055,ZDOM
11640,ZDOM
10206,ZDOM
12802,ZDOM
12927,ZDOM
10881,ZDOM
12953,ZDOM
12453,ZDOM
10432,ZDOM
10185,ZDOM
12721,ZDOM
10963,ZDOM
11807,ZDOM
10361,ZDOM
10000,ZDOM
10377,ZDOM
11132,ZDOM
12696,ZDOM
11478,ZDOM
12666,ZDOM
13515,ZDOM
11046,ZDOM
10223,ZDOM
10335,ZDOM
10331,ZDOM
10692,ZDOM
12724,ZDOM
11514,ZDOM
12829,ZDOM
13106,ZDOM
11486,ZDOM
11809,ZDOM
11856,ZDOM
11332,ZDOM
12626,ZDOM
12827,ZDOM
12826,ZDOM
11004,ZDOM
11457,ZDOM
10432,ZDOM
11446,ZDOM
13036,ZDOM
12956,ZDOM
10285,ZDOM
11721,ZDOM
11445,ZDOM
11417,ZDOM
10902,ZDOM
11366,ZDOM
10449,ZDOM
12548,ZDOM
12897,ZDOM
12681,ZDOM
10632,ZDOM
12171,ZDOM
11857,ZDOM
11460,ZDOM
11151,ZDOM
13263,ZDOM
10501,ZDOM
13226,ZDOM
10322,ZDOM
11914,ZDOM
12881,ZDOM
11447,ZDOM
13366,ZDOM
10420,ZDOM
13512,ZDOM
10456,ZDOM
10310,ZDOM
13223,ZDOM
12911,ZDOM
13049,ZDOM
11963,ZDOM
10590,ZDOM
10279,ZDOM
12953,ZDOM
13099,ZDOM
12674,ZDOM
11433,ZDOM
10373,ZDOM
10997,ZDOM
12991,ZDOM
10448,ZDOM
12477,ZDOM
10115,ZDOM
10422,ZDOM
12714,ZDOM
10835,ZDOM
13266,ZDOM
13146,ZDOM
10720,ZDOM
11638,ZDOM
10031,ZDOM
13113,ZDOM
13412,ZDOM
10679,ZDOM
10654,ZDOM
13004,ZDOM
11261,ZDOM
10281,ZDOM
13250,ZDOM
12782,ZDOM
11911,ZDOM
11336,ZDOM
13029,ZDOM
12938,ZDOM
10501,ZDOM
11480,ZDOM
12804,ZDOM
13166,ZDOM
10834,ZDOM
10653,ZDOM
10163,ZDOM
13568,ZDOM
10319,ZDOM
11469,ZDOM
11452,ZDOM
11920,ZDOM
13166,ZDOM
10726,ZDOM
11296,ZDOM
12936,ZDOM
12575,ZDOM
11432,ZDOM
10374,ZDOM
13254,ZDOM
10309,ZDOM
10348,ZDOM
11500,ZDOM
12453,ZDOM
12926,ZDOM
12093,ZDOM
13515,ZDOM
11470,ZDOM
10001,ZDOM
12905,ZDOM
13197,ZDOM
10403,ZDOM
10653,ZDOM
13178,ZDOM
12711,ZDOM
12525,ZDOM
12734,ZDOM
13004,ZDOM
12020,ZDOM
11959,ZDOM
11437,ZDOM
11522,ZDOM
13433,ZDOM
12726,ZDOM
13207,ZDOM
10401,ZDOM
10118,ZDOM
10473,ZDOM
10057,ZDOM
13645,ZDOM
10853,ZDOM
13182,ZDOM
11505,ZDOM
11021,ZDOM
12081,ZDOM
12029,ZDOM
12728,ZDOM
11021,ZDOM
10202,ZDOM
11616,ZDOM
12871,ZDOM
10677,ZDOM
10194,ZDOM
10625,ZDOM
12822,ZDOM
10427,ZDOM
10928,ZDOM
13014,ZDOM
11638,ZDOM
10123,ZDOM
11086,ZDOM
12553,ZDOM
13151,ZDOM
13657,ZDOM
13251,ZDOM
10177,ZDOM
10373,ZDOM
10479,ZDOM
10849,ZDOM
12758,ZDOM
13105,ZDOM
10812,ZDOM
10328,ZDOM
11772,ZDOM
13211,ZDOM
11332,ZDOM
11263,ZDOM
13567,ZDOM
11465,ZDOM
13241,ZDOM
12869,ZDOM
13105,ZDOM
13115,ZDOM
12783,ZDOM
10206,ZDOM
10225,ZDOM
12083,ZDOM
12451,ZDOM
13790,ZDOM
11153,ZDOM
12915,ZDOM
12757,ZDOM
11415,ZDOM
11664,ZDOM
11004,ZDOM
12768,ZDOM
10351,ZDOM
10584,ZDOM
12937,ZDOM
12461,ZDOM
12669,ZDOM
10389,ZDOM
13209,ZDOM
13264,ZDOM
10335,ZDOM
11517,ZDOM
10382,ZDOM
10519,ZDOM
12430,ZDOM
13068,ZDOM
10589,ZDOM
13248,ZDOM
12924,ZDOM
13511,ZDOM
10774,ZDOM
12628,ZDOM
12955,ZDOM
11959,ZDOM
13565,ZDOM
13003,ZDOM
13168,ZDOM
13120,ZDOM
11794,ZDOM
10268,ZDOM
13150,ZDOM
10836,ZDOM
12881,ZDOM
13567,ZDOM
12452,ZDOM
13456,ZDOM
12983,ZDOM
13141,ZDOM
10290,ZDOM
10443,ZDOM
13498,ZDOM
12121,ZDOM
13139,ZDOM
11151,ZDOM
13249,ZDOM
13184,ZDOM
11736,ZDOM
11941,ZDOM
13208,ZDOM
10102,ZDOM
13063,ZDOM
12729,ZDOM
13215,ZDOM
12743,ZDOM
13098,ZDOM
12732,ZDOM
11371,ZDOM
12761,ZDOM
13442,ZDOM
13141,ZDOM
12735,ZDOM
11501,ZDOM
10017,ZDOM
13646,ZDOM
13693,ZDOM
12083,ZDOM
13624,ZDOM
12226,ZDOM
12540,ZDOM
13055,ZDOM
10317,ZDOM
10690,ZDOM
12920,ZDOM
10051,ZDOM
12571,ZDOM
12822,ZDOM
13127,ZDOM
12715,ZDOM
10164,ZDOM
12281,ZDOM
13062,ZDOM
10769,ZDOM
12854,ZDOM
13052,ZDOM
10971,ZDOM
11505,ZDOM
10753,ZDOM
13115,ZDOM
12788,ZDOM
13242,ZDOM
13029,ZDOM
12080,ZDOM
13398,ZDOM
13062,ZDOM
10310,ZDOM
12782,ZDOM
13666,ZDOM
10917,ZDOM
10812,ZDOM
10290,ZDOM
12805,ZDOM
11772,ZDOM
12752,ZDOM
12640,ZDOM
11262,ZDOM
11452,ZDOM
10759,ZDOM
11534,ZDOM
11214,ZDOM
12395,ZDOM
10911,ZDOM
12849,ZDOM
11431,ZDOM
10311,ZDOM
12830,ZDOM
10344,ZDOM
11759,ZDOM
12864,ZDOM
11718,ZDOM
12891,ZDOM
12815,ZDOM
11499,ZDOM
10147,ZDOM
13108,ZDOM
11263,ZDOM
11011,ZDOM
10633,ZDOM
12867,ZDOM
13029,ZDOM
12802,ZDOM
13126,ZDOM
13497,ZDOM
11664,ZDOM
10066,ZDOM
11362,ZDOM
10335,ZDOM
10863,ZDOM
12891,ZDOM
12897,ZDOM
13433,ZDOM
10491,ZDOM
13384,ZDOM
12237,ZDOM
12675,ZDOM
12983,ZDOM
13055,ZDOM
10374,ZDOM
13135,ZDOM
10417,ZDOM
13666,ZDOM
10584,ZDOM
12768,ZDOM
12686,ZDOM
10106,ZDOM
13053,ZDOM
12788,ZDOM
10769,ZDOM
13126,ZDOM
11508,ZDOM
12152,ZDOM
11277,ZDOM
11132,ZDOM
13223,ZDOM
12626,ZDOM
13197,ZDOM
12645,ZDOM
13492,ZDOM
12937,ZDOM
10225,ZDOM
10047,ZDOM
13185,ZDOM
10473,ZDOM
12895,ZDOM
10928,ZDOM
12752,ZDOM
11943,ZDOM
10285,ZDOM
13135,ZDOM
13208,ZDOM
10125,ZDOM
13693,ZDOM
12525,ZDOM
13062,ZDOM
12913,ZDOM
10997,ZDOM
10835,ZDOM
11517,ZDOM
13139,ZDOM
12822,ZDOM
10076,ZDOM
13418,ZDOM
11691,ZDOM
10347,ZDOM
10361,ZDOM
12964,ZDOM
11453,ZDOM
13497,ZDOM
13657,ZDOM
10935,ZDOM
12715,ZDOM
13498,ZDOM
10694,ZDOM
13790,ZDOM
11726,ZDOM
13106,ZDOM
10650,ZDOM
12083,ZDOM
10382,ZDOM
10210,ZDOM
12313,ZDOM
11957,ZDOM
13567,ZDOM
11437,ZDOM
10057,ZDOM
10632,ZDOM
12226,ZDOM
10519,ZDOM
10349,ZDOM
10370,ZDOM
11443,ZDOM
11263,ZDOM
13115,ZDOM
13115,ZDOM
13263,ZDOM
10285,ZDOM
12477,ZDOM
13127,ZDOM
13148,ZDOM
10832,ZDOM
11215,ZDOM
13343,ZDOM
13240,ZDOM
10164,ZDOM
13251,ZDOM
10368,ZDOM
11807,ZDOM
12936,ZDOM
13167,ZDOM
13586,ZDOM
13271,ZDOM
11153,ZDOM
13657,ZDOM
12761,ZDOM
10479,ZDOM
11287,ZDOM
11772,ZDOM
10202,ZDOM
13246,ZDOM
12854,ZDOM
13225,ZDOM
12644,ZDOM
11562,ZDOM
13512,ZDOM
10679,ZDOM
13113,ZDOM
10677,ZDOM
10753,ZDOM
11543,ZDOM
10665,ZDOM
13398,ZDOM
12884,ZDOM
10339,ZDOM
12983,ZDOM
11587,ZDOM
10348,ZDOM
10401,ZDOM
11480,ZDOM
11261,ZDOM
13396,ZDOM
12913,ZDOM
11914,ZDOM
12675,ZDOM
12911,ZDOM
10279,ZDOM
13245,ZDOM
12066,ZDOM
10173,ZDOM
12477,ZDOM
11415,ZDOM
13397,ZDOM
10502,ZDOM
13727,ZDOM
13567,ZDOM
11332,ZDOM
13182,ZDOM
12938,ZDOM
12966,ZDOM
10881,ZDOM
12846,ZDOM
13727,ZDOM
11856,ZDOM
10675,ZDOM
11510,ZDOM
11578,ZDOM
11941,ZDOM
10349,ZDOM
10519,ZDOM
10401,ZDOM
12873,ZDOM
11691,ZDOM
10832,ZDOM
12901,ZDOM
10173,ZDOM
13342,ZDOM
12626,ZDOM
12913,ZDOM
13498,ZDOM
10368,ZDOM
10361,ZDOM
11508,ZDOM
10001,ZDOM
12083,ZDOM
10225,ZDOM
13790,ZDOM
10816,ZDOM
10694,ZDOM
11207,ZDOM
13067,ZDOM
13139,ZDOM
13133,ZDOM
11132,ZDOM
13222,ZDOM
10452,ZDOM
11362,ZDOM
13336,ZDOM
12891,ZDOM
10928,ZDOM
10335,ZDOM
13245,ZDOM
12477,ZDOM
13185,ZDOM
12318,ZDOM
13197,ZDOM
10502,ZDOM
12788,ZDOM
11963,ZDOM
11562,ZDOM
13062,ZDOM
11881,ZDOM
11638,ZDOM
10106,ZDOM
12983,ZDOM
13185,ZDOM
13493,ZDOM
12152,ZDOM
10432,ZDOM
10769,ZDOM
13657,ZDOM
13004,ZDOM
10594,ZDOM
12826,ZDOM
13586,ZDOM
10309,ZDOM
10322,ZDOM
13398,ZDOM
13657,ZDOM
10420,ZDOM
11437,ZDOM
10473,ZDOM
13693,ZDOM
10210,ZDOM
10057,ZDOM
12226,ZDOM
10125,ZDOM
11453,ZDOM
10370,ZDOM
10349,ZDOM
13208,ZDOM
13115,ZDOM
10853,ZDOM
10417,ZDOM
12752,ZDOM
10836,ZDOM
13727,ZDOM
11997,ZDOM
12936,ZDOM
13266,ZDOM
10326,ZDOM
12723,ZDOM
13006,ZDOM
13565,ZDOM
10202,ZDOM
13666,ZDOM
13055,ZDOM
12783,ZDOM
12237,ZDOM
13242,ZDOM
10632,ZDOM
12983,ZDOM
12913,ZDOM
11277,ZDOM
11517,ZDOM
10289,ZDOM
12525,ZDOM
13223,ZDOM
11856,ZDOM
12768,ZDOM
10047,ZDOM
12477,ZDOM
11021,ZDOM
11578,ZDOM
13048,ZDOM
10690,ZDOM
10862,ZDOM
10632,ZDOM
11517,ZDOM
12152,ZDOM
12761,ZDOM
12226,ZDOM
10280,ZDOM
10420,ZDOM
10347,ZDOM
13115,ZDOM
10812,ZDOM
13223,ZDOM
13646,ZDOM
11132,ZDOM
11371,ZDOM
12752,ZDOM
12983,ZDOM
11957,ZDOM
13727,ZDOM
13022,ZDOM
12297,ZDOM
12822,ZDOM
11021,ZDOM
12955,ZDOM
12871,ZDOM
10125,ZDOM
12913,ZDOM
11262,ZDOM
13624,ZDOM
12724,ZDOM
13586,ZDOM
10335,ZDOM
13790,ZDOM
10665,ZDOM
11177,ZDOM
10326,ZDOM
11443,ZDOM
10591,ZDOM
11021,ZDOM
10268,ZDOM
10339,ZDOM
10479,ZDOM
12948,ZDOM
13036,ZDOM
12020,ZDOM
11362,ZDOM
13148,ZDOM
13657,ZDOM
13004,ZDOM
13249,ZDOM
10173,ZDOM
10196,ZDOM
12846,ZDOM
12477,ZDOM
11942,ZDOM
13250,ZDOM
11807,ZDOM
13115,ZDOM
13067,ZDOM
13251,ZDOM
12989,ZDOM
11838,ZDOM
10377,ZDOM
11492,ZDOM
12900,ZDOM
11412,ZDOM
12964,ZDOM
13398,ZDOM
11443,ZDOM
11862,ZDOM
10382,ZDOM
11207,ZDOM
10881,ZDOM
13242,ZDOM
10348,ZDOM
10351,ZDOM
12029,ZDOM
10769,ZDOM
10633,ZDOM
10644,ZDOM
13108,ZDOM
10863,ZDOM
11482,ZDOM
10594,ZDOM
12822,ZDOM
10810,ZDOM
10725,ZDOM
13442,ZDOM
13666,ZDOM
10448,ZDOM
12884,ZDOM
10721,ZDOM
11454,ZDOM
10223,ZDOM
11487,ZDOM
13208,ZDOM
13208,ZDOM
10138,ZDOM
13246,ZDOM
12318,ZDOM
10519,ZDOM
10677,ZDOM
12895,ZDOM
10017,ZDOM
12955,ZDOM
11008,ZDOM
10281,ZDOM
12768,ZDOM
13246,ZDOM
10031,ZDOM
12318,ZDOM
11207,ZDOM
13108,ZDOM
13442,ZDOM
13563,ZDOM
13022,ZDOM
12822,ZDOM
13336,ZDOM
10491,ZDOM
10349,ZDOM
10000,ZDOM
10173,ZDOM
11262,ZDOM
10725,ZDOM
10310,ZDOM
11807,ZDOM
10849,ZDOM
12297,ZDOM
11640,ZDOM
12532,ZDOM
12453,ZDOM
12271,ZDOM
11612,ZDOM
11517,ZDOM
11362,ZDOM
13250,ZDOM
12846,ZDOM
12989,ZDOM
13790,ZDOM
13208,ZDOM
12871,ZDOM
11483,ZDOM
11843,ZDOM
11449,ZDOM
13115,ZDOM
11587,ZDOM
12626,ZDOM
11486,ZDOM
10066,ZDOM
12983,ZDOM
11781,ZDOM
10448,ZDOM
11011,ZDOM
10281,ZDOM
13115,ZDOM
10335,ZDOM
13250,ZDOM
13249,ZDOM
13226,ZDOM
13223,ZDOM
10033,ZDOM
12711,ZDOM
11153,ZDOM
13148,ZDOM
10677,ZDOM
12081,ZDOM
12477,ZDOM
12822,ZDOM
10351,ZDOM
10057,ZDOM
10210,ZDOM
10769,ZDOM
13657,ZDOM
12964,ZDOM
11887,ZDOM
10432,ZDOM
11664,ZDOM
11942,ZDOM
10225,ZDOM
10377,ZDOM
11453,ZDOM
12867,ZDOM
13056,ZDOM
10812,ZDOM
11263,ZDOM
10997,ZDOM
11021,ZDOM
10881,ZDOM
10862,ZDOM
11469,ZDOM
10690,ZDOM
10106,ZDOM
11287,ZDOM
11772,ZDOM
12966,ZDOM
13366,ZDOM
13511,ZDOM
13208,ZDOM
12711,ZDOM
10665,ZDOM
12020,ZDOM
13036,ZDOM
12083,ZDOM
11021,ZDOM
10473,ZDOM
11524,ZDOM
11261,ZDOM
11112,ZDOM
12711,ZDOM
13515,ZDOM
11888,ZDOM
10479,ZDOM
11132,ZDOM
10928,ZDOM
10740,ZDOM
13222,ZDOM
10836,ZDOM
11612,ZDOM
12950,ZDOM
11759,ZDOM
10540,ZDOM
10492,ZDOM
10745,ZDOM
10311,ZDOM
13251,ZDOM
10403,ZDOM
13248,ZDOM
12281,ZDOM
10490,ZDOM
10911,ZDOM
13342,ZDOM
13250,ZDOM
11483,ZDOM
11153,ZDOM
12955,ZDOM
11843,ZDOM
13247,ZDOM
11487,ZDOM
10740,ZDOM
10382,ZDOM
10115,ZDOM
11838,ZDOM
11449,ZDOM
10835,ZDOM
10816,ZDOM
12532,ZDOM
10591,ZDOM
10279,ZDOM
10799,ZDOM
12802,ZDOM
12638,ZDOM
10479,ZDOM
11046,ZDOM
13056,ZDOM
13052,ZDOM
13246,ZDOM
11287,ZDOM
13226,ZDOM
12624,ZDOM
13032,ZDOM
10367,ZDOM
10057,ZDOM
12749,ZDOM
13168,ZDOM
12395,ZDOM
12302,ZDOM
12895,ZDOM
10339,ZDOM
12851,ZDOM
10467,ZDOM
11478,ZDOM
11004,ZDOM
12692,ZDOM
10219,ZDOM
10736,ZDOM
11862,ZDOM
12966,ZDOM
12172,ZDOM
11864,ZDOM
10223,ZDOM
10347,ZDOM
11501,ZDOM
10679,ZDOM
13022,ZDOM
11261,ZDOM
11031,ZDOM
12936,ZDOM
12395,ZDOM
10452,ZDOM
13646,ZDOM
11514,ZDOM
12453,ZDOM
11480,ZDOM
12726,ZDOM
11683,ZDOM
13442,ZDOM
13036,ZDOM
12152,ZDOM
11692,ZDOM
11664,ZDOM
13223,ZDOM
12786,ZDOM
10167,ZDOM
13209,ZDOM
10914,ZDOM
11562,ZDOM
13167,ZDOM
13496,ZDOM
10280,ZDOM
13143,ZDOM
13336,ZDOM
10774,ZDOM
11505,ZDOM
10102,ZDOM
12822,ZDOM
13412,ZDOM
11470,ZDOM
11460,ZDOM
13102,ZDOM
11957,ZDOM
13225,ZDOM
10759,ZDOM
11941,ZDOM
13568,ZDOM
12721,ZDOM
11457,ZDOM
13049,ZDOM
10420,ZDOM
12728,ZDOM
13433,ZDOM
11640,ZDOM
11132,ZDOM
10624,ZDOM
12881,ZDOM
12849,ZDOM
13178,ZDOM
11437,ZDOM
10382,ZDOM
10164,ZDOM
11486,ZDOM
12891,ZDOM
11366,ZDOM
11021,ZDOM
12686,ZDOM
10361,ZDOM
12640,ZDOM
12915,ZDOM
13493,ZDOM
11021,ZDOM
12924,ZDOM
11478,ZDOM
13125,ZDOM
11534,ZDOM
10917,ZDOM
13139,ZDOM
10849,ZDOM
10163,ZDOM
13223,ZDOM
10863,ZDOM
10317,ZDOM
10591,ZDOM
10963,ZDOM
12871,ZDOM
13418,ZDOM
10829,ZDOM
12121,ZDOM
13599,ZDOM
11498,ZDOM
13006,ZDOM
12805,ZDOM
12675,ZDOM
13209,ZDOM
13492,ZDOM
10997,ZDOM
12956,ZDOM
13105,ZDOM
11533,ZDOM
12729,ZDOM
13208,ZDOM
12979,ZDOM
11736,ZDOM
11452,ZDOM
12802,ZDOM
11447,ZDOM
13003,ZDOM
11432,ZDOM
10665,ZDOM
10147,ZDOM
11707,ZDOM
10062,ZDOM
12083,ZDOM
11963,ZDOM
10473,ZDOM
10033,ZDOM
11415,ZDOM
10000,ZDOM
10769,ZDOM
10812,ZDOM
11262,ZDOM
10322,ZDOM
10326,ZDOM
12897,ZDOM
11881,ZDOM
12830,ZDOM
13113,ZDOM
13397,ZDOM
10319,ZDOM
12666,ZDOM
10653,ZDOM
10479,ZDOM
13249,ZDOM
10173,ZDOM
13456,ZDOM
13242,ZDOM
12815,ZDOM
12525,ZDOM
13226,ZDOM
13251,ZDOM
11809,ZDOM
13397,ZDOM
13497,ZDOM
11445,ZDOM
10448,ZDOM
13271,ZDOM
13115,ZDOM
11505,ZDOM
11798,ZDOM
10633,ZDOM
10285,ZDOM
13048,ZDOM
11942,ZDOM
13433,ZDOM
12171,ZDOM
10963,ZDOM
12827,ZDOM
11943,ZDOM
10501,ZDOM
10812,ZDOM
13004,ZDOM
10351,ZDOM
13061,ZDOM
10286,ZDOM
12083,ZDOM
12681,ZDOM
10344,ZDOM
13343,ZDOM
12313,ZDOM
12901,ZDOM
11508,ZDOM
13693,ZDOM
11807,ZDOM
13215,ZDOM
10368,ZDOM
12955,ZDOM
13266,ZDOM
13067,ZDOM
13247,ZDOM
10443,ZDOM
10427,ZDOM
13248,ZDOM
13126,ZDOM
13790,ZDOM
13213,ZDOM
13512,ZDOM
13166,ZDOM
10632,ZDOM
12735,ZDOM
10089,ZDOM
11417,ZDOM
11865,ZDOM
13115,ZDOM
13141,ZDOM
13067,ZDOM
13790,ZDOM
10644,ZDOM
12752,ZDOM
12121,ZDOM
12020,ZDOM
10670,ZDOM
13247,ZDOM
11332,ZDOM
10649,ZDOM
12826,ZDOM
12873,ZDOM
12869,ZDOM
10812,ZDOM
10677,ZDOM
10219,ZDOM
10223,ZDOM
13442,ZDOM
12867,ZDOM
12591,ZDOM
10519,ZDOM
10173,ZDOM
10997,ZDOM
12226,ZDOM
10491,ZDOM
10690,ZDOM
13068,ZDOM
10479,ZDOM
11153,ZDOM
12950,ZDOM
12257,ZDOM
12626,ZDOM
10569,ZDOM
10971,ZDOM
12761,ZDOM
13225,ZDOM
13053,ZDOM
10928,ZDOM
10473,ZDOM
13208,ZDOM
12726,ZDOM
10196,ZDOM
11971,ZDOM
12081,ZDOM
11843,ZDOM
13245,ZDOM
13246,ZDOM
10210,ZDOM
12477,ZDOM
10382,ZDOM
11132,ZDOM
11443,ZDOM
11453,ZDOM
10320,ZDOM
10502,ZDOM
13251,ZDOM
11207,ZDOM
11262,ZDOM
11862,ZDOM
11736,ZDOM
11277,ZDOM
11443,ZDOM
12696,ZDOM
12895,ZDOM
13263,ZDOM
10335,ZDOM
10665,ZDOM
10280,ZDOM
13657,ZDOM
10816,ZDOM
12913,ZDOM
10057,ZDOM
13210,ZDOM
13657,ZDOM
11437,ZDOM
13004,ZDOM
10632,ZDOM
10031,ZDOM
12901,ZDOM
13248,ZDOM
13223,ZDOM
12955,ZDOM
12783,ZDOM
12237,ZDOM
10066,ZDOM
10377,ZDOM
10881,ZDOM
13062,ZDOM
10326,ZDOM
11208,ZDOM
12297,ZDOM
12644,ZDOM
12979,ZDOM
13210,ZDOM
12913,ZDOM
10374,ZDOM
13412,ZDOM
12901,ZDOM
12226,ZDOM
13067,ZDOM
10164,ZDOM
10665,ZDOM
10420,ZDOM
11942,ZDOM
10115,ZDOM
12711,ZDOM
13384,ZDOM
10928,ZDOM
13225,ZDOM
13251,ZDOM
13254,ZDOM
12081,ZDOM
10225,ZDOM
12895,ZDOM
13246,ZDOM
10473,ZDOM
10519,ZDOM
12477,ZDOM
13126,ZDOM
13041,ZDOM
10902,ZDOM
10326,ZDOM
13657,ZDOM
10339,ZDOM
11449,ZDOM
12897,ZDOM
11215,ZDOM
13068,ZDOM
12723,ZDOM
10264,ZDOM
10361,ZDOM
12867,ZDOM
11460,ZDOM
11371,ZDOM
13790,ZDOM
10863,ZDOM
12686,ZDOM
13511,ZDOM
13063,ZDOM
13693,ZDOM
10810,ZDOM
12083,ZDOM
10432,ZDOM
11362,ZDOM
12083,ZDOM
11510,ZDOM
13498,ZDOM
13563,ZDOM
11807,ZDOM
13412,ZDOM
10501,ZDOM
12675,ZDOM
10853,ZDOM
13223,ZDOM
10650,ZDOM
13497,ZDOM
13418,ZDOM
11277,ZDOM
10125,ZDOM
11417,ZDOM
12536,ZDOM
13666,ZDOM
12852,ZDOM
10812,ZDOM
11021,ZDOM
11517,ZDOM
13018,ZDOM
10051,ZDOM
12768,ZDOM
12822,ZDOM
12066,ZDOM
11443,ZDOM
12721,ZDOM
10335,ZDOM
10281,ZDOM
13106,ZDOM
11578,ZDOM
10675,ZDOM
11736,ZDOM
11957,ZDOM
12237,ZDOM
11008,ZDOM
13115,ZDOM
13599,ZDOM
11287,ZDOM
13139,ZDOM
13106,ZDOM
12711,ZDOM
12826,ZDOM
13250,ZDOM
10001,ZDOM
12121,ZDOM
11443,ZDOM
10491,ZDOM
10448,ZDOM
11943,ZDOM
13366,ZDOM
13512,ZDOM
10264,ZDOM
12395,ZDOM
10479,ZDOM
12644,ZDOM
12674,ZDOM
13182,ZDOM
11262,ZDOM
13108,ZDOM
13242,ZDOM
13397,ZDOM
10348,ZDOM
13146,ZDOM
10723,ZDOM
10881,ZDOM
11943,ZDOM
11206,ZDOM
12913,ZDOM
10287,ZDOM
11480,ZDOM
11493,ZDOM
12920,ZDOM
11011,ZDOM
10196,ZDOM
13167,ZDOM
13125,ZDOM
12927,ZDOM
12318,ZDOM
10223,ZDOM
13055,ZDOM
10377,ZDOM
10836,ZDOM
13017,ZDOM
10670,ZDOM
13135,ZDOM
13398,ZDOM
10690,ZDOM
11920,ZDOM
12722,ZDOM
13146,ZDOM
13210,ZDOM
10163,ZDOM
13456,ZDOM
11153,ZDOM
10210,ZDOM
12536,ZDOM
13334,ZDOM
11445,ZDOM
13586,ZDOM
13402,ZDOM
13398,ZDOM
12081,ZDOM
12453,ZDOM
11683,ZDOM
12955,ZDOM
10997,ZDOM
10335,ZDOM
11046,ZDOM
10935,ZDOM
10452,ZDOM
13693,ZDOM
13150,ZDOM
13223,ZDOM
11215,ZDOM
13246,ZDOM
10223,ZDOM
13657,ZDOM
10347,ZDOM
11417,ZDOM
12281,ZDOM
10225,ZDOM
10031,ZDOM
10115,ZDOM
11449,ZDOM
10173,ZDOM
10125,ZDOM
11781,ZDOM
11517,ZDOM
10432,ZDOM
10374,ZDOM
10285,ZDOM
13512,ZDOM
13225,ZDOM
11505,ZDOM
10219,ZDOM
10173,ZDOM
12638,ZDOM
10590,ZDOM
10335,ZDOM
10774,ZDOM
10448,ZDOM
11031,ZDOM
11452,ZDOM
12674,ZDOM
13251,ZDOM
11277,ZDOM
12881,ZDOM
13017,ZDOM
10286,ZDOM
11362,ZDOM
10519,ZDOM
13068,ZDOM
11443,ZDOM
11011,ZDOM
11437,ZDOM
13223,ZDOM
10388,ZDOM
11263,ZDOM
10849,ZDOM
13067,ZDOM
10427,ZDOM
10047,ZDOM
12172,ZDOM
11486,ZDOM
12867,ZDOM
13183,ZDOM
13102,ZDOM
11263,ZDOM
13139,ZDOM
13790,ZDOM
13433,ZDOM
13250,ZDOM
12757,ZDOM
10810,ZDOM
10368,ZDOM
10225,ZDOM
13384,ZDOM
11362,ZDOM
10361,ZDOM
13135,ZDOM
13456,ZDOM
11562,ZDOM
13166,ZDOM
13384,ZDOM
12083,ZDOM
10344,ZDOM
11449,ZDOM
11112,ZDOM
12826,ZDOM
11807,ZDOM
12829,ZDOM
12913,ZDOM
12913,ZDOM
10420,ZDOM
10279,ZDOM
10650,ZDOM
11215,ZDOM
13497,ZDOM
13249,ZDOM
12726,ZDOM
11664,ZDOM
10928,ZDOM
11865,ZDOM
12081,ZDOM
10677,ZDOM
12927,ZDOM
10670,ZDOM
11417,ZDOM
11508,ZDOM
13018,ZDOM
13412,ZDOM
13036,ZDOM
12121,ZDOM
13041,ZDOM
10326,ZDOM
12066,ZDOM
13006,ZDOM
13254,ZDOM
10501,ZDOM
11578,ZDOM
11534,ZDOM
13511,ZDOM
10881,ZDOM
10675,ZDOM
13150,ZDOM
10194,ZDOM
11262,ZDOM
13563,ZDOM
12723,ZDOM
12536,ZDOM
10223,ZDOM
12171,ZDOM
12626,ZDOM
12979,ZDOM
13209,ZDOM
11443,ZDOM
10690,ZDOM
12802,ZDOM
13141,ZDOM
10862,ZDOM
10492,ZDOM
10320,ZDOM
11492,ZDOM
10377,ZDOM
10264,ZDOM
10812,ZDOM
12237,ZDOM
13599,ZDOM
11460,ZDOM
11957,ZDOM
12624,ZDOM
13108,ZDOM
10118,ZDOM
12728,ZDOM
11736,ZDOM
12783,ZDOM
12066,ZDOM
10479,ZDOM
10863,ZDOM
12728,ZDOM
13498,ZDOM
12983,ZDOM
10163,ZDOM
10812,ZDOM
13068,ZDOM
11691,ZDOM
11534,ZDOM
11942,ZDOM
13247,ZDOM
13225,ZDOM
11415,ZDOM
10677,ZDOM
13586,ZDOM
11486,ZDOM
11942,ZDOM
10264,ZDOM
12715,ZDOM
12826,ZDOM
10810,ZDOM
10812,ZDOM
11362,ZDOM
10033,ZDOM
13249,ZDOM
13442,ZDOM
11371,ZDOM
10164,ZDOM
10361,ZDOM
12638,ZDOM
11957,ZDOM
12066,ZDOM
13036,ZDOM
13029,ZDOM
12901,ZDOM
11759,ZDOM
13115,ZDOM
11798,ZDOM
10066,ZDOM
12891,ZDOM
11443,ZDOM
10310,ZDOM
12881,ZDOM
12313,ZDOM
11517,ZDOM
13586,ZDOM
11943,ZDOM
12782,ZDOM
10679,ZDOM
11443,ZDOM
13042,ZDOM
12895,ZDOM
11021,ZDOM
10420,ZDOM
13790,ZDOM
13022,ZDOM
12644,ZDOM
13174,ZDOM
11640,ZDOM
11499,ZDOM
10633,ZDOM
13398,ZDOM
11807,ZDOM
13225,ZDOM
13048,ZDOM
12964,ZDOM
13271,ZDOM
13139,ZDOM
11437,ZDOM
13126,ZDOM
10836,ZDOM
13563,ZDOM
13497,ZDOM
12686,ZDOM
10519,ZDOM
11021,ZDOM
13397,ZDOM
10443,ZDOM
11262,ZDOM
10377,ZDOM
12066,ZDOM
13062,ZDOM
10675,ZDOM
13248,ZDOM
12815,ZDOM
13342,ZDOM
10225,ZDOM
13068,ZDOM
13067,ZDOM
12452,ZDOM
10799,ZDOM
12924,ZDOM
11132,ZDOM
12536,ZDOM
12721,ZDOM
13148,ZDOM
13343,ZDOM
10147,ZDOM
11505,ZDOM
11533,ZDOM
11499,ZDOM
10720,ZDOM
10591,ZDOM
13226,ZDOM
13511,ZDOM
13512,ZDOM
10863,ZDOM
11505,ZDOM
13498,ZDOM
12847,ZDOM
13397,ZDOM
12675,ZDOM
11707,ZDOM
11498,ZDOM
13125,ZDOM
12822,ZDOM
11807,ZDOM
13366,ZDOM
13115,ZDOM
11608,ZDOM
10519,ZDOM
10448,ZDOM
11517,ZDOM
12686,ZDOM
10322,ZDOM
12966,ZDOM
11417,ZDOM
12915,ZDOM
11807,ZDOM
10633,ZDOM
12723,ZDOM
12805,ZDOM
11460,ZDOM
10632,ZDOM
13433,ZDOM
11262,ZDOM
13126,ZDOM
12640,ZDOM
13251,ZDOM
13492,ZDOM
12081,ZDOM
13197,ZDOM
11772,ZDOM
13064,ZDOM
13113,ZDOM
13366,ZDOM
11480,ZDOM
12761,ZDOM
10812,ZDOM
11470,ZDOM
10396,ZDOM
11843,ZDOM
11534,ZDOM
11862,ZDOM
13247,ZDOM
13115,ZDOM
12711,ZDOM
12681,ZDOM
11452,ZDOM
11277,ZDOM
12303,ZDOM
13210,ZDOM
13165,ZDOM
12313,ZDOM
13209,ZDOM
10102,ZDOM
11136,ZDOM
10670,ZDOM
10690,ZDOM
11478,ZDOM
10501,ZDOM
12849,ZDOM
10382,ZDOM
11963,ZDOM
10118,ZDOM
10281,ZDOM
10917,ZDOM
11432,ZDOM
10653,ZDOM
10285,ZDOM
10351,ZDOM
11457,ZDOM
12829,ZDOM
13150,ZDOM
13061,ZDOM
11287,ZDOM
13563,ZDOM
13115,ZDOM
10057,ZDOM
12172,ZDOM
10361,ZDOM
13166,ZDOM
11578,ZDOM
10721,ZDOM
13242,ZDOM
10759,ZDOM
12083,ZDOM
11809,ZDOM
10311,ZDOM
13342,ZDOM
11691,ZDOM
13178,ZDOM
10467,ZDOM
10420,ZDOM
12956,ZDOM
10310,ZDOM
10443,ZDOM
10361,ZDOM
11487,ZDOM
10928,ZDOM
10177,ZDOM
12955,ZDOM
12827,ZDOM
10272,ZDOM
13003,ZDOM
11366,ZDOM
10745,ZDOM
10963,ZDOM
12696,ZDOM
10033,ZDOM
11943,ZDOM
11499,ZDOM
10163,ZDOM
10052,ZDOM
12666,ZDOM
11447,ZDOM
12171,ZDOM
13102,ZDOM
10769,ZDOM
11445,ZDOM
10590,ZDOM
12121,ZDOM
13125,ZDOM
13210,ZDOM
13063,ZDOM
12728,ZDOM
13208,ZDOM
12395,ZDOM
12729,ZDOM
10863,ZDOM
10468,ZDOM
10089,ZDOM
11942,ZDOM
13108,ZDOM
12897,ZDOM
10937,ZDOM
13139,ZDOM
10062,ZDOM
13727,ZDOM
13208,ZDOM
12715,ZDOM
10677,ZDOM
12830,ZDOM
11412,ZDOM
13146,ZDOM
10344,ZDOM
10540,ZDOM
11021,ZDOM
11664,ZDOM
10335,ZDOM
12536,ZDOM
12948,ZDOM
10115,ZDOM
10147,ZDOM
10479,ZDOM
11445,ZDOM
13141,ZDOM
13456,ZDOM
11612,ZDOM
13049,ZDOM
10225,ZDOM
12979,ZDOM
12692,ZDOM
10447,ZDOM
12955,ZDOM
12525,ZDOM
12822,ZDOM
12881,ZDOM
10163,ZDOM
13790,ZDOM
11957,ZDOM
10753,ZDOM
13412,ZDOM
11416,ZDOM
13334,ZDOM
12532,ZDOM
12735,ZDOM
11153,ZDOM
13343,ZDOM
13223,ZDOM
10125,ZDOM
12093,ZDOM
13062,ZDOM
13251,ZDOM
12281,ZDOM
12081,ZDOM
13666,ZDOM
10382,ZDOM
13208,ZDOM
10225,ZDOM
12788,ZDOM
11759,ZDOM
11638,ZDOM
11638,ZDOM
10264,ZDOM
10290,ZDOM
11498,ZDOM
13249,ZDOM
10810,ZDOM
10740,ZDOM
11153,ZDOM
12964,ZDOM
11086,ZDOM
12453,ZDOM
12913,ZDOM
13168,ZDOM
10653,ZDOM
13248,ZDOM
13105,ZDOM
11177,ZDOM
12226,ZDOM
10351,ZDOM
10173,ZDOM
11443,ZDOM
12580,ZDOM
13511,ZDOM
12172,ZDOM
11449,ZDOM
12867,ZDOM
10224,ZDOM
10928,ZDOM
11031,ZDOM
10649,ZDOM
12686,ZDOM
12711,ZDOM
13125,ZDOM
12761,ZDOM
11046,ZDOM
12955,ZDOM
11263,ZDOM
11004,ZDOM
13563,ZDOM
10902,ZDOM
10389,ZDOM
11493,ZDOM
11277,ZDOM
11664,ZDOM
13148,ZDOM
10331,ZDOM
10361,ZDOM
13646,ZDOM
13693,ZDOM
10670,ZDOM
10115,ZDOM
11683,ZDOM
12711,ZDOM
11263,ZDOM
12966,ZDOM
12626,ZDOM
13657,ZDOM
13105,ZDOM
11460,ZDOM
10374,ZDOM
12869,ZDOM
11478,ZDOM
13790,ZDOM
12624,ZDOM
11491,ZDOM
11690,ZDOM
11262,ZDOM
10665,ZDOM
12020,ZDOM
10115,ZDOM
11759,ZDOM
10374,ZDOM
12696,ZDOM
12891,ZDOM
13168,ZDOM
11683,ZDOM
10420,ZDOM
10935,ZDOM
12081,ZDOM
10928,ZDOM
12990,ZDOM
10177,ZDOM
12788,ZDOM
11664,ZDOM
10331,ZDOM
10740,ZDOM
12281,ZDOM
11443,ZDOM
10225,ZDOM
10396,ZDOM
12226,ZDOM
13223,ZDOM
12029,ZDOM
11215,ZDOM
12453,ZDOM
11262,ZDOM
12913,ZDOM
10173,ZDOM
10473,ZDOM
11478,ZDOM
10519,ZDOM
13402,ZDOM
12029,ZDOM
10902,ZDOM
10452,ZDOM
13492,ZDOM
12869,ZDOM
10290,ZDOM
11086,ZDOM
11460,ZDOM
13249,ZDOM
12895,ZDOM
12826,ZDOM
11498,ZDOM
10468,ZDOM
10125,ZDOM
12821,ZDOM
10224,ZDOM
12867,ZDOM
12540,ZDOM
13248,ZDOM
10351,ZDOM
10347,ZDOM
13062,ZDOM
11277,ZDOM
12955,ZDOM
12172,ZDOM
10653,ZDOM
13511,ZDOM
12714,ZDOM
13042,ZDOM
11865,ZDOM
12626,ZDOM
12580,ZDOM
13210,ZDOM
11449,ZDOM
13693,ZDOM
12686,ZDOM
12711,ZDOM
11638,ZDOM
10389,ZDOM
10361,ZDOM
13125,ZDOM
12964,ZDOM
13666,ZDOM
13563,ZDOM
11638,ZDOM
11690,ZDOM
12430,ZDOM
13334,ZDOM
11206,ZDOM
13248,ZDOM
13208,ZDOM
10727,ZDOM
11492,ZDOM
11772,ZDOM
10670,ZDOM
12752,ZDOM
13498,ZDOM
11021,ZDOM
10473,ZDOM
12226,ZDOM
10812,ZDOM
13250,ZDOM
11362,ZDOM
11371,ZDOM
11640,ZDOM
10679,ZDOM
10881,ZDOM
13182,ZDOM
10401,ZDOM
12953,ZDOM
13456,ZDOM
12965,ZDOM
10281,ZDOM
13790,ZDOM
11510,ZDOM
12822,ZDOM
12083,ZDOM
10928,ZDOM
10173,ZDOM
12453,ZDOM
10339,ZDOM
10264,ZDOM
10225,ZDOM
10106,ZDOM
12081,ZDOM
13563,ZDOM
11587,ZDOM
12955,ZDOM
12081,ZDOM
13036,ZDOM
10210,ZDOM
11562,ZDOM
11021,ZDOM
12226,ZDOM
10164,ZDOM
11596,ZDOM
12477,ZDOM
12966,ZDOM
11664,ZDOM
12822,ZDOM
11262,ZDOM
10690,ZDOM
10377,ZDOM
11517,ZDOM
10432,ZDOM
10125,ZDOM
13208,ZDOM
13515,ZDOM
13343,ZDOM
11021,ZDOM
11683,ZDOM
11449,ZDOM
10740,ZDOM
10219,ZDOM
13056,ZDOM
13336,ZDOM
11263,ZDOM
12281,ZDOM
12083,ZDOM
13384,ZDOM
11524,ZDOM
12768,ZDOM
12297,ZDOM
12867,ZDOM
11132,ZDOM
10761,ZDOM
13727,ZDOM
12237,ZDOM
13342,ZDOM
11486,ZDOM
13498,ZDOM
13115,ZDOM
11781,ZDOM
11736,ZDOM
10206,ZDOM
10066,ZDOM
10335,ZDOM
11277,ZDOM
13067,ZDOM
10047,ZDOM
10853,ZDOM
10473,ZDOM
11021,ZDOM
10420,ZDOM
10769,ZDOM
10326,ZDOM
13185,ZDOM
12675,ZDOM
11957,ZDOM
10417,ZDOM
10223,ZDOM
13055,ZDOM
12983,ZDOM
12686,ZDOM
11881,ZDOM
10836,ZDOM
10210,ZDOM
13197,ZDOM
11453,ZDOM
13004,ZDOM
13006,ZDOM
13062,ZDOM
11562,ZDOM
10670,ZDOM
10519,ZDOM
12237,ZDOM
10206,ZDOM
13139,ZDOM
10594,ZDOM
12983,ZDOM
10000,ZDOM
13586,ZDOM
13251,ZDOM
11132,ZDOM
11508,ZDOM
11332,ZDOM
10361,ZDOM
10452,ZDOM
12873,ZDOM
10322,ZDOM
13210,ZDOM
12913,ZDOM
10928,ZDOM
13106,ZDOM
12826,ZDOM
10125,ZDOM
10335,ZDOM
11914,ZDOM
12869,ZDOM
13266,ZDOM
10816,ZDOM
11691,ZDOM
12901,ZDOM
12525,ZDOM
10066,ZDOM
10309,ZDOM
13185,ZDOM
11362,ZDOM
11530,ZDOM
12965,ZDOM
10347,ZDOM
13384,ZDOM
10810,ZDOM
13666,ZDOM
13498,ZDOM
12854,ZDOM
13115,ZDOM
10467,ZDOM
10670,ZDOM
10940,ZDOM
10225,ZDOM
13342,ZDOM
11486,ZDOM
12723,ZDOM
13167,ZDOM
11772,ZDOM
13693,ZDOM
13343,ZDOM
11021,ZDOM
12083,ZDOM
10311,ZDOM
13062,ZDOM
13185,ZDOM
10286,ZDOM
13018,ZDOM
10812,ZDOM
11444,ZDOM
12638,ZDOM
10280,ZDOM
13211,ZDOM
10812,ZDOM
13599,ZDOM
11021,ZDOM
12281,ZDOM
13251,ZDOM
11132,ZDOM
10339,ZDOM
13563,ZDOM
11683,ZDOM
13208,ZDOM
12964,ZDOM
12822,ZDOM
11362,ZDOM
10721,ZDOM
10196,ZDOM
10427,ZDOM
11781,ZDOM
13036,ZDOM
13790,ZDOM
13397,ZDOM
12430,ZDOM
11443,ZDOM
10328,ZDOM
11608,ZDOM
11562,ZDOM
13048,ZDOM
10125,ZDOM
10690,ZDOM
13068,ZDOM
10281,ZDOM
12477,ZDOM
12955,ZDOM
12826,ZDOM
11021,ZDOM
11371,ZDOM
12226,ZDOM
10335,ZDOM
11443,ZDOM
13456,ZDOM
11664,ZDOM
12914,ZDOM
10432,ZDOM
10679,ZDOM
10164,ZDOM
13384,ZDOM
11514,ZDOM
12532,ZDOM
11499,ZDOM
12271,ZDOM
10268,ZDOM
11262,ZDOM
13511,ZDOM
13182,ZDOM
10690,ZDOM
12742,ZDOM
10810,ZDOM
11416,ZDOM
13105,ZDOM
11086,ZDOM
13115,ZDOM
11021,ZDOM
11261,ZDOM
11530,ZDOM
10309,ZDOM
11957,ZDOM
12721,ZDOM
10911,ZDOM
13004,ZDOM
11500,ZDOM
11638,ZDOM
12871,ZDOM
13225,ZDOM
11277,ZDOM
12829,ZDOM
13223,ZDOM
11206,ZDOM
13211,ZDOM
10759,ZDOM
13790,ZDOM
13498,ZDOM
12430,ZDOM
12711,ZDOM
12020,ZDOM
12303,ZDOM
10225,ZDOM
11534,ZDOM
10690,ZDOM
10017,ZDOM
11433,ZDOM
13657,ZDOM
10740,ZDOM
12728,ZDOM
13568,ZDOM
11480,ZDOM
13014,ZDOM
12729,ZDOM
12821,ZDOM
12788,ZDOM
13510,ZDOM
10625,ZDOM
12451,ZDOM
10679,ZDOM
12822,ZDOM
13151,ZDOM
11478,ZDOM
13197,ZDOM
12768,ZDOM
11004,ZDOM
10285,ZDOM
10319,ZDOM
11772,ZDOM
13029,ZDOM
12989,ZDOM
10863,ZDOM
10382,ZDOM
12081,ZDOM
11009,ZDOM
11664,ZDOM
11262,ZDOM
10584,ZDOM
10057,ZDOM
12226,ZDOM
12953,ZDOM
12901,ZDOM
10311,ZDOM
13515,ZDOM
13384,ZDOM
10467,ZDOM
10863,ZDOM
13456,ZDOM
12281,ZDOM
11460,ZDOM
12786,ZDOM
12477,ZDOM
10202,ZDOM
11132,ZDOM
12911,ZDOM
13209,ZDOM
11151,ZDOM
11486,ZDOM
11263,ZDOM
12453,ZDOM
11004,ZDOM
12121,ZDOM
13263,ZDOM
10963,ZDOM
11596,ZDOM
10310,ZDOM
10863,ZDOM
13067,ZDOM
10123,ZDOM
10396,ZDOM
11505,ZDOM
10268,ZDOM
10177,ZDOM
10076,ZDOM
13068,ZDOM
13183,ZDOM
12715,ZDOM
13563,ZDOM
10403,ZDOM
11332,ZDOM
11759,ZDOM
12955,ZDOM
10194,ZDOM
11911,ZDOM
13208,ZDOM
11480,ZDOM
13251,ZDOM
12313,ZDOM
10839,ZDOM
13115,ZDOM
11856,ZDOM
11277,ZDOM
12711,ZDOM
11612,ZDOM
12822,ZDOM
12733,ZDOM
11417,ZDOM
13210,ZDOM
10705,ZDOM
13248,ZDOM
10721,ZDOM
10349,ZDOM
11781,ZDOM
12303,ZDOM
13061,ZDOM
13174,ZDOM
10467,ZDOM
10675,ZDOM
12722,ZDOM
11664,ZDOM
11578,ZDOM
11443,ZDOM
13511,ZDOM
10167,ZDOM
12822,ZDOM
12066,ZDOM
12066,ZDOM
10225,ZDOM
13107,ZDOM
12829,ZDOM
11517,ZDOM
10997,ZDOM
11957,ZDOM
10447,ZDOM
13342,ZDOM
11691,ZDOM
10163,ZDOM
13150,ZDOM
12895,ZDOM
12854,ZDOM
10812,ZDOM
11772,ZDOM
11608,ZDOM
12644,ZDOM
10501,ZDOM
10051,ZDOM
10720,ZDOM
12766,ZDOM
11562,ZDOM
10443,ZDOM
10279,ZDOM
12302,ZDOM
11862,ZDOM
13247,ZDOM
10066,ZDOM
13042,ZDOM
10863,ZDOM
10115,ZDOM
12715,ZDOM
13397,ZDOM
10389,ZDOM
10594,ZDOM
12724,ZDOM
11498,ZDOM
13790,ZDOM
12948,ZDOM
12692,ZDOM
11262,ZDOM
10123,ZDOM
10863,ZDOM
12966,ZDOM
10928,ZDOM
12723,ZDOM
12532,ZDOM
12914,ZDOM
12237,ZDOM
10677,ZDOM
13343,ZDOM
10625,ZDOM
11362,ZDOM
13022,ZDOM
13108,ZDOM
11443,ZDOM
12395,ZDOM
13115,ZDOM
13049,ZDOM
12955,ZDOM
11499,ZDOM
11942,ZDOM
13366,ZDOM
13334,ZDOM
13197,ZDOM
13242,ZDOM
11499,ZDOM
11444,ZDOM
10281,ZDOM
13148,ZDOM
12674,ZDOM
11487,ZDOM
10118,ZDOM
10590,ZDOM
12686,ZDOM
11807,ZDOM
10753,ZDOM
11445,ZDOM
11683,ZDOM
12536,ZDOM
11843,ZDOM
10382,ZDOM
13063,ZDOM
13563,ZDOM
13511,ZDOM
13146,ZDOM
13271,ZDOM
13068,ZDOM
13442,ZDOM
12752,ZDOM
11177,ZDOM
10467,ZDOM
11856,ZDOM
12453,ZDOM
12303,ZDOM
13412,ZDOM
13563,ZDOM
10721,ZDOM
11501,ZDOM
10311,ZDOM
13248,ZDOM
13565,ZDOM
13336,ZDOM
12138,ZDOM
12638,ZDOM
12711,ZDOM
13249,ZDOM
13125,ZDOM
13586,ZDOM
10057,ZDOM
10272,ZDOM
12726,ZDOM
10914,ZDOM
10286,ZDOM
13247,ZDOM
11971,ZDOM
10745,ZDOM
10320,ZDOM
10382,ZDOM
13312,ZDOM
11454,ZDOM
10452,ZDOM
13014,ZDOM
12826,ZDOM
12846,ZDOM
12749,ZDOM
11112,ZDOM
13624,ZDOM
12692,ZDOM
10670,ZDOM
11216,ZDOM
11612,ZDOM
12318,ZDOM
11492,ZDOM
11046,ZDOM
12715,ZDOM
13250,ZDOM
11453,ZDOM
11759,ZDOM
10225,ZDOM
11287,ZDOM
10690,ZDOM
12966,ZDOM
10164,ZDOM
10281,ZDOM
13646,ZDOM
13246,ZDOM
12732,ZDOM
11483,ZDOM
12083,ZDOM
10279,ZDOM
11864,ZDOM
10432,ZDOM
10540,ZDOM
10594,ZDOM
13657,ZDOM
11596,ZDOM
10285,ZDOM
13106,ZDOM
11781,ZDOM
11633,ZDOM
13022,ZDOM
13251,ZDOM
10937,ZDOM
13342,ZDOM
12532,ZDOM
13158,ZDOM
10740,ZDOM
10836,ZDOM
10492,ZDOM
11843,ZDOM
10799,ZDOM
10001,ZDOM
11449,ZDOM
11261,ZDOM
11692,ZDOM
10403,ZDOM
13168,ZDOM
12817,ZDOM
13250,ZDOM
10173,ZDOM
13226,ZDOM
12967,ZDOM
13032,ZDOM
12237,ZDOM
12624,ZDOM
12696,ZDOM
13167,ZDOM
11463,ZDOM
11862,ZDOM
10089,ZDOM
13496,ZDOM
13336,ZDOM
11856,ZDOM
11412,ZDOM
10452,ZDOM
11031,ZDOM
11483,ZDOM
10836,ZDOM
12461,ZDOM
11692,ZDOM
13246,ZDOM
10937,ZDOM
11449,ZDOM
13125,ZDOM
10594,ZDOM
11707,ZDOM
10115,ZDOM
11287,ZDOM
12477,ZDOM
13248,ZDOM
11021,ZDOM
13226,ZDOM
10382,ZDOM
11562,ZDOM
11501,ZDOM
10670,ZDOM
11416,ZDOM
10285,ZDOM
10223,ZDOM
10839,ZDOM
12967,ZDOM
13251,ZDOM
10432,ZDOM
13342,ZDOM
12989,ZDOM
10914,ZDOM
10502,ZDOM
11153,ZDOM
10492,ZDOM
11322,ZDOM
10491,ZDOM
10311,ZDOM
10590,ZDOM
12172,ZDOM
13032,ZDOM
11216,ZDOM
12711,ZDOM
11807,ZDOM
12395,ZDOM
12950,ZDOM
13657,ZDOM
13563,ZDOM
10272,ZDOM
10219,ZDOM
10677,ZDOM
13056,ZDOM
12453,ZDOM
13624,ZDOM
12532,ZDOM
11112,ZDOM
11633,ZDOM
10654,ZDOM
11262,ZDOM
10591,ZDOM
10185,ZDOM
13412,ZDOM
11263,ZDOM
10490,ZDOM
11261,ZDOM
10736,ZDOM
11431,ZDOM
10339,ZDOM
13646,ZDOM
11277,ZDOM
11971,ZDOM
12638,ZDOM
13143,ZDOM
10001,ZDOM
13247,ZDOM
10279,ZDOM
10540,ZDOM
13693,ZDOM
10690,ZDOM
12846,ZDOM
11759,ZDOM
11487,ZDOM
10320,ZDOM
13112,ZDOM
13250,ZDOM
12281,ZDOM
11517,ZDOM
11412,ZDOM
13366,ZDOM
11683,ZDOM
11865,ZDOM
10167,ZDOM
11514,ZDOM
11862,ZDOM
12297,ZDOM
12817,ZDOM
10479,ZDOM
11843,ZDOM
13408,ZDOM
10118,ZDOM
10721,ZDOM
11263,ZDOM
13168,ZDOM
13568,ZDOM
12696,ZDOM
11277,ZDOM
13022,ZDOM
12822,ZDOM
10812,ZDOM
11454,ZDOM
13249,ZDOM
10745,ZDOM
10467,ZDOM
12749,ZDOM
11887,ZDOM
10057,ZDOM
12726,ZDOM
10351,ZDOM
11664,ZDOM
10740,ZDOM
13442,ZDOM
12802,ZDOM
13052,ZDOM
12966,ZDOM
10164,ZDOM
13210,ZDOM
10281,ZDOM
13014,ZDOM
10858,ZDOM
12715,ZDOM
11914,ZDOM
11478,ZDOM
12591,ZDOM
11492,ZDOM
13657,ZDOM
10490,ZDOM
12966,ZDOM
11862,ZDOM
10311,ZDOM
12226,ZDOM
10164,ZDOM
10670,ZDOM
13041,ZDOM
10836,ZDOM
13456,ZDOM
12644,ZDOM
10173,ZDOM
13249,ZDOM
13167,ZDOM
10519,ZDOM
13342,ZDOM
11262,ZDOM
11759,ZDOM
10467,ZDOM
13408,ZDOM
13657,ZDOM
13109,ZDOM
10665,ZDOM
12624,ZDOM
13251,ZDOM
12802,ZDOM
11864,ZDOM
12782,ZDOM
13093,ZDOM
13624,ZDOM
12938,ZDOM
13250,ZDOM
10202,ZDOM
10740,ZDOM
11021,ZDOM
12644,ZDOM
13248,ZDOM
12864,ZDOM
11416,ZDOM
12461,ZDOM
11640,ZDOM
12749,ZDOM
13412,ZDOM
10118,ZDOM
10479,ZDOM
10057,ZDOM
11412,ZDOM
10351,ZDOM
12540,ZDOM
11596,ZDOM
10223,ZDOM
13246,ZDOM
11843,ZDOM
10594,ZDOM
11562,ZDOM
11287,ZDOM
13226,ZDOM
12066,ZDOM
12281,ZDOM
12083,ZDOM
10339,ZDOM
11683,ZDOM
11514,ZDOM
12846,ZDOM
11153,ZDOM
12715,ZDOM
10569,ZDOM
11208,ZDOM
10272,ZDOM
10377,ZDOM
12171,ZDOM
11263,ZDOM
11530,ZDOM
13143,ZDOM
10326,ZDOM
11838,ZDOM
10219,ZDOM
10591,ZDOM
10335,ZDOM
10382,ZDOM
12804,ZDOM
11807,ZDOM
10449,ZDOM
11216,ZDOM
12967,ZDOM
10745,ZDOM
11277,ZDOM
12453,ZDOM
13442,ZDOM
11492,ZDOM
13150,ZDOM
10839,ZDOM
10000,ZDOM
12874,ZDOM
10427,ZDOM
10997,ZDOM
12318,ZDOM
12532,ZDOM
10196,ZDOM
10286,ZDOM
10115,ZDOM
12638,ZDOM
12953,ZDOM
11707,ZDOM
10224,ZDOM
12297,ZDOM
10491,ZDOM
13646,ZDOM
11021,ZDOM
11501,ZDOM
13312,ZDOM
12020,ZDOM
10584,ZDOM
12829,ZDOM
11856,ZDOM
11454,ZDOM
11449,ZDOM
13115,ZDOM
10285,ZDOM
11031,ZDOM
13125,ZDOM
13563,ZDOM
12711,ZDOM
12692,ZDOM
13366,ZDOM
13498,ZDOM
13022,ZDOM
11478,ZDOM
13014,ZDOM
12303,ZDOM
10361,ZDOM
12822,ZDOM
11841,ZDOM
10210,ZDOM
12757,ZDOM
11498,ZDOM
10812,ZDOM
10403,ZDOM
13250,ZDOM
12172,ZDOM
12237,ZDOM
10799,ZDOM
13247,ZDOM
13336,ZDOM
10452,ZDOM
11177,ZDOM
10721,ZDOM
10367,ZDOM
12900,ZDOM
11207,ZDOM
12950,ZDOM
10401,ZDOM
11009,ZDOM
11112,ZDOM
13168,ZDOM
10279,ZDOM
11483,ZDOM
10194,ZDOM
10432,ZDOM
10492,ZDOM
10309,ZDOM
11487,ZDOM
13336,ZDOM
11633,ZDOM
10540,ZDOM
10834,ZDOM
10468,ZDOM
11446,ZDOM
11277,ZDOM
12257,ZDOM
13032,ZDOM
12686,ZDOM
12958,ZDOM
13492,ZDOM
12726,ZDOM
12983,ZDOM
11608,ZDOM
13336,ZDOM
10320,ZDOM
10031,ZDOM
11794,ZDOM
10790,ZDOM
10167,ZDOM
10281,ZDOM
10858,ZDOM
13014,ZDOM
10914,ZDOM
11914,ZDOM
11046,ZDOM
11444,ZDOM
10736,ZDOM
10937,ZDOM
10473,ZDOM
10862,ZDOM
11692,ZDOM
11664,ZDOM
11261,ZDOM
11510,ZDOM
10675,ZDOM
11322,ZDOM
13208,ZDOM
11371,ZDOM
12591,ZDOM
11865,ZDOM
11517,ZDOM
10310,ZDOM
11412,ZDOM
11453,ZDOM
12822,ZDOM
12820,ZDOM
10849,ZDOM
12999,ZDOM
12734,ZDOM
10677,ZDOM
13052,ZDOM
13498,ZDOM
11371,ZDOM
10736,ZDOM
12715,ZDOM
12152,ZDOM
12579,ZDOM
12624,ZDOM
11612,ZDOM
10382,ZDOM
13070,ZDOM
10210,ZDOM
13246,ZDOM
12029,ZDOM
12163,ZDOM
13151,ZDOM
10725,ZDOM
10403,ZDOM
13115,ZDOM
11492,ZDOM
13245,ZDOM
11943,ZDOM
10812,ZDOM
11486,ZDOM
11449,ZDOM
11500,ZDOM
13208,ZDOM
10225,ZDOM
10721,ZDOM
12757,ZDOM
11517,ZDOM
11533,ZDOM
11772,ZDOM
11266,ZDOM
10473,ZDOM
13418,ZDOM
10367,ZDOM
12846,ZDOM
11046,ZDOM
10679,ZDOM
12226,ZDOM
10118,ZDOM
13250,ZDOM
10196,ZDOM
12966,ZDOM
11214,ZDOM
13115,ZDOM
13493,ZDOM
12854,ZDOM
11207,ZDOM
13402,ZDOM
13041,ZDOM
10173,ZDOM
10665,ZDOM
11633,ZDOM
10224,ZDOM
12281,ZDOM
13248,ZDOM
13197,ZDOM
10420,ZDOM
11857,ZDOM
11031,ZDOM
11487,ZDOM
11683,ZDOM
11483,ZDOM
13225,ZDOM
10326,ZDOM
13707,ZDOM
12686,ZDOM
13511,ZDOM
10115,ZDOM
12891,ZDOM
12020,ZDOM
13150,ZDOM
11514,ZDOM
10759,ZDOM
10650,ZDOM
12723,ZDOM
12766,ZDOM
13139,ZDOM
12724,ZDOM
12638,ZDOM
13192,ZDOM
13456,ZDOM
13251,ZDOM
12964,ZDOM
10740,ZDOM
10062,ZDOM
13249,ZDOM
11277,ZDOM
10335,ZDOM
12821,ZDOM
13496,ZDOM
13384,ZDOM
13056,ZDOM
11362,ZDOM
12066,ZDOM
10810,ZDOM
12761,ZDOM
10799,ZDOM
12728,ZDOM
13032,ZDOM
13185,ZDOM
11332,ZDOM
13108,ZDOM
10370,ZDOM
13148,ZDOM
12822,ZDOM
10339,ZDOM
13135,ZDOM
12696,ZDOM
12297,ZDOM
11262,ZDOM
11453,ZDOM
13223,ZDOM
11177,ZDOM
10361,ZDOM
12714,ZDOM
12172,ZDOM
10164,ZDOM
11508,ZDOM
10272,ZDOM
11417,ZDOM
12692,ZDOM
13496,ZDOM
10467,ZDOM
10452,ZDOM
10761,ZDOM
13264,ZDOM
12782,ZDOM
12915,ZDOM
12983,ZDOM
10745,ZDOM
12722,ZDOM
13343,ZDOM
13243,ZDOM
10223,ZDOM
13174,ZDOM
11638,ZDOM
10347,ZDOM
12873,ZDOM
10279,ZDOM
11132,ZDOM
12804,ZDOM
11153,ZDOM
13512,ZDOM
10377,ZDOM
10331,ZDOM
12849,ZDOM
13029,ZDOM
12081,ZDOM
12964,ZDOM
10456,ZDOM
13492,ZDOM
13412,ZDOM
10422,ZDOM
10449,ZDOM
13106,ZDOM
11478,ZDOM
10745,ZDOM
10432,ZDOM
12303,ZDOM
12302,ZDOM
12938,ZDOM
13251,ZDOM
10670,ZDOM
11692,ZDOM
11881,ZDOM
12461,ZDOM
11416,ZDOM
13014,ZDOM
11794,ZDOM
10351,ZDOM
10653,ZDOM
11454,ZDOM
10940,ZDOM
10310,ZDOM
10769,ZDOM
13125,ZDOM
11914,ZDOM
11888,ZDOM
12477,ZDOM
13127,ZDOM
11112,ZDOM
12788,ZDOM
13563,ZDOM
10675,ZDOM
11843,ZDOM
12313,ZDOM
12580,ZDOM
10290,ZDOM
12083,ZDOM
10328,ZDOM
13210,ZDOM
10047,ZDOM
11261,ZDOM
12826,ZDOM
11911,ZDOM
10374,ZDOM
10268,ZDOM
12895,ZDOM
10106,ZDOM
10164,ZDOM
11640,ZDOM
11562,ZDOM
12532,ZDOM
11500,ZDOM
13107,ZDOM
13666,ZDOM
12237,ZDOM
11501,ZDOM
10311,ZDOM
13062,ZDOM
12881,ZDOM
11887,ZDOM
11759,ZDOM
12675,ZDOM
11781,ZDOM
10692,ZDOM
10111,ZDOM
10832,ZDOM
13247,ZDOM
12864,ZDOM
10389,ZDOM
13511,ZDOM
10285,ZDOM
11608,ZDOM
10519,ZDOM
10348,ZDOM
13586,ZDOM
13242,ZDOM
11736,ZDOM
10644,ZDOM
13397,ZDOM
11151,ZDOM
10002,ZDOM
10569,ZDOM
12674,ZDOM
10167,ZDOM
13727,ZDOM
12540,ZDOM
11008,ZDOM
13624,ZDOM
10219,ZDOM
10862,ZDOM
12955,ZDOM
13442,ZDOM
12692,ZDOM
12802,ZDOM
10264,ZDOM
11444,ZDOM
12644,ZDOM
12303,ZDOM
13334,ZDOM
12913,ZDOM
10468,ZDOM
12752,ZDOM
11478,ZDOM
12171,ZDOM
11505,ZDOM
10066,ZDOM
10000,ZDOM
12302,ZDOM
10443,ZDOM
13312,ZDOM
10017,ZDOM
13135,ZDOM
10396,ZDOM
12626,ZDOM
10280,ZDOM
13061,ZDOM
13271,ZDOM
12093,ZDOM
10420,ZDOM
11691,ZDOM
10632,ZDOM
12901,ZDOM
12967,ZDOM
11862,ZDOM
10836,ZDOM
11004,ZDOM
13515,ZDOM
10928,ZDOM
10677,ZDOM
13213,ZDOM
11287,ZDOM
13657,ZDOM
10863,ZDOM
12711,ZDOM
12121,ZDOM
12721,ZDOM
13392,ZDOM
13063,ZDOM
12938,ZDOM
13105,ZDOM
12453,ZDOM
11433,ZDOM
13408,ZDOM
11443,ZDOM
11480,ZDOM
12989,ZDOM
10320,ZDOM
11707,ZDOM
11838,ZDOM
10492,ZDOM
13053,ZDOM
13049,ZDOM
11498,ZDOM
11881,ZDOM
11864,ZDOM
11412,ZDOM
10790,ZDOM
12829,ZDOM
13646,ZDOM
12591,ZDOM
10031,ZDOM
13657,ZDOM
12553,ZDOM
13210,ZDOM
11865,ZDOM
12257,ZDOM
12854,ZDOM
11957,ZDOM
13036,ZDOM
10076,ZDOM
11690,ZDOM
13048,ZDOM
10194,ZDOM
11412,ZDOM
10971,ZDOM
11524,ZDOM
10479,ZDOM
13398,ZDOM
11086,ZDOM
11263,ZDOM
10344,ZDOM
10268,ZDOM
10625,ZDOM
13108,ZDOM
13022,ZDOM
11453,ZDOM
10351,ZDOM
10740,ZDOM
13442,ZDOM
10832,ZDOM
12874,ZDOM
10389,ZDOM
12752,ZDOM
12966,ZDOM
12895,ZDOM
10335,ZDOM
13727,ZDOM
10285,ZDOM
12477,ZDOM
13624,ZDOM
12822,ZDOM
11449,ZDOM
10632,ZDOM
12237,ZDOM
10591,ZDOM
10115,ZDOM
11692,ZDOM
11533,ZDOM
11492,ZDOM
10017,ZDOM
11517,ZDOM
10167,ZDOM
10834,ZDOM
10000,ZDOM
12726,ZDOM
11416,ZDOM
12318,ZDOM
13063,ZDOM
11207,ZDOM
10002,ZDOM
10196,ZDOM
11736,ZDOM
11781,ZDOM
10382,ZDOM
10225,ZDOM
11046,ZDOM
11759,ZDOM
10745,ZDOM
12644,ZDOM
10272,ZDOM
10311,ZDOM
10677,ZDOM
11332,ZDOM
13056,ZDOM
13213,ZDOM
10348,ZDOM
13646,ZDOM
11487,ZDOM
12802,ZDOM
12804,ZDOM
11153,ZDOM
10339,ZDOM
12783,ZDOM
13384,ZDOM
10836,ZDOM
10452,ZDOM
12901,ZDOM
10177,ZDOM
11862,ZDOM
11263,ZDOM
13248,ZDOM
10164,ZDOM
12955,ZDOM
11638,ZDOM
12083,ZDOM
11501,ZDOM
10320,ZDOM
11086,ZDOM
11112,ZDOM
11707,ZDOM
11287,ZDOM
13408,ZDOM
12761,ZDOM
10280,ZDOM
11412,ZDOM
10224,ZDOM
13223,ZDOM
13402,ZDOM
10396,ZDOM
13271,ZDOM
13070,ZDOM
10066,ZDOM
12152,ZDOM
12675,ZDOM
13264,ZDOM
12846,ZDOM
12553,ZDOM
11177,ZDOM
13511,ZDOM
13707,ZDOM
13197,ZDOM
13336,ZDOM
12257,ZDOM
13246,ZDOM
12624,ZDOM
12172,ZDOM
13210,ZDOM
10370,ZDOM
10196,ZDOM
13624,ZDOM
12093,ZDOM
11612,ZDOM
13223,ZDOM
11443,ZDOM
12822,ZDOM
11862,ZDOM
10224,ZDOM
10914,ZDOM
10066,ZDOM
10106,ZDOM
11263,ZDOM
13061,ZDOM
13336,ZDOM
10000,ZDOM
11207,ZDOM
13250,ZDOM
10118,ZDOM
13062,ZDOM
11957,ZDOM
10310,ZDOM
10736,ZDOM
10790,ZDOM
13246,ZDOM
13247,ZDOM
11562,ZDOM
10047,ZDOM
13248,ZDOM
10420,ZDOM
11640,ZDOM
11031,ZDOM
11478,ZDOM
10670,ZDOM
11371,ZDOM
12854,ZDOM
10382,ZDOM
10591,ZDOM
11132,ZDOM
10473,ZDOM
11433,ZDOM
12237,ZDOM
10268,ZDOM
11857,ZDOM
11807,ZDOM
11492,ZDOM
11487,ZDOM
10335,ZDOM
12152,ZDOM
10540,ZDOM
10320,ZDOM
10836,ZDOM
11501,ZDOM
12711,ZDOM
11707,ZDOM
12989,ZDOM
10467,ZDOM
10194,ZDOM
13498,ZDOM
12624,ZDOM
12955,ZDOM
12532,ZDOM
12966,ZDOM
10721,ZDOM
12066,ZDOM
10452,ZDOM
11524,ZDOM
11449,ZDOM
11838,ZDOM
10351,ZDOM
10625,ZDOM
13126,ZDOM
12081,ZDOM
11004,ZDOM
13029,ZDOM
10339,ZDOM
10937,ZDOM
13041,ZDOM
13225,ZDOM
11112,ZDOM
11153,ZDOM
13515,ZDOM
12804,ZDOM
12783,ZDOM
13197,ZDOM
11772,ZDOM
10210,ZDOM
13657,ZDOM
11638,ZDOM
10344,ZDOM
11517,ZDOM
12766,ZDOM
12686,ZDOM
10223,ZDOM
10863,ZDOM
10632,ZDOM
12901,ZDOM
10812,ZDOM
10745,ZDOM
12721,ZDOM
10928,ZDOM
12303,ZDOM
13056,ZDOM
12782,ZDOM
10997,ZDOM
10173,ZDOM
12864,ZDOM
11287,ZDOM
13384,ZDOM
10468,ZDOM
11498,ZDOM
10361,ZDOM
10311,ZDOM
11412,ZDOM
13342,ZDOM
13511,ZDOM
11508,ZDOM
10665,ZDOM
10971,ZDOM
13213,ZDOM
12696,ZDOM
13032,ZDOM
12644,ZDOM
12802,ZDOM
10799,ZDOM
12281,ZDOM
10219,ZDOM
13226,ZDOM
10677,ZDOM
12761,ZDOM
13312,ZDOM
10810,ZDOM
13174,ZDOM
13108,ZDOM
11151,ZDOM
12817,ZDOM
11416,ZDOM
13036,ZDOM
12257,ZDOM
12723,ZDOM
12846,ZDOM
13208,ZDOM
12757,ZDOM
11633,ZDOM
12461,ZDOM
10031,ZDOM
11021,ZDOM
10374,ZDOM
13563,ZDOM
11277,ZDOM
13418,ZDOM
13105,ZDOM
11759,ZDOM
12752,ZDOM
13115,ZDOM
11046,ZDOM
12477,ZDOM
10740,ZDOM
11914,ZDOM
13242,ZDOM
13125,ZDOM
10725,ZDOM
13014,ZDOM
10290,ZDOM
10328,ZDOM
11453,ZDOM
12083,ZDOM
11533,ZDOM
11683,ZDOM
10225,ZDOM
12580,ZDOM
11843,ZDOM
11505,ZDOM
12172,ZDOM
10675,ZDOM
10816,ZDOM
10115,ZDOM
13586,ZDOM
13135,ZDOM
10679,ZDOM
10432,ZDOM
13048,ZDOM
10167,ZDOM
11483,ZDOM
13249,ZDOM
12873,ZDOM
11261,ZDOM
13392,ZDOM
12826,ZDOM
10017,ZDOM
11362,ZDOM
13071,ZDOM
11486,ZDOM
10519,ZDOM
12874,ZDOM
12829,ZDOM
10280,ZDOM
11692,ZDOM
13022,ZDOM
13115,ZDOM
10264,ZDOM
10832,ZDOM
10111,ZDOM
10326,ZDOM
10862,ZDOM
12749,ZDOM
13107,ZDOM
13150,ZDOM
12453,ZDOM
11608,ZDOM
13442,ZDOM
12638,ZDOM
13412,ZDOM
10422,ZDOM
12121,ZDOM
12715,ZDOM
10057,ZDOM
12724,ZDOM
12692,ZDOM
11781,ZDOM
12967,ZDOM
13041,ZDOM
13250,ZDOM
11261,ZDOM
12846,ZDOM
11112,ZDOM
10351,ZDOM
10219,ZDOM
13342,ZDOM
11112,ZDOM
10432,ZDOM
13041,ZDOM
11862,ZDOM
11517,ZDOM
10836,ZDOM
11514,ZDOM
10677,ZDOM
10632,ZDOM
13225,ZDOM
13125,ZDOM
10427,ZDOM
13246,ZDOM
10367,ZDOM
10736,ZDOM
11366,ZDOM
12829,ZDOM
12083,ZDOM
13150,ZDOM
10000,ZDOM
13248,ZDOM
11596,ZDOM
11836,ZDOM
11562,ZDOM
11452,ZDOM
10443,ZDOM
12020,ZDOM
12453,ZDOM
10167,ZDOM
11371,ZDOM
13412,ZDOM
13055,ZDOM
11530,ZDOM
12966,ZDOM
10164,ZDOM
13041,ZDOM
11517,ZDOM
10420,ZDOM
12846,ZDOM
11505,ZDOM
12822,ZDOM
12121,ZDOM
11943,ZDOM
11492,ZDOM
10286,ZDOM
11412,ZDOM
12950,ZDOM
10452,ZDOM
12297,ZDOM
10219,ZDOM
10650,ZDOM
13398,ZDOM
12927,ZDOM
13727,ZDOM
10066,ZDOM
13251,ZDOM
10224,ZDOM
13004,ZDOM
12477,ZDOM
10479,ZDOM
12237,ZDOM
12711,ZDOM
12081,ZDOM
12983,ZDOM
11772,ZDOM
12946,ZDOM
12982,ZDOM
12380,ZDOM
12981,ZDOM
13117,ZDOM
12427,ZDOM
12573,ZDOM
13256,ZDOM
12342,ZDOM
12646,ZDOM
12691,ZDOM
12362,ZDOM
12359,ZDOM
12428,ZDOM
13155,ZDOM
12445,ZDOM
12355,ZDOM
12570,ZDOM
12442,ZDOM
12444,ZDOM
12374,ZDOM
13623,ZDOM
12554,ZDOM
12389,ZDOM
12746,ZDOM
12381,ZDOM
12466,ZDOM
12573,ZDOM
13623,ZDOM
13103,ZDOM
13386,ZDOM
12358,ZDOM
12456,ZDOM
12414,ZDOM
12369,ZDOM
13256,ZDOM
12264,ZDOM
11842,ZDOM
12554,ZDOM
13142,ZDOM
12381,ZDOM
12690,ZDOM
12393,ZDOM
12376,ZDOM
12393,ZDOM
12646,ZDOM
13170,ZDOM
12342,ZDOM
12488,ZDOM
13561,ZDOM
12442,ZDOM
12162,ZDOM
12414,ZDOM
13589,ZDOM
12639,ZDOM
12424,ZDOM
12778,ZDOM
12809,ZDOM
12439,ZDOM
12445,ZDOM
12027,ZDOM
12760,ZDOM
12082,ZDOM
12354,ZDOM
12389,ZDOM
12401,ZDOM
12118,ZDOM
13177,ZDOM
12350,ZDOM
12387,ZDOM
13560,ZDOM
12946,ZDOM
12264,ZDOM
12975,ZDOM
12907,ZDOM
12337,ZDOM
12350,ZDOM
12270,ZDOM
11913,ZDOM
13256,ZDOM
12372,ZDOM
12444,ZDOM
12390,ZDOM
12173,ZDOM
12377,ZDOM
12331,ZDOM
12649,ZDOM
12677,ZDOM
12382,ZDOM
12401,ZDOM
12861,ZDOM
12362,ZDOM
12394,ZDOM
12323,ZDOM
12322,ZDOM
12374,ZDOM
12908,ZDOM
12096,ZDOM
13152,ZDOM
13255,ZDOM
12608,ZDOM
12980,ZDOM
12337,ZDOM
12631,ZDOM
13117,ZDOM
12746,ZDOM
12159,ZDOM
13256,ZDOM
13258,ZDOM
12389,ZDOM
12376,ZDOM
12409,ZDOM
12386,ZDOM
12985,ZDOM
12809,ZDOM
13054,ZDOM
12381,ZDOM
13261,ZDOM
13187,ZDOM
13217,ZDOM
13352,ZDOM
13255,ZDOM
12554,ZDOM
12646,ZDOM
13256,ZDOM
12270,ZDOM
12374,ZDOM
12362,ZDOM
13170,ZDOM
12354,ZDOM
12398,ZDOM
12340,ZDOM
12264,ZDOM
12573,ZDOM
12445,ZDOM
12426,ZDOM
12444,ZDOM
12442,ZDOM
12975,ZDOM
12697,ZDOM
12570,ZDOM
12394,ZDOM
12355,ZDOM
12382,ZDOM
11913,ZDOM
12337,ZDOM
13560,ZDOM
13589,ZDOM
12690,ZDOM
12141,ZDOM
13118,ZDOM
12359,ZDOM
12366,ZDOM
12367,ZDOM
12608,ZDOM
13385,ZDOM
12860,ZDOM
12866,ZDOM
12746,ZDOM
13177,ZDOM
12401,ZDOM
12607,ZDOM
12414,ZDOM
12221,ZDOM
12521,ZDOM
12629,ZDOM
12987,ZDOM
12951,ZDOM
12916,ZDOM
12860,ZDOM
12118,ZDOM
13623,ZDOM
12311,ZDOM
12264,ZDOM
13121,ZDOM
12754,ZDOM
12487,ZDOM
12414,ZDOM
12389,ZDOM
12162,ZDOM
12754,ZDOM
12601,ZDOM
12824,ZDOM
12765,ZDOM
12586,ZDOM
13023,ZDOM
12906,ZDOM
13046,ZDOM
12858,ZDOM
12424,ZDOM
13010,ZDOM
13260,ZDOM
13258,ZDOM
12372,ZDOM
12760,ZDOM
13015,ZDOM
12809,ZDOM
12439,ZDOM
13600,ZDOM
12690,ZDOM
12691,ZDOM
12390,ZDOM
12354,ZDOM
12807,ZDOM
12347,ZDOM
12387,ZDOM
12340,ZDOM
12629,ZDOM
12394,ZDOM
12266,ZDOM
13118,ZDOM
12433,ZDOM
12369,ZDOM
12322,ZDOM
12630,ZDOM
12367,ZDOM
12406,ZDOM
12902,ZDOM
12291,ZDOM
12746,ZDOM
12764,ZDOM
12521,ZDOM
12361,ZDOM
12267,ZDOM
12399,ZDOM
12374,ZDOM
12445,ZDOM
12335,ZDOM
13114,ZDOM
12362,ZDOM
12648,ZDOM
12398,ZDOM
12981,ZDOM
12221,ZDOM
12530,ZDOM
12408,ZDOM
12444,ZDOM
12806,ZDOM
13337,ZDOM
12908,ZDOM
13012,ZDOM
12488,ZDOM
12442,ZDOM
12404,ZDOM
13261,ZDOM
12371,ZDOM
12159,ZDOM
12401,ZDOM
13561,ZDOM
13117,ZDOM
12381,ZDOM
12401,ZDOM
12486,ZDOM
12552,ZDOM
12327,ZDOM
13516,ZDOM
12386,ZDOM
13103,ZDOM
12241,ZDOM
12607,ZDOM
13170,ZDOM
12466,ZDOM
11913,ZDOM
12923,ZDOM
13092,ZDOM
12355,ZDOM
12428,ZDOM
12688,ZDOM
12082,ZDOM
12665,ZDOM
12980,ZDOM
12166,ZDOM
12861,ZDOM
12526,ZDOM
12380,ZDOM
12336,ZDOM
12397,ZDOM
12863,ZDOM
12934,ZDOM
13255,ZDOM
12382,ZDOM
12027,ZDOM
12359,ZDOM
13023,ZDOM
12096,ZDOM
12383,ZDOM
12383,ZDOM
12712,ZDOM
12573,ZDOM
12707,ZDOM
12174,ZDOM
13499,ZDOM
12554,ZDOM
12975,ZDOM
13054,ZDOM
12907,ZDOM
12173,ZDOM
12432,ZDOM
12087,ZDOM
12425,ZDOM
13177,ZDOM
13060,ZDOM
12141,ZDOM
12933,ZDOM
13044,ZDOM
12687,ZDOM
12323,ZDOM
12360,ZDOM
13176,ZDOM
11676,ZDOM
12348,ZDOM
12652,ZDOM
13500,ZDOM
12160,ZDOM
12373,ZDOM
12342,ZDOM
12985,ZDOM
12376,ZDOM
12405,ZDOM
13385,ZDOM
12343,ZDOM
12270,ZDOM
12573,ZDOM
12649,ZDOM
12358,ZDOM
12631,ZDOM
13256,ZDOM
12568,ZDOM
13549,ZDOM
13589,ZDOM
12810,ZDOM
13002,ZDOM
10732,ZDOM
13152,ZDOM
13224,ZDOM
12441,ZDOM
12392,ZDOM
13386,ZDOM
12697,ZDOM
13616,ZDOM
12646,ZDOM
12994,ZDOM
12816,ZDOM
12377,ZDOM
12441,ZDOM
13663,ZDOM
12264,ZDOM
12349,ZDOM
12337,ZDOM
12568,ZDOM
12143,ZDOM
12358,ZDOM
11918,ZDOM
13566,ZDOM
12322,ZDOM
11916,ZDOM
12652,ZDOM
12824,ZDOM
12331,ZDOM
12774,ZDOM
13054,ZDOM
12857,ZDOM
12688,ZDOM
12526,ZDOM
12858,ZDOM
13152,ZDOM
12393,ZDOM
13012,ZDOM
12082,ZDOM
12764,ZDOM
13385,ZDOM
12952,ZDOM
12933,ZDOM
12174,ZDOM
12096,ZDOM
12740,ZDOM
12426,ZDOM
13163,ZDOM
12352,ZDOM
12693,ZDOM
12160,ZDOM
12366,ZDOM
12857,ZDOM
13252,ZDOM
12391,ZDOM
12365,ZDOM
12456,ZDOM
12426,ZDOM
12982,ZDOM
12427,ZDOM
12146,ZDOM
12389,ZDOM
12816,ZDOM
12796,ZDOM
12366,ZDOM
12971,ZDOM
13620,ZDOM
13516,ZDOM
12378,ZDOM
12374,ZDOM
12393,ZDOM
13059,ZDOM
13352,ZDOM
13560,ZDOM
12353,ZDOM
12608,ZDOM
13189,ZDOM
12401,ZDOM
11913,ZDOM
12606,ZDOM
12836,ZDOM
12984,ZDOM
13469,ZDOM
12971,ZDOM
12933,ZDOM
12975,ZDOM
13092,ZDOM
12401,ZDOM
13121,ZDOM
12371,ZDOM
12445,ZDOM
12366,ZDOM
13620,ZDOM
11913,ZDOM
12141,ZDOM
12365,ZDOM
12630,ZDOM
12082,ZDOM
12690,ZDOM
12631,ZDOM
12366,ZDOM
12554,ZDOM
12425,ZDOM
13516,ZDOM
13177,ZDOM
13560,ZDOM
12343,ZDOM
13256,ZDOM
12836,ZDOM
12442,ZDOM
12406,ZDOM
12369,ZDOM
12746,ZDOM
12372,ZDOM
12444,ZDOM
12906,ZDOM
13046,ZDOM
13170,ZDOM
12162,ZDOM
12354,ZDOM
12326,ZDOM
12688,ZDOM
12403,ZDOM
13002,ZDOM
12381,ZDOM
12863,ZDOM
12858,ZDOM
12486,ZDOM
12860,ZDOM
12629,ZDOM
12521,ZDOM
12027,ZDOM
12382,ZDOM
13516,ZDOM
12916,ZDOM
12378,ZDOM
12359,ZDOM
12857,ZDOM
12352,ZDOM
12266,ZDOM
12386,ZDOM
10732,ZDOM
13023,ZDOM
12394,ZDOM
13023,ZDOM
12391,ZDOM
13163,ZDOM
12951,ZDOM
13117,ZDOM
13469,ZDOM
12648,ZDOM
12168,ZDOM
12487,ZDOM
12335,ZDOM
12902,ZDOM
12691,ZDOM
12267,ZDOM
12764,ZDOM
13499,ZDOM
12530,ZDOM
12350,ZDOM
12376,ZDOM
12439,ZDOM
12764,ZDOM
12387,ZDOM
12311,ZDOM
12392,ZDOM
12291,ZDOM
13385,ZDOM
12754,ZDOM
12608,ZDOM
12809,ZDOM
12401,ZDOM
12174,ZDOM
12426,ZDOM
12414,ZDOM
13012,ZDOM
13252,ZDOM
12466,ZDOM
13118,ZDOM
12857,ZDOM
12206,ZDOM
12760,ZDOM
12173,ZDOM
12586,ZDOM
12934,ZDOM
12432,ZDOM
13103,ZDOM
12397,ZDOM
12087,ZDOM
13031,ZDOM
12337,ZDOM
12323,ZDOM
12586,ZDOM
12143,ZDOM
12143,ZDOM
13255,ZDOM
12606,ZDOM
13012,ZDOM
12322,ZDOM
12778,ZDOM
12816,ZDOM
12923,ZDOM
12765,ZDOM
13217,ZDOM
13114,ZDOM
13549,ZDOM
12367,ZDOM
12607,ZDOM
12241,ZDOM
13010,ZDOM
13589,ZDOM
12411,ZDOM
12118,ZDOM
12810,ZDOM
12712,ZDOM
12754,ZDOM
12424,ZDOM
13623,ZDOM
13155,ZDOM
12428,ZDOM
13352,ZDOM
12355,ZDOM
12987,ZDOM
12646,ZDOM
12342,ZDOM
12488,ZDOM
12160,ZDOM
13500,ZDOM
12238,ZDOM
12994,ZDOM
12358,ZDOM
13142,ZDOM
12573,ZDOM
12838,ZDOM
12336,ZDOM
12405,ZDOM
13162,ZDOM
13386,ZDOM
12697,ZDOM
12784,ZDOM
13616,ZDOM
12322,ZDOM
12408,ZDOM
12707,ZDOM
12984,ZDOM
12549,ZDOM
12390,ZDOM
12861,ZDOM
12374,ZDOM
12665,ZDOM
13337,ZDOM
12383,ZDOM
12398,ZDOM
12389,ZDOM
13152,ZDOM
12404,ZDOM
12907,ZDOM
13044,ZDOM
12980,ZDOM
12393,ZDOM
12908,ZDOM
13561,ZDOM
12362,ZDOM
12981,ZDOM
12388,ZDOM
12401,ZDOM
12399,ZDOM
12573,ZDOM
12340,ZDOM
12383,ZDOM
13059,ZDOM
12292,ZDOM
12221,ZDOM
12552,ZDOM
13663,ZDOM
13176,ZDOM
12933,ZDOM
12393,ZDOM
13217,ZDOM
12377,ZDOM
12693,ZDOM
12807,ZDOM
13054,ZDOM
12816,ZDOM
12358,ZDOM
12166,ZDOM
13189,ZDOM
12774,ZDOM
12688,ZDOM
12270,ZDOM
12796,ZDOM
12383,ZDOM
12408,ZDOM
12952,ZDOM
12327,ZDOM
12971,ZDOM
12687,ZDOM
12146,ZDOM
12380,ZDOM
11916,ZDOM
12652,ZDOM
12374,ZDOM
11918,ZDOM
13337,ZDOM
12361,ZDOM
12806,ZDOM
12526,ZDOM
12174,ZDOM
12631,ZDOM
12347,ZDOM
13260,ZDOM
13258,ZDOM
12433,ZDOM
12349,ZDOM
12159,ZDOM
12292,ZDOM
12082,ZDOM
12264,ZDOM
12160,ZDOM
12352,ZDOM
13385,ZDOM
13600,ZDOM
12866,ZDOM
12985,ZDOM
12824,ZDOM
12397,ZDOM
13261,ZDOM
12426,ZDOM
12343,ZDOM
12409,ZDOM
12860,ZDOM
12342,ZDOM
12665,ZDOM
13170,ZDOM
12355,ZDOM
13023,ZDOM
12365,ZDOM
12398,ZDOM
12414,ZDOM
13385,ZDOM
12162,ZDOM
12445,ZDOM
13002,ZDOM
12387,ZDOM
12946,ZDOM
12861,ZDOM
13103,ZDOM
12607,ZDOM
12376,ZDOM
12985,ZDOM
13620,ZDOM
12141,ZDOM
12908,ZDOM
12442,ZDOM
12082,ZDOM
12408,ZDOM
12381,ZDOM
12027,ZDOM
12372,ZDOM
12746,ZDOM
12403,ZDOM
12390,ZDOM
12554,ZDOM
13092,ZDOM
12270,ZDOM
12923,ZDOM
12630,ZDOM
12371,ZDOM
13189,ZDOM
12980,ZDOM
12444,ZDOM
12160,ZDOM
12359,ZDOM
13260,ZDOM
12394,ZDOM
12486,ZDOM
12391,ZDOM
12570,ZDOM
12369,ZDOM
13163,ZDOM
12526,ZDOM
12857,ZDOM
12397,ZDOM
13516,ZDOM
12404,ZDOM
12323,ZDOM
12361,ZDOM
12690,ZDOM
12389,ZDOM
12368,ZDOM
12807,ZDOM
13256,ZDOM
12401,ZDOM
12433,ZDOM
12629,ZDOM
12353,ZDOM
12352,ZDOM
12336,ZDOM
12568,ZDOM
13560,ZDOM
12386,ZDOM
12907,ZDOM
12809,ZDOM
13121,ZDOM
13261,ZDOM
12530,ZDOM
12760,ZDOM
13031,ZDOM
12374,ZDOM
12221,ZDOM
12367,ZDOM
12405,ZDOM
12691,ZDOM
12292,ZDOM
13177,ZDOM
11676,ZDOM
13499,ZDOM
12401,ZDOM
12754,ZDOM
12933,ZDOM
12688,ZDOM
12348,ZDOM
12764,ZDOM
13663,ZDOM
13118,ZDOM
12697,ZDOM
12335,ZDOM
13616,ZDOM
12639,ZDOM
13258,ZDOM
12646,ZDOM
13054,ZDOM
12173,ZDOM
12354,ZDOM
12267,ZDOM
12389,ZDOM
12337,ZDOM
12340,ZDOM
12573,ZDOM
12906,ZDOM
12264,ZDOM
12934,ZDOM
12350,ZDOM
13549,ZDOM
12358,ZDOM
12358,ZDOM
12118,ZDOM
13623,ZDOM
12488,ZDOM
12399,ZDOM
12331,ZDOM
12816,ZDOM
13337,ZDOM
12382,ZDOM
12362,ZDOM
12862,ZDOM
13224,ZDOM
12366,ZDOM
13152,ZDOM
12425,ZDOM
13031,ZDOM
12238,ZDOM
12369,ZDOM
12393,ZDOM
12858,ZDOM
13255,ZDOM
12389,ZDOM
12836,ZDOM
12607,ZDOM
12387,ZDOM
12456,ZDOM
12349,ZDOM
12383,ZDOM
12712,ZDOM
12365,ZDOM
12892,ZDOM
13560,ZDOM
13060,ZDOM
13663,ZDOM
12425,ZDOM
13337,ZDOM
12373,ZDOM
12383,ZDOM
12322,ZDOM
13255,ZDOM
12404,ZDOM
12387,ZDOM
12442,ZDOM
13177,ZDOM
12141,ZDOM
12394,ZDOM
12390,ZDOM
13337,ZDOM
13386,ZDOM
12980,ZDOM
12985,ZDOM
12409,ZDOM
13469,ZDOM
13187,ZDOM
12372,ZDOM
13500,ZDOM
12760,ZDOM
12143,ZDOM
13118,ZDOM
12414,ZDOM
12838,ZDOM
12987,ZDOM
12386,ZDOM
12975,ZDOM
12371,ZDOM
12549,ZDOM
12374,ZDOM
12652,ZDOM
12401,ZDOM
12688,ZDOM
12359,ZDOM
13561,ZDOM
12608,ZDOM
12923,ZDOM
13015,ZDOM
12807,ZDOM
12630,ZDOM
11916,ZDOM
12401,ZDOM
13142,ZDOM
12362,ZDOM
12586,ZDOM
13060,ZDOM
12916,ZDOM
12173,ZDOM
13217,ZDOM
12952,ZDOM
13054,ZDOM
12335,ZDOM
12994,ZDOM
12082,ZDOM
12568,ZDOM
12707,ZDOM
12425,ZDOM
12445,ZDOM
13162,ZDOM
12444,ZDOM
12367,ZDOM
12331,ZDOM
11913,ZDOM
13092,ZDOM
12858,ZDOM
12971,ZDOM
12369,ZDOM
12378,ZDOM
10732,ZDOM
12264,ZDOM
12365,ZDOM
12740,ZDOM
12320,ZDOM
12355,ZDOM
12648,ZDOM
12264,ZDOM
11918,ZDOM
12267,ZDOM
12027,ZDOM
12607,ZDOM
12348,ZDOM
12393,ZDOM
12746,ZDOM
12857,ZDOM
12906,ZDOM
11842,ZDOM
12554,ZDOM
12368,ZDOM
12908,ZDOM
12690,ZDOM
13337,ZDOM
12765,ZDOM
12337,ZDOM
12362,ZDOM
13117,ZDOM
13663,ZDOM
12809,ZDOM
12409,ZDOM
12908,ZDOM
12389,ZDOM
12358,ZDOM
12405,ZDOM
13623,ZDOM
12906,ZDOM
12404,ZDOM
12760,ZDOM
12568,ZDOM
12397,ZDOM
12707,ZDOM
12985,ZDOM
12343,ZDOM
12266,ZDOM
12746,ZDOM
12348,ZDOM
12394,ZDOM
12162,ZDOM
12267,ZDOM
12160,ZDOM
13255,ZDOM
12174,ZDOM
12424,ZDOM
12406,ZDOM
12414,ZDOM
11842,ZDOM
12173,ZDOM
12630,ZDOM
12902,ZDOM
13620,ZDOM
12118,ZDOM
12586,ZDOM
12816,ZDOM
12359,ZDOM
13616,ZDOM
12386,ZDOM
13589,ZDOM
12398,ZDOM
13549,ZDOM
13114,ZDOM
11676,ZDOM
13385,ZDOM
12350,ZDOM
12358,ZDOM
12445,ZDOM
12764,ZDOM
12629,ZDOM
13121,ZDOM
12433,ZDOM
12372,ZDOM
13560,ZDOM
12530,ZDOM
11916,ZDOM
12367,ZDOM
12355,ZDOM
12691,ZDOM
12712,ZDOM
12608,ZDOM
13023,ZDOM
12570,ZDOM
12754,ZDOM
12442,ZDOM
13092,ZDOM
12349,ZDOM
12096,ZDOM
12401,ZDOM
12916,ZDOM
12554,ZDOM
13044,ZDOM
12270,ZDOM
12264,ZDOM
12360,ZDOM
12425,ZDOM
10732,ZDOM
12934,ZDOM
13103,ZDOM
12860,ZDOM
12858,ZDOM
12648,ZDOM
13625,ZDOM
13541,ZDOM
13533,ZDOM
13591,ZDOM
13594,ZDOM
13668,ZDOM
13539,ZDOM
13538,ZDOM
13728,ZDOM
13590,ZDOM
13590,ZDOM
13593,ZDOM
13593,ZDOM
13590,ZDOM
13627,ZDOM
13647,ZDOM
13592,ZDOM
13596,ZDOM
13658,ZDOM
13709,ZDOM
13667,ZDOM
13541,ZDOM
13595,ZDOM
13627,ZDOM
13529,ZDOM
13528,ZDOM
13697,ZDOM
13537,ZDOM
13669,ZDOM
13530,ZDOM
13536,ZDOM
13671,ZDOM
13680,ZDOM
13537,ZDOM
13541,ZDOM
13541,ZDOM
13796,ZDOM
13626,ZDOM
13531,ZDOM
13796,ZDOM
13642,ZDOM
13528,ZDOM
13540,ZDOM
13672,ZDOM
13708,ZDOM
13627,ZDOM
13527,ZDOM
13591,ZDOM
13590,ZDOM
13533,ZDOM
13533,ZDOM
13668,ZDOM
13536,ZDOM
13530,ZDOM
13539,ZDOM
13592,ZDOM
13531,ZDOM
13669,ZDOM
13533,ZDOM
13590,ZDOM
13541,ZDOM
13541,ZDOM
13667,ZDOM
13527,ZDOM
13591,ZDOM
13528,ZDOM
13595,ZDOM
13529,ZDOM
13538,ZDOM
13777,ZDOM
13796,ZDOM
13533,ZDOM
13642,ZDOM
13796,ZDOM
13627,ZDOM
13627,ZDOM
13625,ZDOM
13541,ZDOM
13680,ZDOM
13626,ZDOM
13671,ZDOM
13593,ZDOM
13593,ZDOM
13591,ZDOM
13594,ZDOM
13590,ZDOM
13540,ZDOM
13679,ZDOM
13590,ZDOM
13708,ZDOM
13590,ZDOM
13627,ZDOM
13627,ZDOM
13658,ZDOM
13596,ZDOM
13697,ZDOM
13647,ZDOM
13671,ZDOM
13537,ZDOM
13528,ZDOM
13672,ZDOM
13541,ZDOM
13796,ZDOM
13533,ZDOM
13528,ZDOM
13593,ZDOM
13592,ZDOM
13593,ZDOM
13672,ZDOM
13667,ZDOM
13680,ZDOM
13539,ZDOM
13627,ZDOM
13541,ZDOM
13541,ZDOM
13537,ZDOM
13626,ZDOM
13590,ZDOM
13530,ZDOM
13658,ZDOM
13679,ZDOM
13709,ZDOM
13538,ZDOM
13533,ZDOM
13591,ZDOM
13528,ZDOM
13536,ZDOM
13594,ZDOM
13540,ZDOM
13796,ZDOM
13642,ZDOM
13777,ZDOM
13627,ZDOM
13627,ZDOM
13728,ZDOM
13531,ZDOM
13590,ZDOM
13590,ZDOM
13590,ZDOM
13708,ZDOM
13595,ZDOM
13533,ZDOM
13592,ZDOM
13530,ZDOM
13536,ZDOM
13537,ZDOM
13538,ZDOM
13627,ZDOM
13627,ZDOM
13541,ZDOM
13667,ZDOM
13541,ZDOM
13728,ZDOM
13538,ZDOM
13796,ZDOM
13527,ZDOM
13530,ZDOM
13591,ZDOM
13595,ZDOM
13536,ZDOM
13627,ZDOM
13541,ZDOM
13642,ZDOM
13532,ZDOM
13537,ZDOM
13591,ZDOM
13796,ZDOM
13533,ZDOM
13627,ZDOM
13668,ZDOM
13625,ZDOM
13529,ZDOM
13672,ZDOM
13540,ZDOM
13627,ZDOM
13528,ZDOM
13593,ZDOM
13594,ZDOM
13590,ZDOM
13669,ZDOM
13658,ZDOM
13541,ZDOM
13531,ZDOM
13679,ZDOM
13528,ZDOM
13709,ZDOM
13590,ZDOM
13533,ZDOM
13596,ZDOM
13593,ZDOM
13708,ZDOM
13680,ZDOM
13592,ZDOM
13590,ZDOM
13671,ZDOM
13647,ZDOM
13537,ZDOM
13671,ZDOM
13627,ZDOM
13541,ZDOM
13592,ZDOM
13626,ZDOM
13596,ZDOM
13593,ZDOM
13671,ZDOM
13538,ZDOM
13530,ZDOM
13528,ZDOM
13531,ZDOM
13593,ZDOM
13658,ZDOM
13533,ZDOM
13625,ZDOM
13590,ZDOM
13539,ZDOM
13591,ZDOM
13667,ZDOM
13594,ZDOM
13537,ZDOM
13647,ZDOM
13679,ZDOM
13536,ZDOM
13709,ZDOM
13668,ZDOM
13590,ZDOM
13590,ZDOM
13540,ZDOM
13708,ZDOM
13777,ZDOM
13541,ZDOM
13590,ZDOM
13591,ZDOM
13680,ZDOM
13642,ZDOM
13796,ZDOM
13533,ZDOM
13541,ZDOM
13672,ZDOM
13533,ZDOM
13796,ZDOM
13595,ZDOM
13671,ZDOM
13697,ZDOM
13669,ZDOM
12607,ZDOM
13469,ZDOM
12445,ZDOM
12406,ZDOM
12836,ZDOM
13258,ZDOM
13255,ZDOM
12361,ZDOM
12677,ZDOM
12601,ZDOM
12857,ZDOM
12146,ZDOM
13260,ZDOM
12697,ZDOM
13500,ZDOM
13092,ZDOM
12162,ZDOM
12586,ZDOM
12383,ZDOM
12652,ZDOM
12488,ZDOM
12906,ZDOM
12987,ZDOM
13162,ZDOM
12387,ZDOM
12554,ZDOM
12382,ZDOM
12401,ZDOM
13385,ZDOM
12365,ZDOM
12784,ZDOM
12432,ZDOM
12707,ZDOM
12807,ZDOM
13224,ZDOM
11842,ZDOM
12380,ZDOM
12394,ZDOM
12778,ZDOM
12368,ZDOM
12691,ZDOM
13152,ZDOM
12408,ZDOM
12166,ZDOM
13103,ZDOM
12342,ZDOM
12980,ZDOM
12347,ZDOM
12608,ZDOM
11918,ZDOM
12359,ZDOM
13015,ZDOM
12386,ZDOM
12355,ZDOM
12908,ZDOM
12389,ZDOM
12486,ZDOM
12487,ZDOM
12858,ZDOM
12168,ZDOM
12399,ZDOM
12760,ZDOM
12221,ZDOM
12082,ZDOM
12952,ZDOM
12267,ZDOM
12398,ZDOM
13054,ZDOM
12456,ZDOM
12366,ZDOM
12390,ZDOM
12383,ZDOM
12433,ZDOM
12335,ZDOM
12861,ZDOM
12933,ZDOM
12352,ZDOM
12397,ZDOM
10732,ZDOM
13163,ZDOM
12796,ZDOM
12665,ZDOM
12362,ZDOM
13170,ZDOM
12892,ZDOM
12688,ZDOM
12639,ZDOM
13549,ZDOM
12907,ZDOM
12946,ZDOM
12425,ZDOM
12383,ZDOM
12349,ZDOM
12374,ZDOM
12381,ZDOM
12383,ZDOM
12401,ZDOM
12652,ZDOM
12649,ZDOM
13121,ZDOM
12388,ZDOM
12409,ZDOM
12568,ZDOM
12809,ZDOM
12320,ZDOM
12652,ZDOM
12238,ZDOM
12646,ZDOM
12241,ZDOM
12027,ZDOM
13142,ZDOM
13531,ZDOM
13528,ZDOM
13591,ZDOM
13538,ZDOM
13533,ZDOM
13528,ZDOM
13540,ZDOM
13595,ZDOM
13668,ZDOM
13536,ZDOM
13591,ZDOM
13533,ZDOM
13679,ZDOM
13592,ZDOM
13531,ZDOM
13595,ZDOM
13530,ZDOM
13541,ZDOM
13539,ZDOM
13536,ZDOM
13533,ZDOM
13709,ZDOM
13590,ZDOM
13627,ZDOM
13541,ZDOM
13668,ZDOM
13591,ZDOM
13642,ZDOM
13669,ZDOM
13592,ZDOM
13596,ZDOM
12390,ZDOM
12746,ZDOM
12427,ZDOM
12292,ZDOM
12488,ZDOM
12381,ZDOM
12445,ZDOM
12264,ZDOM
13177,ZDOM
12336,ZDOM
12401,ZDOM
12444,ZDOM
12809,ZDOM
13561,ZDOM
12372,ZDOM
12162,ZDOM
13117,ZDOM
12690,ZDOM
12343,ZDOM
12414,ZDOM
13560,ZDOM
12326,ZDOM
12764,ZDOM
12466,ZDOM
12521,ZDOM
13549,ZDOM
11676,ZDOM
12162,ZDOM
12778,ZDOM
13177,ZDOM
13623,ZDOM
12372,ZDOM
12359,ZDOM
12141,ZDOM
12746,ZDOM
12445,ZDOM
13012,ZDOM
12691,ZDOM
12358,ZDOM
12981,ZDOM
12390,ZDOM
12426,ZDOM
12433,ZDOM
13252,ZDOM
12404,ZDOM
12377,ZDOM
12444,ZDOM
12639,ZDOM
12376,ZDOM
12809,ZDOM
12367,ZDOM
12414,ZDOM
12174,ZDOM
13261,ZDOM
12372,ZDOM
12162,ZDOM
12382,ZDOM
12389,ZDOM
12390,ZDOM
12355,ZDOM
12394,ZDOM
13469,ZDOM
12746,ZDOM
12340,ZDOM
12445,ZDOM
13566,ZDOM
12907,ZDOM
12441,ZDOM
12425,ZDOM
13092,ZDOM
13620,ZDOM
12934,ZDOM
12445,ZDOM
12608,ZDOM
12349,ZDOM
13031,ZDOM
13589,ZDOM
12143,ZDOM
12631,ZDOM
12892,ZDOM
12387,ZDOM
12754,ZDOM
12863,ZDOM
12292,ZDOM
12383,ZDOM
12322,ZDOM
12746,ZDOM
12857,ZDOM
12372,ZDOM
12159,ZDOM
12241,ZDOM
12836,ZDOM
12987,ZDOM
12390,ZDOM
12860,ZDOM
12573,ZDOM
12712,ZDOM
12573,ZDOM
12549,ZDOM
12697,ZDOM
12393,ZDOM
12646,ZDOM
12378,ZDOM
12426,ZDOM
12806,ZDOM
12027,ZDOM
13337,ZDOM
12764,ZDOM
12427,ZDOM
13258,ZDOM
13255,ZDOM
12981,ZDOM
13217,ZDOM
13155,ZDOM
13261,ZDOM
12862,ZDOM
12838,ZDOM
13170,ZDOM
12439,ZDOM
12688,ZDOM
13163,ZDOM
12162,ZDOM
12264,ZDOM
12985,ZDOM
12327,ZDOM
12445,ZDOM
12442,ZDOM
12162,ZDOM
12414,ZDOM
12409,ZDOM
12174,ZDOM
13337,ZDOM
12390,ZDOM
12639,ZDOM
12630,ZDOM
13217,ZDOM
12342,ZDOM
12401,ZDOM
13117,ZDOM
12764,ZDOM
12292,ZDOM
12466,ZDOM
13177,ZDOM
12778,ZDOM
13118,ZDOM
12389,ZDOM
12746,ZDOM
13002,ZDOM
12372,ZDOM
12975,ZDOM
13261,ZDOM
13385,ZDOM
12426,ZDOM
12350,ZDOM
12367,ZDOM
13258,ZDOM
12784,ZDOM
12387,ZDOM
11913,ZDOM
12740,ZDOM
12677,ZDOM
12824,ZDOM
12173,ZDOM
13217,ZDOM
12608,ZDOM
12456,ZDOM
12394,ZDOM
12980,ZDOM
13114,ZDOM
12221,ZDOM
12406,ZDOM
12858,ZDOM
13163,ZDOM
12586,ZDOM
12401,ZDOM
13255,ZDOM
13385,ZDOM
12380,ZDOM
12381,ZDOM
12355,ZDOM
12409,ZDOM
13023,ZDOM
12401,ZDOM
12241,ZDOM
12606,ZDOM
12690,ZDOM
13620,ZDOM
12665,ZDOM
13152,ZDOM
12487,ZDOM
12445,ZDOM
12168,ZDOM
12331,ZDOM
13103,ZDOM
12348,ZDOM
12765,ZDOM
12816,ZDOM
12362,ZDOM
12573,ZDOM
12760,ZDOM
12892,ZDOM
12425,ZDOM
12693,ZDOM
13224,ZDOM
12554,ZDOM
12270,ZDOM
12746,ZDOM
12754,ZDOM
12923,ZDOM
12372,ZDOM
12397,ZDOM
12386,ZDOM
12118,ZDOM
13258,ZDOM
12952,ZDOM
12408,ZDOM
12264,ZDOM
12383,ZDOM
12586,ZDOM
12975,ZDOM
12568,ZDOM
12349,ZDOM
12365,ZDOM
12267,ZDOM
12082,ZDOM
12445,ZDOM
12441,ZDOM
13255,ZDOM
12394,ZDOM
12444,ZDOM
12389,ZDOM
12444,ZDOM
12985,ZDOM
12162,ZDOM
12445,ZDOM
12390,ZDOM
12376,ZDOM
12386,ZDOM
12352,ZDOM
12381,ZDOM
12390,ZDOM
12608,ZDOM
12746,ZDOM
13103,ZDOM
12381,ZDOM
12343,ZDOM
12173,ZDOM
12404,ZDOM
13337,ZDOM
12326,ZDOM
12264,ZDOM
12323,ZDOM
12982,ZDOM
12389,ZDOM
12372,ZDOM
12809,ZDOM
13623,ZDOM
12371,ZDOM
13533,ZDOM
13532,ZDOM
13627,ZDOM
13595,ZDOM
13540,ZDOM
13541,ZDOM
13591,ZDOM
13538,ZDOM
13679,ZDOM
13528,ZDOM
13531,ZDOM
13625,ZDOM
13530,ZDOM
13672,ZDOM
13593,ZDOM
13708,ZDOM
13668,ZDOM
13627,ZDOM
13539,ZDOM
13592,ZDOM
13796,ZDOM
13533,ZDOM
13667,ZDOM
13590,ZDOM
13626,ZDOM
13796,ZDOM
13728,ZDOM
13590,ZDOM
13536,ZDOM
13531,ZDOM
13533,ZDOM
13528,ZDOM
13530,ZDOM
13528,ZDOM
13592,ZDOM
13536,ZDOM
13531,ZDOM
13538,ZDOM
13537,ZDOM
13533,ZDOM
13541,ZDOM
13536,ZDOM
13539,ZDOM
13592,ZDOM
13590,ZDOM
13627,ZDOM
13642,ZDOM
13533,ZDOM
13536,ZDOM
13528,ZDOM
13668,ZDOM
13591,ZDOM
13796,ZDOM
13536,ZDOM
13536,ZDOM
13538,ZDOM
13590,ZDOM
13538,ZDOM
13593,ZDOM
13591,ZDOM
13530,ZDOM
13528,ZDOM
13531,ZDOM
13530,ZDOM
13533,ZDOM
13528,ZDOM
13533,ZDOM
13533,ZDOM
13528,ZDOM
13536,ZDOM
13663,ZDOM
13103,ZDOM
13092,ZDOM
12141,ZDOM
12836,ZDOM
12096,ZDOM
12352,ZDOM
13260,ZDOM
13255,ZDOM
13187,ZDOM
12143,ZDOM
12162,ZDOM
12554,ZDOM
12754,ZDOM
12241,ZDOM
12765,ZDOM
12764,ZDOM
12858,ZDOM
12712,ZDOM
13516,ZDOM
12389,ZDOM
13012,ZDOM
13163,ZDOM
13337,ZDOM
12445,ZDOM
12372,ZDOM
13560,ZDOM
12746,ZDOM
12754,ZDOM
12863,ZDOM
12987,ZDOM
13620,ZDOM
12159,ZDOM
13516,ZDOM
12322,ZDOM
13023,ZDOM
12264,ZDOM
13189,ZDOM
12648,ZDOM
13054,ZDOM
12355,ZDOM
13663,ZDOM
13217,ZDOM
13162,ZDOM
12688,ZDOM
12409,ZDOM
12408,ZDOM
12383,ZDOM
13054,ZDOM
12264,ZDOM
12858,ZDOM
12652,ZDOM
12401,ZDOM
13255,ZDOM
12389,ZDOM
12383,ZDOM
12631,ZDOM
12432,ZDOM
12365,ZDOM
13054,ZDOM
13529,ZDOM
13531,ZDOM
12401,ZDOM
13469,ZDOM
13217,ZDOM
12554,ZDOM
12292,ZDOM
12433,ZDOM
13516,ZDOM
12444,ZDOM
10732,ZDOM
13593,ZDOM
13533,ZDOM
13528,ZDOM
13531,ZDOM
13536,ZDOM
12372,ZDOM
13500,ZDOM
12764,ZDOM
12858,ZDOM
12573,ZDOM
12350,ZDOM
13152,ZDOM
13385,ZDOM
12292,ZDOM
13627,ZDOM
13591,ZDOM
12809,ZDOM
12444,ZDOM
12445,ZDOM
12323,ZDOM
13669,ZDOM
13530,ZDOM
13528,ZDOM
13541,ZDOM
13528,ZDOM
13591,ZDOM
13538,ZDOM
13537,ZDOM
13528,ZDOM
13530,ZDOM
13591,ZDOM
13531,ZDOM
13533,ZDOM
13672,ZDOM
13709,ZDOM
13592,ZDOM
13531,ZDOM
13531,ZDOM
13530,ZDOM
13538,ZDOM
13533,ZDOM
13531,ZDOM
13538,ZDOM
12377,ZDOM
13709,ZDOM
13658,ZDOM
12937,ZDOM
13143,ZDOM
12721,ZDOM
10917,ZDOM
10177,ZDOM
11362,ZDOM
11446,ZDOM
11759,ZDOM
11487,ZDOM
13105,ZDOM
12430,ZDOM
13412,ZDOM
12724,ZDOM
12540,ZDOM
13392,ZDOM
12881,ZDOM
10264,ZDOM
10281,ZDOM
13165,ZDOM
11412,ZDOM
11216,ZDOM
10452,ZDOM
13336,ZDOM
12171,ZDOM
10753,ZDOM
13036,ZDOM
10268,ZDOM
10367,ZDOM
10194,ZDOM
12313,ZDOM
11011,ZDOM
12767,ZDOM
10443,ZDOM
11277,ZDOM
11664,ZDOM
10740,ZDOM
13158,ZDOM
10914,ZDOM
13139,ZDOM
11261,ZDOM
10911,ZDOM
13070,ZDOM
12571,ZDOM
13249,ZDOM
13568,ZDOM
11445,ZDOM
11841,ZDOM
11417,ZDOM
10347,ZDOM
13134,ZDOM
10000,ZDOM
12730,ZDOM
12722,ZDOM
13213,ZDOM
13150,ZDOM
12734,ZDOM
12757,ZDOM
11215,ZDOM
10163,ZDOM
12937,ZDOM
11794,ZDOM
13599,ZDOM
11046,ZDOM
12681,ZDOM
10625,ZDOM
10123,ZDOM
13049,ZDOM
10309,ZDOM
12991,ZDOM
10374,ZDOM
10403,ZDOM
10727,ZDOM
13496,ZDOM
11881,ZDOM
11458,ZDOM
10427,ZDOM
11366,ZDOM
10449,ZDOM
10653,ZDOM
13456,ZDOM
11332,ZDOM
10650,ZDOM
12453,ZDOM
13244,ZDOM
10422,ZDOM
13226,ZDOM
10501,ZDOM
12580,ZDOM
10726,ZDOM
10202,ZDOM
11268,ZDOM
11457,ZDOM
10456,ZDOM
13254,ZDOM
13048,ZDOM
12897,ZDOM
10102,ZDOM
12666,ZDOM
13042,ZDOM
11478,ZDOM
13442,ZDOM
13182,ZDOM
13109,ZDOM
13342,ZDOM
12966,ZDOM
12281,ZDOM
13063,ZDOM
11534,ZDOM
12729,ZDOM
12525,ZDOM
13510,ZDOM
13071,ZDOM
10042,ZDOM
12915,ZDOM
10115,ZDOM
10147,ZDOM
13140,ZDOM
12965,ZDOM
13166,ZDOM
11690,ZDOM
13511,ZDOM
10633,ZDOM
13266,ZDOM
12817,ZDOM
11452,ZDOM
13006,ZDOM
10456,ZDOM
12081,ZDOM
10654,ZDOM
13113,ZDOM
12093,ZDOM
11501,ZDOM
10595,ZDOM
10736,ZDOM
13093,ZDOM
10769,ZDOM
11454,ZDOM
11510,ZDOM
11412,ZDOM
10491,ZDOM
13146,ZDOM
12732,ZDOM
13646,ZDOM
13511,ZDOM
10173,ZDOM
11856,ZDOM
10361,ZDOM
10649,ZDOM
12965,ZDOM
12938,ZDOM
13165,ZDOM
12171,ZDOM
11692,ZDOM
12640,ZDOM
12728,ZDOM
10690,ZDOM
10317,ZDOM
13032,ZDOM
13248,ZDOM
13209,ZDOM
11452,ZDOM
12638,ZDOM
13790,ZDOM
12674,ZDOM
12729,ZDOM
12979,ZDOM
13061,ZDOM
10501,ZDOM
11460,ZDOM
10000,ZDOM
11486,ZDOM
10863,ZDOM
10769,ZDOM
13055,ZDOM
11447,ZDOM
13148,ZDOM
11809,ZDOM
13497,ZDOM
12669,ZDOM
10690,ZDOM
10804,ZDOM
12628,ZDOM
10519,ZDOM
12829,ZDOM
10374,ZDOM
10319,ZDOM
13482,ZDOM
11432,ZDOM
10862,ZDOM
11366,ZDOM
10653,ZDOM
13184,ZDOM
13263,ZDOM
10281,ZDOM
12911,ZDOM
13093,ZDOM
11332,ZDOM
13120,ZDOM
10443,ZDOM
10649,ZDOM
11336,ZDOM
10727,ZDOM
12802,ZDOM
13021,ZDOM
11959,ZDOM
10361,ZDOM
11857,ZDOM
10456,ZDOM
12525,ZDOM
11445,ZDOM
10810,ZDOM
11177,ZDOM
11759,ZDOM
12732,ZDOM
11458,ZDOM
12666,ZDOM
10690,ZDOM
12094,ZDOM
13240,ZDOM
10145,ZDOM
12926,ZDOM
13213,ZDOM
13214,ZDOM
10720,ZDOM
13141,ZDOM
12905,ZDOM
13185,ZDOM
10344,ZDOM
11112,ZDOM
10448,ZDOM
12721,ZDOM
11500,ZDOM
12271,ZDOM
10296,ZDOM
11809,ZDOM
12805,ZDOM
10665,ZDOM
13003,ZDOM
10804,ZDOM
13006,ZDOM
10033,ZDOM
11449,ZDOM
10290,ZDOM
11460,ZDOM
10115,ZDOM
11942,ZDOM
13113,ZDOM
12318,ZDOM
10051,ZDOM
10102,ZDOM
11486,ZDOM
13565,ZDOM
11452,ZDOM
10705,ZDOM
10745,ZDOM
12729,ZDOM
11482,ZDOM
10000,ZDOM
13053,ZDOM
10017,ZDOM
13134,ZDOM
10206,ZDOM
13242,ZDOM
11268,ZDOM
13036,ZDOM
10388,ZDOM
10420,ZDOM
11499,ZDOM
12536,ZDOM
12080,ZDOM
13098,ZDOM
10309,ZDOM
11417,ZDOM
13148,ZDOM
12871,ZDOM
12956,ZDOM
11457,ZDOM
13127,ZDOM
10272,ZDOM
10569,ZDOM
12983,ZDOM
10863,ZDOM
11415,ZDOM
10595,ZDOM
13042,ZDOM
13238,ZDOM
12681,ZDOM
11721,ZDOM
13166,ZDOM
11362,ZDOM
13511,ZDOM
11867,ZDOM
10335,ZDOM
11451,ZDOM
11009,ZDOM
11726,ZDOM
12915,ZDOM
11836,ZDOM
13073,ZDOM
10720,ZDOM
10382,ZDOM
12696,ZDOM
12451,ZDOM
12881,ZDOM
11683,ZDOM
11691,ZDOM
10279,ZDOM
12847,ZDOM
12897,ZDOM
12733,ZDOM
11920,ZDOM
12965,ZDOM
10917,ZDOM
10501,ZDOM
13492,ZDOM
12936,ZDOM
13342,ZDOM
11941,ZDOM
12805,ZDOM
10103,ZDOM
10203,ZDOM
10373,ZDOM
10449,ZDOM
11011,ZDOM
13512,ZDOM
11447,ZDOM
11959,ZDOM
10753,ZDOM
12591,ZDOM
10057,ZDOM
13511,ZDOM
12093,ZDOM
10590,ZDOM
12874,ZDOM
10223,ZDOM
10194,ZDOM
10654,ZDOM
11794,ZDOM
12827,ZDOM
12237,ZDOM
13496,ZDOM
10644,ZDOM
10963,ZDOM
13146,ZDOM
13254,ZDOM
12849,ZDOM
10633,ZDOM
12967,ZDOM
10692,ZDOM
13151,ZDOM
13266,ZDOM
13158,ZDOM
12728,ZDOM
12461,ZDOM
12926,ZDOM
12854,ZDOM
11707,ZDOM
10492,ZDOM
10225,ZDOM
12749,ZDOM
12674,ZDOM
13693,ZDOM
10202,ZDOM
10257,ZDOM
12991,ZDOM
11216,ZDOM
13264,ZDOM
12966,ZDOM
13056,ZDOM
13032,ZDOM
10997,ZDOM
10769,ZDOM
13243,ZDOM
12477,ZDOM
13186,ZDOM
13178,ZDOM
13017,ZDOM
12937,ZDOM
11963,ZDOM
10164,ZDOM
12663,ZDOM
11046,ZDOM
10278,ZDOM
12830,ZDOM
13093,ZDOM
12626,ZDOM
13168,ZDOM
12726,ZDOM
11856,ZDOM
10829,ZDOM
10309,ZDOM
11287,ZDOM
13727,ZDOM
13052,ZDOM
13510,ZDOM
11470,ZDOM
13148,ZDOM
11417,ZDOM
10163,ZDOM
13063,ZDOM
10858,ZDOM
11578,ZDOM
11431,ZDOM
12669,ZDOM
11514,ZDOM
13657,ZDOM
10042,ZDOM
13125,ZDOM
13139,ZDOM
12676,ZDOM
10317,ZDOM
10790,ZDOM
11562,ZDOM
11838,ZDOM
11530,ZDOM
10185,ZDOM
10911,ZDOM
13143,ZDOM
12804,ZDOM
10914,ZDOM
12989,ZDOM
10705,ZDOM
12171,ZDOM
10285,ZDOM
11633,ZDOM
12395,ZDOM
12715,ZDOM
10224,ZDOM
13334,ZDOM
10501,ZDOM
12757,ZDOM
11942,ZDOM
10314,ZDOM
10726,ZDOM
12068,ZDOM
12955,ZDOM
12430,ZDOM
11508,ZDOM
11483,ZDOM
12575,ZDOM
10679,ZDOM
12675,ZDOM
13064,ZDOM
11881,ZDOM
11263,ZDOM
10835,ZDOM
13567,ZDOM
10832,ZDOM
11469,ZDOM
12730,ZDOM
10740,ZDOM
12999,ZDOM
13109,ZDOM
11971,ZDOM
13408,ZDOM
10584,ZDOM
10452,ZDOM
12852,ZDOM
13166,ZDOM
10624,ZDOM
12826,ZDOM
10370,ZDOM
10396,ZDOM
10257,ZDOM
11262,ZDOM
11008,ZDOM
11487,ZDOM
10650,ZDOM
12297,ZDOM
10963,ZDOM
13182,ZDOM
13165,ZDOM
12579,ZDOM
10503,ZDOM
10692,ZDOM
11452,ZDOM
10509,ZDOM
11510,ZDOM
10331,ZDOM
13645,ZDOM
12831,ZDOM
13251,ZDOM
10052,ZDOM
10836,ZDOM
10177,ZDOM
11206,ZDOM
10625,ZDOM
13247,ZDOM
12791,ZDOM
10422,ZDOM
13063,ZDOM
13246,ZDOM
12939,ZDOM
10761,ZDOM
12171,ZDOM
11086,ZDOM
13397,ZDOM
13105,ZDOM
10759,ZDOM
12817,ZDOM
13068,ZDOM
12081,ZDOM
13211,ZDOM
10002,ZDOM
13421,ZDOM
13174,ZDOM
12571,ZDOM
10349,ZDOM
13061,ZDOM
13102,ZDOM
10771,ZDOM
10147,ZDOM
10348,ZDOM
13126,ZDOM
11522,ZDOM
11004,ZDOM
13225,ZDOM
10650,ZDOM
10503,ZDOM
11151,ZDOM
13055,ZDOM
10427,ZDOM
10928,ZDOM
10863,ZDOM
10723,ZDOM
11534,ZDOM
13493,ZDOM
12735,ZDOM
12820,ZDOM
11533,ZDOM
10277,ZDOM
13071,ZDOM
10633,ZDOM
12725,ZDOM
10373,ZDOM
12767,ZDOM
10106,ZDOM
12452,ZDOM
13665,ZDOM
13047,ZDOM
10368,ZDOM
13212,ZDOM
10163,ZDOM
10155,ZDOM
13067,ZDOM
13254,ZDOM
13418,ZDOM
10162,ZDOM
12083,ZDOM
13140,ZDOM
12313,ZDOM
13049,ZDOM
12742,ZDOM
10123,ZDOM
12919,ZDOM
13510,ZDOM
10599,ZDOM
12743,ZDOM
11468,ZDOM
12191,ZDOM
13074,ZDOM
10111,ZDOM
12724,ZDOM
13497,ZDOM
11736,ZDOM
12640,ZDOM
11296,ZDOM
13790,ZDOM
13215,ZDOM
10912,ZDOM
10574,ZDOM
11792,ZDOM
13164,ZDOM
12152,ZDOM
11524,ZDOM
13271,ZDOM
10017,ZDOM
10066,ZDOM
10769,ZDOM
13209,ZDOM
10956,ZDOM
12927,ZDOM
12869,ZDOM
11517,ZDOM
13412,ZDOM
11658,ZDOM
12905,ZDOM
13241,ZDOM
10047,ZDOM
13599,ZDOM
12645,ZDOM
12978,ZDOM
13497,ZDOM
13498,ZDOM
10210,ZDOM
11578,ZDOM
13343,ZDOM
10675,ZDOM
10089,ZDOM
13383,ZDOM
13666,ZDOM
13586,ZDOM
13483,ZDOM
10853,ZDOM
10317,ZDOM
12920,ZDOM
12979,ZDOM
10155,ZDOM
12920,ZDOM
13021,ZDOM
12226,ZDOM
10993,ZDOM
10971,ZDOM
10995,ZDOM
10138,ZDOM
11601,ZDOM
13456,ZDOM
12949,ZDOM
13106,ZDOM
10729,ZDOM
11640,ZDOM
11371,ZDOM
11464,ZDOM
12580,ZDOM
12734,ZDOM
11726,ZDOM
10422,ZDOM
10311,ZDOM
10502,ZDOM
13336,ZDOM
13442,ZDOM
12724,ZDOM
10759,ZDOM
12281,ZDOM
10123,ZDOM
10000,ZDOM
11865,ZDOM
13150,ZDOM
11261,ZDOM
13174,ZDOM
13646,ZDOM
12532,ZDOM
13250,ZDOM
13245,ZDOM
13178,ZDOM
13402,ZDOM
10456,ZDOM
12768,ZDOM
10443,ZDOM
10287,ZDOM
13108,ZDOM
11843,ZDOM
12029,ZDOM
11841,ZDOM
10654,ZDOM
11664,ZDOM
12453,ZDOM
10196,ZDOM
12303,ZDOM
12937,ZDOM
13383,ZDOM
12172,ZDOM
11446,ZDOM
11911,ZDOM
13107,ZDOM
11612,ZDOM
12905,ZDOM
10432,ZDOM
10219,ZDOM
11534,ZDOM
10591,ZDOM
10377,ZDOM
13241,ZDOM
12846,ZDOM
11153,ZDOM
10721,ZDOM
11616,ZDOM
12093,ZDOM
10491,ZDOM
10690,ZDOM
10736,ZDOM
11692,ZDOM
11862,ZDOM
10447,ZDOM
13238,ZDOM
10187,ZDOM
12540,ZDOM
11690,ZDOM
10625,ZDOM
10467,ZDOM
12953,ZDOM
10173,ZDOM
11914,ZDOM
10389,ZDOM
10937,ZDOM
11690,ZDOM
13120,ZDOM
10902,ZDOM
13182,ZDOM
10367,ZDOM
13248,ZDOM
11453,ZDOM
12692,ZDOM
12752,ZDOM
12895,ZDOM
10816,ZDOM
12767,ZDOM
10839,ZDOM
11638,ZDOM
13226,ZDOM
10632,ZDOM
13207,ZDOM
10268,ZDOM
12978,ZDOM
13253,ZDOM
11004,ZDOM
13366,ZDOM
11478,ZDOM
10339,ZDOM
11864,ZDOM
11415,ZDOM
11215,ZDOM
11336,ZDOM
10286,ZDOM
10490,ZDOM
10677,ZDOM
10185,ZDOM
13070,ZDOM
12020,ZDOM
12081,ZDOM
10670,ZDOM
11412,ZDOM
10062,ZDOM
11501,ZDOM
13249,ZDOM
10829,ZDOM
11412,ZDOM
11465,ZDOM
10118,ZDOM
10835,ZDOM
10479,ZDOM
13167,ZDOM
12958,ZDOM
10473,ZDOM
10449,ZDOM
12029,ZDOM
11362,ZDOM
11261,ZDOM
12937,ZDOM
12525,ZDOM
13055,ZDOM
10111,ZDOM
13366,ZDOM
13242,ZDOM
12849,ZDOM
12313,ZDOM
11366,ZDOM
13482,ZDOM
13064,ZDOM
11500,ZDOM
12281,ZDOM
13109,ZDOM
10361,ZDOM
11486,ZDOM
12881,ZDOM
10963,ZDOM
10268,ZDOM
11046,ZDOM
11941,ZDOM
13003,ZDOM
11206,ZDOM
12452,ZDOM
10281,ZDOM
10368,ZDOM
10740,ZDOM
11011,ZDOM
11417,ZDOM
13105,ZDOM
11215,ZDOM
12729,ZDOM
13244,ZDOM
12950,ZDOM
12817,ZDOM
11208,ZDOM
10102,ZDOM
13139,ZDOM
10317,ZDOM
13334,ZDOM
10257,ZDOM
10177,ZDOM
13599,ZDOM
11836,ZDOM
10853,ZDOM
10422,ZDOM
13185,ZDOM
13248,ZDOM
13646,ZDOM
10000,ZDOM
10257,ZDOM
10052,ZDOM
13342,ZDOM
10225,ZDOM
11534,ZDOM
12881,ZDOM
13139,ZDOM
10501,ZDOM
10690,ZDOM
10210,ZDOM
10834,ZDOM
13146,ZDOM
12897,ZDOM
12540,ZDOM
13070,ZDOM
13063,ZDOM
12871,ZDOM
13036,ZDOM
11468,ZDOM
13433,ZDOM
13511,ZDOM
13113,ZDOM
10654,ZDOM
12571,ZDOM
10649,ZDOM
11207,ZDOM
12920,ZDOM
11445,ZDOM
11216,ZDOM
13213,ZDOM
10264,ZDOM
11457,ZDOM
12830,ZDOM
10042,ZDOM
10654,ZDOM
12721,ZDOM
13412,ZDOM
12915,ZDOM
10147,ZDOM
12093,ZDOM
13042,ZDOM
10296,ZDOM
13511,ZDOM
12967,ZDOM
11415,ZDOM
12318,ZDOM
13211,ZDOM
13565,ZDOM
10185,ZDOM
13254,ZDOM
11491,ZDOM
10456,ZDOM
13048,ZDOM
10650,ZDOM
12669,ZDOM
12958,ZDOM
13140,ZDOM
11534,ZDOM
10194,ZDOM
11452,ZDOM
13212,ZDOM
12955,ZDOM
10595,ZDOM
12938,ZDOM
12083,ZDOM
10726,ZDOM
11469,ZDOM
10162,ZDOM
12640,ZDOM
12728,ZDOM
11963,ZDOM
10574,ZDOM
11881,ZDOM
12730,ZDOM
12937,ZDOM
12171,ZDOM
12271,ZDOM
13165,ZDOM
12734,ZDOM
10911,ZDOM
11458,ZDOM
10912,ZDOM
13120,ZDOM
13148,ZDOM
11268,ZDOM
11454,ZDOM
10745,ZDOM
10769,ZDOM
12663,ZDOM
10066,ZDOM
10309,ZDOM
12674,ZDOM
11664,ZDOM
13071,ZDOM
11690,ZDOM
13061,ZDOM
13215,ZDOM
10427,ZDOM
10449,ZDOM
11658,ZDOM
10202,ZDOM
13493,ZDOM
10017,ZDOM
10155,ZDOM
12640,ZDOM
12978,ZDOM
11690,ZDOM
11447,ZDOM
12965,ZDOM
13241,ZDOM
12591,ZDOM
12742,ZDOM
11809,ZDOM
13056,ZDOM
10163,ZDOM
12827,ZDOM
12722,ZDOM
10491,ZDOM
10290,ZDOM
13586,ZDOM
10917,ZDOM
10185,ZDOM
10625,ZDOM
13402,ZDOM
11501,ZDOM
12081,ZDOM
13510,ZDOM
12964,ZDOM
11483,ZDOM
10670,ZDOM
12979,ZDOM
10373,ZDOM
13246,ZDOM
13334,ZDOM
11587,ZDOM
13567,ZDOM
12895,ZDOM
11522,ZDOM
10349,ZDOM
10125,ZDOM
13646,ZDOM
12900,ZDOM
12805,ZDOM
10509,ZDOM
13240,ZDOM
10729,ZDOM
11543,ZDOM
11658,ZDOM
13497,ZDOM
13133,ZDOM
13483,ZDOM
12897,ZDOM
13645,ZDOM
12068,ZDOM
13070,ZDOM
10145,ZDOM
10382,ZDOM
13565,ZDOM
12955,ZDOM
10491,ZDOM
12451,ZDOM
13115,ZDOM
12723,ZDOM
11296,ZDOM
10202,ZDOM
10373,ZDOM
13062,ZDOM
11482,ZDOM
10993,ZDOM
13004,ZDOM
13018,ZDOM
13168,ZDOM
11021,ZDOM
10501,ZDOM
13106,ZDOM
13064,ZDOM
13212,ZDOM
13666,ZDOM
10000,ZDOM
12644,ZDOM
10031,ZDOM
10519,ZDOM
10042,ZDOM
10832,ZDOM
13014,ZDOM
13056,ZDOM
13342,ZDOM
12822,ZDOM
12733,ZDOM
12821,ZDOM
12936,ZDOM
11332,ZDOM
11112,ZDOM
10320,ZDOM
13185,ZDOM
11449,ZDOM
12645,ZDOM
10296,ZDOM
10223,ZDOM
10225,ZDOM
12869,ZDOM
10727,ZDOM
13126,ZDOM
10473,ZDOM
11596,ZDOM
13053,ZDOM
10123,ZDOM
10584,ZDOM
13120,ZDOM
10745,ZDOM
11943,ZDOM
13021,ZDOM
10280,ZDOM
10417,ZDOM
10912,ZDOM
10272,ZDOM
10420,ZDOM
11266,ZDOM
13182,ZDOM
12525,ZDOM
11470,ZDOM
11468,ZDOM
12728,ZDOM
11216,ZDOM
10829,ZDOM
13493,ZDOM
10679,ZDOM
10761,ZDOM
13482,ZDOM
13398,ZDOM
13127,ZDOM
12663,ZDOM
10335,ZDOM
13047,ZDOM
12725,ZDOM
13665,ZDOM
12991,ZDOM
10162,ZDOM
12121,ZDOM
12820,ZDOM
10456,ZDOM
11997,ZDOM
10311,ZDOM
10590,ZDOM
13383,ZDOM
10278,ZDOM
12871,ZDOM
11942,ZDOM
10196,ZDOM
10432,ZDOM
10047,ZDOM
13115,ZDOM
11416,ZDOM
12864,ZDOM
10310,ZDOM
12983,ZDOM
10317,ZDOM
10051,ZDOM
10033,ZDOM
11963,ZDOM
10725,ZDOM
11510,ZDOM
13126,ZDOM
12989,ZDOM
10066,ZDOM
10017,ZDOM
10653,ZDOM
10720,ZDOM
10723,ZDOM
12743,ZDOM
10595,ZDOM
11446,ZDOM
13251,ZDOM
12919,ZDOM
13242,ZDOM
11452,ZDOM
13568,ZDOM
13497,ZDOM
13241,ZDOM
12852,ZDOM
11517,ZDOM
13790,ZDOM
12271,ZDOM
12729,ZDOM
13165,ZDOM
10574,ZDOM
12171,ZDOM
12728,ZDOM
10827,ZDOM
13207,ZDOM
10123,ZDOM
10348,ZDOM
10057,ZDOM
10089,ZDOM
13055,ZDOM
10862,ZDOM
10937,ZDOM
12939,ZDOM
11601,ZDOM
12937,ZDOM
10829,ZDOM
10017,ZDOM
10771,ZDOM
13271,ZDOM
13226,ZDOM
13266,ZDOM
11562,ZDOM
12999,ZDOM
12926,ZDOM
11524,ZDOM
11086,ZDOM
11458,ZDOM
12094,ZDOM
13512,ZDOM
13186,ZDOM
12802,ZDOM
10721,ZDOM
10002,ZDOM
13209,ZDOM
12854,ZDOM
11208,ZDOM
12191,ZDOM
12453,ZDOM
11794,ZDOM
11469,ZDOM
12452,ZDOM
10185,ZDOM
12782,ZDOM
13029,ZDOM
11957,ZDOM
10816,ZDOM
13067,ZDOM
10690,ZDOM
13021,ZDOM
10208,ZDOM
11508,ZDOM
12788,ZDOM
10206,ZDOM
10599,ZDOM
10812,ZDOM
10594,ZDOM
12768,ZDOM
10839,ZDOM
13586,ZDOM
12532,ZDOM
10480,ZDOM
11501,ZDOM
11587,ZDOM
12686,ZDOM
10155,ZDOM
13511,ZDOM
10853,ZDOM
12575,ZDOM
10111,ZDOM
11486,ZDOM
10138,ZDOM
11534,ZDOM
12742,ZDOM
11862,ZDOM
11336,ZDOM
10103,ZDOM
10361,ZDOM
11692,ZDOM
10591,ZDOM
10759,ZDOM
13263,ZDOM
12624,ZDOM
10331,ZDOM
13214,ZDOM
10947,ZDOM
10650,ZDOM
10736,ZDOM
10368,ZDOM
13433,ZDOM
12749,ZDOM
11836,ZDOM
11132,ZDOM
12752,ZDOM
11153,ZDOM
13102,ZDOM
10834,ZDOM
10479,ZDOM
13072,ZDOM
12849,ZDOM
11262,ZDOM
13006,ZDOM
13239,ZDOM
10836,ZDOM
11971,ZDOM
13108,ZDOM
13657,ZDOM
12911,ZDOM
13397,ZDOM
11759,ZDOM
13143,ZDOM
12676,ZDOM
12846,ZDOM
11215,ZDOM
10624,ZDOM
12949,ZDOM
10203,ZDOM
11332,ZDOM
13245,ZDOM
10736,ZDOM
11046,ZDOM
10202,ZDOM
13243,ZDOM
10863,ZDOM
13366,ZDOM
10723,ZDOM
12901,ZDOM
10420,ZDOM
12724,ZDOM
10721,ZDOM
11942,ZDOM
13151,ZDOM
11486,ZDOM
10280,ZDOM
10862,ZDOM
10705,ZDOM
10832,ZDOM
12937,ZDOM
13109,ZDOM
13014,ZDOM
11517,ZDOM
12318,ZDOM
10769,ZDOM
12644,ZDOM
12066,ZDOM
12955,ZDOM
12257,ZDOM
10285,ZDOM
12829,ZDOM
12822,ZDOM
10203,ZDOM
10971,ZDOM
10224,ZDOM
12477,ZDOM
13242,ZDOM
10002,ZDOM
10125,ZDOM
13143,ZDOM
10000,ZDOM
10449,ZDOM
10219,ZDOM
10257,ZDOM
11887,ZDOM
10164,ZDOM
10173,ZDOM
11021,ZDOM
10102,ZDOM
10351,ZDOM
12895,ZDOM
13496,ZDOM
12926,ZDOM
13148,ZDOM
11578,ZDOM
12766,ZDOM
13246,ZDOM
12626,ZDOM
11578,ZDOM
13032,ZDOM
13402,ZDOM
11493,ZDOM
12989,ZDOM
11843,ZDOM
10625,ZDOM
10177,ZDOM
12645,ZDOM
13397,ZDOM
11807,ZDOM
10584,ZDOM
11086,ZDOM
10449,ZDOM
10279,ZDOM
10432,ZDOM
13212,ZDOM
12757,ZDOM
12303,ZDOM
12895,ZDOM
11437,ZDOM
12958,ZDOM
11510,ZDOM
12766,ZDOM
10257,ZDOM
13223,ZDOM
13398,ZDOM
10569,ZDOM
12721,ZDOM
11943,ZDOM
11206,ZDOM
13215,ZDOM
11587,ZDOM
13062,ZDOM
10223,ZDOM
10997,ZDOM
12966,ZDOM
11482,ZDOM
13182,ZDOM
10644,ZDOM
13053,ZDOM
11881,ZDOM
13056,ZDOM
10753,ZDOM
13312,ZDOM
13342,ZDOM
13397,ZDOM
11492,ZDOM
10417,ZDOM
13099,ZDOM
10810,ZDOM
13244,ZDOM
10287,ZDOM
11640,ZDOM
10491,ZDOM
11008,ZDOM
13264,ZDOM
11262,ZDOM
10625,ZDOM
10690,ZDOM
10382,ZDOM
10196,ZDOM
11151,ZDOM
10118,ZDOM
12579,ZDOM
12430,ZDOM
10502,ZDOM
10194,ZDOM
13070,ZDOM
13657,ZDOM
10422,ZDOM
10591,ZDOM
11959,ZDOM
10335,ZDOM
11505,ZDOM
10912,ZDOM
11501,ZDOM
11463,ZDOM
11616,ZDOM
12752,ZDOM
10167,ZDOM
10670,ZDOM
10031,ZDOM
11132,ZDOM
13021,ZDOM
13383,ZDOM
11431,ZDOM
13004,ZDOM
10863,ZDOM
11957,ZDOM
10675,ZDOM
11736,ZDOM
11443,ZDOM
11416,ZDOM
10914,ZDOM
13263,ZDOM
10331,ZDOM
12081,ZDOM
12080,ZDOM
11692,ZDOM
13563,ZDOM
12891,ZDOM
12675,ZDOM
12313,ZDOM
12226,ZDOM
10452,ZDOM
12854,ZDOM
13148,ZDOM
11362,ZDOM
12989,ZDOM
11322,ZDOM
10447,ZDOM
13174,ZDOM
10812,ZDOM
12991,ZDOM
13645,ZDOM
10289,ZDOM
10654,ZDOM
10326,ZDOM
11433,ZDOM
12881,ZDOM
10320,ZDOM
10432,ZDOM
12983,ZDOM
13512,ZDOM
13068,ZDOM
13498,ZDOM
10047,ZDOM
13055,ZDOM
11612,ZDOM
12591,ZDOM
12451,ZDOM
11336,ZDOM
12461,ZDOM
13412,ZDOM
11638,ZDOM
10403,ZDOM
13271,ZDOM
10690,ZDOM
13067,ZDOM
13248,ZDOM
12121,ZDOM
12723,ZDOM
13004,ZDOM
12874,ZDOM
11216,ZDOM
11417,ZDOM
11772,ZDOM
10185,ZDOM
12990,ZDOM
13707,ZDOM
13243,ZDOM
10519,ZDOM
12732,ZDOM
12884,ZDOM
13251,ZDOM
10928,ZDOM
13062,ZDOM
13135,ZDOM
12826,ZDOM
12867,ZDOM
13250,ZDOM
13063,ZDOM
13567,ZDOM
10296,ZDOM
10654,ZDOM
13646,ZDOM
13108,ZDOM
11207,ZDOM
13018,ZDOM
10348,ZDOM
12532,ZDOM
12302,ZDOM
13208,ZDOM
10653,ZDOM
11458,ZDOM
11153,ZDOM
12768,ZDOM
12536,ZDOM
10937,ZDOM
12950,ZDOM
11794,ZDOM
10790,ZDOM
10401,ZDOM
11914,ZDOM
10339,ZDOM
10679,ZDOM
11483,ZDOM
10590,ZDOM
10138,ZDOM
12453,ZDOM
13497,ZDOM
11543,ZDOM
10650,ZDOM
10677,ZDOM
12540,ZDOM
10540,ZDOM
11888,ZDOM
11971,ZDOM
11664,ZDOM
13052,ZDOM
11366,ZDOM
13249,ZDOM
13247,ZDOM
12638,ZDOM
10694,ZDOM
10111,ZDOM
12900,ZDOM
11587,ZDOM
11864,ZDOM
11421,ZDOM
12663,ZDOM
10057,ZDOM
13418,ZDOM
11500,ZDOM
11454,ZDOM
11857,ZDOM
10490,ZDOM
11469,ZDOM
11296,ZDOM
12749,ZDOM
11453,ZDOM
13493,ZDOM
11277,ZDOM
12938,ZDOM
11942,ZDOM
10725,ZDOM
10268,ZDOM
10935,ZDOM
11465,ZDOM
13214,ZDOM
11266,ZDOM
11683,ZDOM
10799,ZDOM
13624,ZDOM
13209,ZDOM
11417,ZDOM
11478,ZDOM
12029,ZDOM
11177,ZDOM
11707,ZDOM
13168,ZDOM
12452,ZDOM
11491,ZDOM
11911,ZDOM
10162,ZDOM
11514,ZDOM
13790,ZDOM
10632,ZDOM
11445,ZDOM
10187,ZDOM
10310,ZDOM
13093,ZDOM
10349,ZDOM
10374,ZDOM
12782,ZDOM
13210,ZDOM
10314,ZDOM
12979,ZDOM
10649,ZDOM
11444,ZDOM
13107,ZDOM
12802,ZDOM
11596,ZDOM
12964,ZDOM
11920,ZDOM
13006,ZDOM
13334,ZDOM
13222,ZDOM
10473,ZDOM
11562,ZDOM
11658,ZDOM
11009,ZDOM
10367,ZDOM
12628,ZDOM
13061,ZDOM
12852,ZDOM
12788,ZDOM
12804,ZDOM
12029,ZDOM
13029,ZDOM
10368,ZDOM
10745,ZDOM
13408,ZDOM
12281,ZDOM
12788,ZDOM
12901,ZDOM
10351,ZDOM
12983,ZDOM
12548,ZDOM
10118,ZDOM
10971,ZDOM
12966,ZDOM
11508,ZDOM
13006,ZDOM
10223,ZDOM
12626,ZDOM
11445,ZDOM
13334,ZDOM
11807,ZDOM
10935,ZDOM
13210,ZDOM
13223,ZDOM
10203,ZDOM
12121,ZDOM
10349,ZDOM
13482,ZDOM
11505,ZDOM
13062,ZDOM
13271,ZDOM
10569,ZDOM
12884,ZDOM
13018,ZDOM
12938,ZDOM
11008,ZDOM
11362,ZDOM
12867,ZDOM
12989,ZDOM
10725,ZDOM
12805,ZDOM
10000,ZDOM
12950,ZDOM
10937,ZDOM
11943,ZDOM
10665,ZDOM
13182,ZDOM
10296,ZDOM
11482,ZDOM
12895,ZDOM
12318,ZDOM
10417,ZDOM
10862,ZDOM
11046,ZDOM
11207,ZDOM
12955,ZDOM
12303,ZDOM
10125,ZDOM
10348,ZDOM
12826,ZDOM
10257,ZDOM
13512,ZDOM
10017,ZDOM
12477,ZDOM
11267,ZDOM
11021,ZDOM
10834,ZDOM
13143,ZDOM
11510,ZDOM
13222,ZDOM
10272,ZDOM
13063,ZDOM
11596,ZDOM
13209,ZDOM
13106,ZDOM
11683,ZDOM
11658,ZDOM
12692,ZDOM
10745,ZDOM
11132,ZDOM
10375,ZDOM
13029,ZDOM
11517,ZDOM
10473,ZDOM
10047,ZDOM
13264,ZDOM
11920,ZDOM
10279,ZDOM
10335,ZDOM
12891,ZDOM
11206,ZDOM
10816,ZDOM
10863,ZDOM
11151,ZDOM
10257,ZDOM
11543,ZDOM
12766,ZDOM
11417,ZDOM
11514,ZDOM
13366,ZDOM
11491,ZDOM
10382,ZDOM
13004,ZDOM
13645,ZDOM
10479,ZDOM
12991,ZDOM
10219,ZDOM
13586,ZDOM
10031,ZDOM
11443,ZDOM
10632,ZDOM
10173,ZDOM
13312,ZDOM
11262,ZDOM
13067,ZDOM
10289,ZDOM
10373,ZDOM
10914,ZDOM
13055,ZDOM
12540,ZDOM
11971,ZDOM
12297,ZDOM
10057,ZDOM
11322,ZDOM
13263,ZDOM
12897,ZDOM
13790,ZDOM
12948,ZDOM
13567,ZDOM
10223,ZDOM
12983,ZDOM
10194,ZDOM
13222,ZDOM
12829,ZDOM
11287,ZDOM
12303,ZDOM
10790,ZDOM
12854,ZDOM
10310,ZDOM
12628,ZDOM
13624,ZDOM
11920,ZDOM
10432,ZDOM
11508,ZDOM
10420,ZDOM
10202,ZDOM
13061,ZDOM
11959,ZDOM
10368,ZDOM
13398,ZDOM
12979,ZDOM
13106,ZDOM
12955,ZDOM
10047,ZDOM
10138,ZDOM
10490,ZDOM
12901,ZDOM
12749,ZDOM
12867,ZDOM
11208,ZDOM
13250,ZDOM
13062,ZDOM
10272,ZDOM
13418,ZDOM
13208,ZDOM
10653,ZDOM
10829,ZDOM
11856,ZDOM
11458,ZDOM
10196,ZDOM
10348,ZDOM
13018,ZDOM
11843,ZDOM
11836,ZDOM
11207,ZDOM
13068,ZDOM
11857,ZDOM
13067,ZDOM
12313,ZDOM
11707,ZDOM
10335,ZDOM
10031,ZDOM
12964,ZDOM
12900,ZDOM
10862,ZDOM
13244,ZDOM
10650,ZDOM
10467,ZDOM
11412,ZDOM
11664,ZDOM
10654,ZDOM
11971,ZDOM
13143,ZDOM
10835,ZDOM
12766,ZDOM
12453,ZDOM
11483,ZDOM
12579,ZDOM
10625,ZDOM
13248,ZDOM
11336,ZDOM
12644,ZDOM
13586,ZDOM
12732,ZDOM
11772,ZDOM
10594,ZDOM
10863,ZDOM
11501,ZDOM
10519,ZDOM
10812,ZDOM
11446,ZDOM
11021,ZDOM
11587,ZDOM
10066,ZDOM
10320,ZDOM
13512,ZDOM
13498,ZDOM
10632,ZDOM
10834,ZDOM
13242,ZDOM
10590,ZDOM
10224,ZDOM
12897,ZDOM
10675,ZDOM
10569,ZDOM
13565,ZDOM
11692,ZDOM
12477,ZDOM
12257,ZDOM
10914,ZDOM
12752,ZDOM
12788,ZDOM
12080,ZDOM
10118,ZDOM
10225,ZDOM
11957,ZDOM
10690,ZDOM
11416,ZDOM
12958,ZDOM
12675,ZDOM
10591,ZDOM
11362,ZDOM
10422,ZDOM
11177,ZDOM
10816,ZDOM
12430,ZDOM
11262,ZDOM
10403,ZDOM
10000,ZDOM
13397,ZDOM
12766,ZDOM
13246,ZDOM
12926,ZDOM
11807,ZDOM
13209,ZDOM
12452,ZDOM
13366,ZDOM
11478,ZDOM
10219,ZDOM
10449,ZDOM
11132,ZDOM
12927,ZDOM
10187,ZDOM
11277,ZDOM
11517,ZDOM
12881,ZDOM
11942,ZDOM
12281,ZDOM
11263,ZDOM
11578,ZDOM
10289,ZDOM
10971,ZDOM
10115,ZDOM
12066,ZDOM
11943,ZDOM
13062,ZDOM
10832,ZDOM
11437,ZDOM
10736,ZDOM
11492,ZDOM
11578,ZDOM
12297,ZDOM
10721,ZDOM
11486,ZDOM
11640,ZDOM
10644,ZDOM
13707,ZDOM
12822,ZDOM
13243,ZDOM
10279,ZDOM
12715,ZDOM
11514,ZDOM
10427,ZDOM
12461,ZDOM
13312,ZDOM
13412,ZDOM
12121,ZDOM
11864,ZDOM
10858,ZDOM
10285,ZDOM
10017,ZDOM
11417,ZDOM
10125,ZDOM
11862,ZDOM
10452,ZDOM
11841,ZDOM
12591,ZDOM
13148,ZDOM
11322,ZDOM
13021,ZDOM
10502,ZDOM
11417,ZDOM
12991,ZDOM
12874,ZDOM
13645,ZDOM
13115,ZDOM
12081,ZDOM
12891,ZDOM
11914,ZDOM
10167,ZDOM
10670,ZDOM
12226,ZDOM
13247,ZDOM
11046,ZDOM
11153,ZDOM
10351,ZDOM
10863,ZDOM
13251,ZDOM
13497,ZDOM
13646,ZDOM
10491,ZDOM
11463,ZDOM
12318,ZDOM
13264,ZDOM
10382,ZDOM
10401,ZDOM
12138,ZDOM
11151,ZDOM
11505,ZDOM
13568,ZDOM
10665,ZDOM
13226,ZDOM
13397,ZDOM
11086,ZDOM
13032,ZDOM
10102,ZDOM
12721,ZDOM
10177,ZDOM
11562,ZDOM
12989,ZDOM
10810,ZDOM
11683,ZDOM
12692,ZDOM
13093,ZDOM
12782,ZDOM
10349,ZDOM
11491,ZDOM
10725,ZDOM
11867,ZDOM
10769,ZDOM
13243,ZDOM
10173,ZDOM
11510,ZDOM
12536,ZDOM
10449,ZDOM
10771,ZDOM
10937,ZDOM
10649,ZDOM
10002,ZDOM
11009,ZDOM
12826,ZDOM
12302,ZDOM
13029,ZDOM
10417,ZDOM
13182,ZDOM
13226,ZDOM
10745,ZDOM
10997,ZDOM
11482,ZDOM
12395,ZDOM
13053,ZDOM
11596,ZDOM
10935,ZDOM
13245,ZDOM
11412,ZDOM
12852,ZDOM
11453,ZDOM
13263,ZDOM
10940,ZDOM
10314,ZDOM
13006,ZDOM
10723,ZDOM
10479,ZDOM
10584,ZDOM
13496,ZDOM
10203,ZDOM
13215,ZDOM
13168,ZDOM
11469,ZDOM
11454,ZDOM
12724,ZDOM
10799,ZDOM
13249,ZDOM
11587,ZDOM
10339,ZDOM
13223,ZDOM
12989,ZDOM
12451,ZDOM
10540,ZDOM
11443,ZDOM
10389,ZDOM
13052,ZDOM
13790,ZDOM
12950,ZDOM
12726,ZDOM
10677,ZDOM
10367,ZDOM
12768,ZDOM
10928,ZDOM
13135,ZDOM
12711,ZDOM
13657,ZDOM
11433,ZDOM
10057,ZDOM
13174,ZDOM
11332,ZDOM
13004,ZDOM
10185,ZDOM
12802,ZDOM
11736,ZDOM
11268,ZDOM
13004,ZDOM
10000,ZDOM
13271,ZDOM
13342,ZDOM
13014,ZDOM
13336,ZDOM
10164,ZDOM
12966,ZDOM
12938,ZDOM
12626,ZDOM
11362,ZDOM
13006,ZDOM
10759,ZDOM
10769,ZDOM
11431,ZDOM
13253,ZDOM
10177,ZDOM
13511,ZDOM
12897,ZDOM
11417,ZDOM
13192,ZDOM
13127,ZDOM
11366,ZDOM
11914,ZDOM
13264,ZDOM
13208,ZDOM
11722,ZDOM
10725,ZDOM
11446,ZDOM
13790,ZDOM
13049,ZDOM
11132,ZDOM
10047,ZDOM
13334,ZDOM
12966,ZDOM
10257,ZDOM
13209,ZDOM
12926,ZDOM
12271,ZDOM
13563,ZDOM
13165,ZDOM
12729,ZDOM
10720,ZDOM
11206,ZDOM
11267,ZDOM
10368,ZDOM
12171,ZDOM
11664,ZDOM
10827,ZDOM
13392,ZDOM
12725,ZDOM
12728,ZDOM
11452,ZDOM
12645,ZDOM
11421,ZDOM
10790,ZDOM
12536,ZDOM
13148,ZDOM
10202,ZDOM
13055,ZDOM
12852,ZDOM
12624,ZDOM
11543,ZDOM
11857,ZDOM
13271,ZDOM
12628,ZDOM
10509,ZDOM
13093,ZDOM
12829,ZDOM
10940,ZDOM
11517,ZDOM
13412,ZDOM
10812,ZDOM
11046,ZDOM
10285,ZDOM
12553,ZDOM
10351,ZDOM
10225,ZDOM
11216,ZDOM
10219,ZDOM
12461,ZDOM
12927,ZDOM
12721,ZDOM
11562,ZDOM
12675,ZDOM
10123,ZDOM
13397,ZDOM
10287,ZDOM
13174,ZDOM
12924,ZDOM
13496,ZDOM
13139,ZDOM
13214,ZDOM
13182,ZDOM
13212,ZDOM
12729,ZDOM
12626,ZDOM
12979,ZDOM
13210,ZDOM
12452,ZDOM
10590,ZDOM
11692,ZDOM
12937,ZDOM
10138,ZDOM
10591,ZDOM
13383,ZDOM
11416,ZDOM
10277,ZDOM
12257,ZDOM
10031,ZDOM
12663,ZDOM
11957,ZDOM
10467,ZDOM
10705,ZDOM
10309,ZDOM
10829,ZDOM
10584,ZDOM
13135,ZDOM
10432,ZDOM
10185,ZDOM
11486,ZDOM
10653,ZDOM
13108,ZDOM
13511,ZDOM
13343,ZDOM
10753,ZDOM
13665,ZDOM
10649,ZDOM
10367,ZDOM
10194,ZDOM
10723,ZDOM
11690,ZDOM
11690,ZDOM
12871,ZDOM
11287,ZDOM
10902,ZDOM
10123,ZDOM
10501,ZDOM
13223,ZDOM
13645,ZDOM
10223,ZDOM
11336,ZDOM
10396,ZDOM
11510,ZDOM
12724,ZDOM
10422,ZDOM
11959,ZDOM
10448,ZDOM
13510,ZDOM
12313,ZDOM
10057,ZDOM
11021,ZDOM
13246,ZDOM
13115,ZDOM
13067,ZDOM
10449,ZDOM
12955,ZDOM
12735,ZDOM
10589,ZDOM
12822,ZDOM
12911,ZDOM
12674,ZDOM
10062,ZDOM
12715,ZDOM
11266,ZDOM
10769,ZDOM
12939,ZDOM
10349,ZDOM
10377,ZDOM
10162,ZDOM
10862,ZDOM
12782,ZDOM
11524,ZDOM
10997,ZDOM
10102,ZDOM
10721,ZDOM
13243,ZDOM
13418,ZDOM
12525,ZDOM
10163,ZDOM
10403,ZDOM
12430,ZDOM
10296,ZDOM
12830,ZDOM
10443,ZDOM
11514,ZDOM
13213,ZDOM
13105,ZDOM
13063,ZDOM
10456,ZDOM
10361,ZDOM
13151,ZDOM
10443,ZDOM
13249,ZDOM
10320,ZDOM
10694,ZDOM
12591,ZDOM
11470,ZDOM
13036,ZDOM
12761,ZDOM
10401,ZDOM
11501,ZDOM
11841,ZDOM
11587,ZDOM
10106,ZDOM
12990,ZDOM
12757,ZDOM
11215,ZDOM
11263,ZDOM
10344,ZDOM
12967,ZDOM
12802,ZDOM
11451,ZDOM
10000,ZDOM
10449,ZDOM
10501,ZDOM
11534,ZDOM
11920,ZDOM
11493,ZDOM
12964,ZDOM
12540,ZDOM
12788,ZDOM
11433,ZDOM
13624,ZDOM
11612,ZDOM
12733,ZDOM
13366,ZDOM
12938,ZDOM
13657,ZDOM
12905,ZDOM
10326,ZDOM
10447,ZDOM
13707,ZDOM
12958,ZDOM
11616,ZDOM
12999,ZDOM
12881,ZDOM
13109,ZDOM
10692,ZDOM
12851,ZDOM
13226,ZDOM
10491,ZDOM
12094,ZDOM
13070,ZDOM
10726,ZDOM
10690,ZDOM
12768,ZDOM
10729,ZDOM
10322,ZDOM
13408,ZDOM
12900,ZDOM
11008,ZDOM
10268,ZDOM
10125,ZDOM
10452,ZDOM
10206,ZDOM
10257,ZDOM
11843,ZDOM
12477,ZDOM
10705,ZDOM
12831,ZDOM
11415,ZDOM
12532,ZDOM
10420,ZDOM
13398,ZDOM
10650,ZDOM
10224,ZDOM
12297,ZDOM
12914,ZDOM
10834,ZDOM
13254,ZDOM
13062,ZDOM
10835,ZDOM
13113,ZDOM
10492,ZDOM
12854,ZDOM
12752,ZDOM
12579,ZDOM
10432,ZDOM
10928,ZDOM
11533,ZDOM
10633,ZDOM
12895,ZDOM
13061,ZDOM
13018,ZDOM
13398,ZDOM
10759,ZDOM
11009,ZDOM
12163,ZDOM
11942,ZDOM
13207,ZDOM
12991,ZDOM
13182,ZDOM
10654,ZDOM
10373,ZDOM
10281,ZDOM
13184,ZDOM
12281,ZDOM
13222,ZDOM
11491,ZDOM
11151,ZDOM
11449,ZDOM
10665,ZDOM
12029,ZDOM
12734,ZDOM
12452,ZDOM
12805,ZDOM
10947,ZDOM
11458,ZDOM
12029,ZDOM
11707,ZDOM
13418,ZDOM
12029,ZDOM
11596,ZDOM
10679,ZDOM
13567,ZDOM
11443,ZDOM
10720,ZDOM
10632,ZDOM
10947,ZDOM
10118,ZDOM
10625,ZDOM
10495,ZDOM
10723,ZDOM
10675,ZDOM
10194,ZDOM
12871,ZDOM
12666,ZDOM
13141,ZDOM
10492,ZDOM
10705,ZDOM
12852,ZDOM
13498,ZDOM
12864,ZDOM
12729,ZDOM
11416,ZDOM
13563,ZDOM
11415,ZDOM
11446,ZDOM
10753,ZDOM
13492,ZDOM
10443,ZDOM
12936,ZDOM
12831,ZDOM
12711,ZDOM
10163,ZDOM
13271,ZDOM
13693,ZDOM
13790,ZDOM
11508,ZDOM
10033,ZDOM
12226,ZDOM
10690,ZDOM
12640,ZDOM
13182,ZDOM
12237,ZDOM
10047,ZDOM
13150,ZDOM
10309,ZDOM
10377,ZDOM
10810,ZDOM
10881,ZDOM
10351,ZDOM
10123,ZDOM
10389,ZDOM
13248,ZDOM
13182,ZDOM
13067,ZDOM
10679,ZDOM
10595,ZDOM
10062,ZDOM
10491,ZDOM
12897,ZDOM
13105,ZDOM
10319,ZDOM
13063,ZDOM
11046,ZDOM
11943,ZDOM
12674,ZDOM
10164,ZDOM
13135,ZDOM
10335,ZDOM
10279,ZDOM
12966,ZDOM
12303,ZDOM
10449,ZDOM
11664,ZDOM
10705,ZDOM
11914,ZDOM
10650,ZDOM
13042,ZDOM
10326,ZDOM
12171,ZDOM
12580,ZDOM
11612,ZDOM
10654,ZDOM
11452,ZDOM
11486,ZDOM
13645,ZDOM
12663,ZDOM
13165,ZDOM
12715,ZDOM
13139,ZDOM
11445,ZDOM
11857,ZDOM
11517,ZDOM
11132,ZDOM
11470,ZDOM
11478,ZDOM
10479,ZDOM
13168,ZDOM
10863,ZDOM
13398,ZDOM
13497,ZDOM
12066,ZDOM
10123,ZDOM
12726,ZDOM
10670,ZDOM
12901,ZDOM
10057,ZDOM
11514,ZDOM
13657,ZDOM
12884,ZDOM
12430,ZDOM
10420,ZDOM
11726,ZDOM
12757,ZDOM
13456,ZDOM
13420,ZDOM
13106,ZDOM
13212,ZDOM
12979,ZDOM
12827,ZDOM
13146,ZDOM
12958,ZDOM
12735,ZDOM
12093,ZDOM
10368,ZDOM
11371,ZDOM
10863,ZDOM
13599,ZDOM
10995,ZDOM
10591,ZDOM
10310,ZDOM
10625,ZDOM
13178,ZDOM
13398,ZDOM
10138,ZDOM
13184,ZDOM
13263,ZDOM
10862,ZDOM
13068,ZDOM
12926,ZDOM
13250,ZDOM
10759,ZDOM
10467,ZDOM
13433,ZDOM
13565,ZDOM
13624,ZDOM
11658,ZDOM
13266,ZDOM
13125,ZDOM
10052,ZDOM
13665,ZDOM
12895,ZDOM
13056,ZDOM
12452,ZDOM
13225,ZDOM
10351,ZDOM
12869,ZDOM
12297,ZDOM
11207,ZDOM
10057,ZDOM
10225,ZDOM
13624,ZDOM
10349,ZDOM
12991,ZDOM
11132,ZDOM
12733,ZDOM
13586,ZDOM
12821,ZDOM
12676,ZDOM
13493,ZDOM
10375,ZDOM
12020,ZDOM
13253,ZDOM
11759,ZDOM
10000,ZDOM
11454,ZDOM
13246,ZDOM
11587,ZDOM
13342,ZDOM
13241,ZDOM
11336,ZDOM
13185,ZDOM
10816,ZDOM
13334,ZDOM
13790,ZDOM
13115,ZDOM
12999,ZDOM
13018,ZDOM
12726,ZDOM
11468,ZDOM
11997,ZDOM
12271,ZDOM
10670,ZDOM
10310,ZDOM
11505,ZDOM
13241,ZDOM
13420,ZDOM
10102,ZDOM
11722,ZDOM
13127,ZDOM
10000,ZDOM
10804,ZDOM
13141,ZDOM
10650,ZDOM
12847,ZDOM
10422,ZDOM
12991,ZDOM
13003,ZDOM
11458,ZDOM
13120,ZDOM
10033,ZDOM
13215,ZDOM
10761,ZDOM
10625,ZDOM
12897,ZDOM
12742,ZDOM
11445,ZDOM
13565,ZDOM
10759,ZDOM
12271,ZDOM
13139,ZDOM
11336,ZDOM
10720,ZDOM
10705,ZDOM
10912,ZDOM
12452,ZDOM
10123,ZDOM
10051,ZDOM
10285,ZDOM
11959,ZDOM
10654,ZDOM
10771,ZDOM
10723,ZDOM
12937,ZDOM
10314,ZDOM
13146,ZDOM
10774,ZDOM
11836,ZDOM
13264,ZDOM
12852,ZDOM
10509,ZDOM
12094,ZDOM
12430,ZDOM
13727,ZDOM
10278,ZDOM
10589,ZDOM
12730,ZDOM
10690,ZDOM
11332,ZDOM
10827,ZDOM
10206,ZDOM
10727,ZDOM
13063,ZDOM
11959,ZDOM
13185,ZDOM
13214,ZDOM
10289,ZDOM
13790,ZDOM
13211,ZDOM
10995,ZDOM
13184,ZDOM
13493,ZDOM
10349,ZDOM
10185,ZDOM
12645,ZDOM
12191,ZDOM
10417,ZDOM
10729,ZDOM
10679,ZDOM
10296,ZDOM
12978,ZDOM
12978,ZDOM
12897,ZDOM
11959,ZDOM
12920,ZDOM
10829,ZDOM
10289,ZDOM
13493,ZDOM
10417,ZDOM
13120,ZDOM
10654,ZDOM
12991,ZDOM
12742,ZDOM
12937,ZDOM
12831,ZDOM
10723,ZDOM
10033,ZDOM
13215,ZDOM
10422,ZDOM
10771,ZDOM
13565,ZDOM
11336,ZDOM
10163,ZDOM
13266,ZDOM
10625,ZDOM
13241,ZDOM
12735,ZDOM
10761,ZDOM
10000,ZDOM
12645,ZDOM
12271,ZDOM
12911,ZDOM
13790,ZDOM
10278,ZDOM
12847,ZDOM
10185,ZDOM
13146,ZDOM
11458,ZDOM
13211,ZDOM
10729,ZDOM
12094,ZDOM
12452,ZDOM
12820,ZDOM
10759,ZDOM
10102,ZDOM
12979,ZDOM
10509,ZDOM
10388,ZDOM
10720,ZDOM
10206,ZDOM
11836,ZDOM
12852,ZDOM
10155,ZDOM
13003,ZDOM
11722,ZDOM
10727,ZDOM
13141,ZDOM
10690,ZDOM
10804,ZDOM
10123,ZDOM
11445,ZDOM
10705,ZDOM
10373,ZDOM
12191,ZDOM
12430,ZDOM
12740,ZDOM
11216,ZDOM
10595,ZDOM
10862,ZDOM
13343,ZDOM
10456,ZDOM
11454,ZDOM
11206,ZDOM
10320,ZDOM
11416,ZDOM
10123,ZDOM
13657,ZDOM
10467,ZDOM
11443,ZDOM
13207,ZDOM
13251,ZDOM
12782,ZDOM
13397,ZDOM
11446,ZDOM
12318,ZDOM
10816,ZDOM
11208,ZDOM
13790,ZDOM
10625,ZDOM
11449,ZDOM
13342,ZDOM
12788,ZDOM
10670,ZDOM
10479,ZDOM
10432,ZDOM
13108,ZDOM
11510,ZDOM
10584,ZDOM
10632,ZDOM
10725,ZDOM
13056,ZDOM
13182,ZDOM
10591,ZDOM
12532,ZDOM
12728,ZDOM
10310,ZDOM
12983,ZDOM
10670,ZDOM
13226,ZDOM
11153,ZDOM
13646,ZDOM
10479,ZDOM
12782,ZDOM
13246,ZDOM
12966,ZDOM
12749,ZDOM
10836,ZDOM
12318,ZDOM
10310,ZDOM
10311,ZDOM
10584,ZDOM
11449,ZDOM
10649,ZDOM
10937,ZDOM
10862,ZDOM
10491,ZDOM
10736,ZDOM
10031,ZDOM
10320,ZDOM
11971,ZDOM
13397,ZDOM
13657,ZDOM
12453,ZDOM
12624,ZDOM
10202,ZDOM
11437,ZDOM
10223,ZDOM
12802,ZDOM
10584,ZDOM
12303,ZDOM
12936,ZDOM
13420,ZDOM
11009,ZDOM
10285,ZDOM
13107,ZDOM
10422,ZDOM
10102,ZDOM
13250,ZDOM
11942,ZDOM
13106,ZDOM
10185,ZDOM
12624,ZDOM
13247,ZDOM
12752,ZDOM
11501,ZDOM
11336,ZDOM
12172,ZDOM
12990,ZDOM
10257,ZDOM
10287,ZDOM
12734,ZDOM
12532,ZDOM
13342,ZDOM
11911,ZDOM
11437,ZDOM
10720,ZDOM
11887,ZDOM
10653,ZDOM
10344,ZDOM
11493,ZDOM
13168,ZDOM
10375,ZDOM
11664,ZDOM
10320,ZDOM
12958,ZDOM
12949,ZDOM
10163,ZDOM
12548,ZDOM
13134,ZDOM
12451,ZDOM
10257,ZDOM
10279,ZDOM
10456,ZDOM
12742,ZDOM
10690,ZDOM
10177,ZDOM
11683,ZDOM
10937,ZDOM
10314,ZDOM
10147,ZDOM
10187,ZDOM
13056,ZDOM
10374,ZDOM
12761,ZDOM
11021,ZDOM
10361,ZDOM
10286,ZDOM
12817,ZDOM
11865,ZDOM
10449,ZDOM
10031,ZDOM
10173,ZDOM
10344,ZDOM
10835,ZDOM
13032,ZDOM
13014,ZDOM
11416,ZDOM
12768,ZDOM
12452,ZDOM
11206,ZDOM
10694,ZDOM
10862,ZDOM
13182,ZDOM
10914,ZDOM
13109,ZDOM
10432,ZDOM
13264,ZDOM
13646,ZDOM
12163,ZDOM
11215,ZDOM
11435,ZDOM
10057,ZDOM
10490,ZDOM
10219,ZDOM
12991,ZDOM
11008,ZDOM
13251,ZDOM
13041,ZDOM
11971,ZDOM
10403,ZDOM
11267,ZDOM
10649,ZDOM
12297,ZDOM
10590,ZDOM
11449,ZDOM
10310,ZDOM
12966,ZDOM
12692,ZDOM
11446,ZDOM
12801,ZDOM
13182,ZDOM
12020,ZDOM
11500,ZDOM
10467,ZDOM
10373,ZDOM
10375,ZDOM
10479,ZDOM
11543,ZDOM
12805,ZDOM
10396,ZDOM
13068,ZDOM
10654,ZDOM
11943,ZDOM
11864,ZDOM
12029,ZDOM
11562,ZDOM
10644,ZDOM
11031,ZDOM
12826,ZDOM
13115,ZDOM
13150,ZDOM
11856,ZDOM
13246,ZDOM
10540,ZDOM
12726,ZDOM
10753,ZDOM
13063,ZDOM
10625,ZDOM
10591,ZDOM
11857,ZDOM
11838,ZDOM
11691,ZDOM
13207,ZDOM
10194,ZDOM
10047,ZDOM
12638,ZDOM
10202,ZDOM
13120,ZDOM
11287,ZDOM
12847,ZDOM
10947,ZDOM
13408,ZDOM
10902,ZDOM
12029,ZDOM
12905,ZDOM
11616,ZDOM
13312,ZDOM
11046,ZDOM
13248,ZDOM
13070,ZDOM
11463,ZDOM
12591,ZDOM
12540,ZDOM
12802,ZDOM
13215,ZDOM
10799,ZDOM
12938,ZDOM
12257,ZDOM
11612,ZDOM
11514,ZDOM
11322,ZDOM
12937,ZDOM
10001,ZDOM
12767,ZDOM
13657,ZDOM
10115,ZDOM
10447,ZDOM
10836,ZDOM
13208,ZDOM
10449,ZDOM
13241,ZDOM
10491,ZDOM
12732,ZDOM
11726,ZDOM
12644,ZDOM
11177,ZDOM
12138,ZDOM
12628,ZDOM
11262,ZDOM
10382,ZDOM
13226,ZDOM
11431,ZDOM
13108,ZDOM
11726,ZDOM
11492,ZDOM
10492,ZDOM
11888,ZDOM
12669,ZDOM
10401,ZDOM
10745,ZDOM
10272,ZDOM
12281,ZDOM
10569,ZDOM
10326,ZDOM
11794,ZDOM
11478,ZDOM
12430,ZDOM
13151,ZDOM
10223,ZDOM
13366,ZDOM
13109,ZDOM
11857,ZDOM
11421,ZDOM
13207,ZDOM
11437,ZDOM
10753,ZDOM
11021,ZDOM
10031,ZDOM
10219,ZDOM
10653,ZDOM
12644,ZDOM
11446,ZDOM
13014,ZDOM
12734,ZDOM
11453,ZDOM
10375,ZDOM
13108,ZDOM
10540,ZDOM
12640,ZDOM
10320,ZDOM
10790,ZDOM
13646,ZDOM
11431,ZDOM
11046,ZDOM
11616,ZDOM
13693,ZDOM
13251,ZDOM
10836,ZDOM
11612,ZDOM
10066,ZDOM
10862,ZDOM
12451,ZDOM
10257,ZDOM
12802,ZDOM
11112,ZDOM
11008,ZDOM
11971,ZDOM
10401,ZDOM
12782,ZDOM
13143,ZDOM
11267,ZDOM
10690,ZDOM
10432,ZDOM
12905,ZDOM
12937,ZDOM
10177,ZDOM
10377,ZDOM
10167,ZDOM
12801,ZDOM
12726,ZDOM
12692,ZDOM
13182,ZDOM
11449,ZDOM
11416,ZDOM
10937,ZDOM
11942,ZDOM
10632,ZDOM
12895,ZDOM
12732,ZDOM
12029,ZDOM
11492,ZDOM
13004,ZDOM
11207,ZDOM
10422,ZDOM
11514,ZDOM
12297,ZDOM
10649,ZDOM
10285,ZDOM
12989,ZDOM
13334,ZDOM
12822,ZDOM
13208,ZDOM
11888,ZDOM
10590,ZDOM
13249,ZDOM
11726,ZDOM
12020,ZDOM
10287,ZDOM
10102,ZDOM
12430,ZDOM
10115,ZDOM
10375,ZDOM
11454,ZDOM
13115,ZDOM
10389,ZDOM
13168,ZDOM
10947,ZDOM
11215,ZDOM
11718,ZDOM
12955,ZDOM
13442,ZDOM
11501,ZDOM
10396,ZDOM
11543,ZDOM
13250,ZDOM
10694,ZDOM
13241,ZDOM
13115,ZDOM
10677,ZDOM
10118,ZDOM
10490,ZDOM
13312,ZDOM
13264,ZDOM
12172,ZDOM
12752,ZDOM
10584,ZDOM
12532,ZDOM
12767,ZDOM
12626,ZDOM
10351,ZDOM
10835,ZDOM
13182,ZDOM
12991,ZDOM
10001,ZDOM
13093,ZDOM
11911,ZDOM
11009,ZDOM
12548,ZDOM
12958,ZDOM
13657,ZDOM
12936,ZDOM
10654,ZDOM
10374,ZDOM
12163,ZDOM
12761,ZDOM
13056,ZDOM
10076,ZDOM
12452,ZDOM
12966,ZDOM
10173,ZDOM
12477,ZDOM
11031,ZDOM
10720,ZDOM
11942,ZDOM
10257,ZDOM
10452,ZDOM
12990,ZDOM
12938,ZDOM
10185,ZDOM
11493,ZDOM
11206,ZDOM
11498,ZDOM
11287,ZDOM
12628,ZDOM
12669,ZDOM
12768,ZDOM
13150,ZDOM
10902,ZDOM
11500,ZDOM
11664,ZDOM
13246,ZDOM
11486,ZDOM
11838,ZDOM
11336,ZDOM
12817,ZDOM
11262,ZDOM
10665,ZDOM
13223,ZDOM
10202,ZDOM
12540,ZDOM
10194,ZDOM
11794,ZDOM
10997,ZDOM
12138,ZDOM
10403,ZDOM
10375,ZDOM
10625,ZDOM
13120,ZDOM
13107,ZDOM
11562,ZDOM
11517,ZDOM
12829,ZDOM
11587,ZDOM
13215,ZDOM
11865,ZDOM
13215,ZDOM
13646,ZDOM
11483,ZDOM
11454,ZDOM
10677,ZDOM
12874,ZDOM
11543,ZDOM
10339,ZDOM
10490,ZDOM
10118,ZDOM
10914,ZDOM
11453,ZDOM
13251,ZDOM
11838,ZDOM
10047,ZDOM
11498,ZDOM
11562,ZDOM
12638,ZDOM
13107,ZDOM
13115,ZDOM
11031,ZDOM
10644,ZDOM
10649,ZDOM
11943,ZDOM
13068,ZDOM
12729,ZDOM
10194,ZDOM
10665,ZDOM
11691,ZDOM
11009,ZDOM
13063,ZDOM
11046,ZDOM
10836,ZDOM
13143,ZDOM
11446,ZDOM
11726,ZDOM
10491,ZDOM
12257,ZDOM
10799,ZDOM
11478,ZDOM
10173,ZDOM
10584,ZDOM
11864,ZDOM
12726,ZDOM
11856,ZDOM
13408,ZDOM
10862,ZDOM
13182,ZDOM
11215,ZDOM
10790,ZDOM
13246,ZDOM
10401,ZDOM
11911,ZDOM
11942,ZDOM
12303,ZDOM
10076,ZDOM
13250,ZDOM
12395,ZDOM
11463,ZDOM
12591,ZDOM
12138,ZDOM
13247,ZDOM
10449,ZDOM
10167,ZDOM
12644,ZDOM
11021,ZDOM
12281,ZDOM
10377,ZDOM
10279,ZDOM
11616,ZDOM
13312,ZDOM
10115,ZDOM
12829,ZDOM
12624,ZDOM
12938,ZDOM
10382,ZDOM
10492,ZDOM
10286,ZDOM
12966,ZDOM
12020,ZDOM
11437,ZDOM
10422,ZDOM
13693,ZDOM
13150,ZDOM
11692,ZDOM
10540,ZDOM
12802,ZDOM
10123,ZDOM
12826,ZDOM
10031,ZDOM
11865,ZDOM
10361,ZDOM
11514,ZDOM
10147,ZDOM
10314,ZDOM
11683,ZDOM
13207,ZDOM
10344,ZDOM
13106,ZDOM
12302,ZDOM
13151,ZDOM
10223,ZDOM
10272,ZDOM
10569,ZDOM
13366,ZDOM
12949,ZDOM
10456,ZDOM
10163,ZDOM
12958,ZDOM
11664,ZDOM
13014,ZDOM
11416,ZDOM
10344,ZDOM
11287,ZDOM
13041,ZDOM
11501,ZDOM
13342,ZDOM
13624,ZDOM
10753,ZDOM
10320,ZDOM
12734,ZDOM
10202,ZDOM
11707,ZDOM
10351,ZDOM
11492,ZDOM
10467,ZDOM
10590,ZDOM
12297,ZDOM
11449,ZDOM
12692,ZDOM
13168,ZDOM
13032,ZDOM
12761,ZDOM
13249,ZDOM
10057,ZDOM
10479,ZDOM
10173,ZDOM
13646,ZDOM
13208,ZDOM
10997,ZDOM
10862,ZDOM
10351,ZDOM
11021,ZDOM
10694,ZDOM
13182,ZDOM
10677,ZDOM
12966,ZDOM
12726,ZDOM
10031,ZDOM
11009,ZDOM
12302,ZDOM
13115,ZDOM
11596,ZDOM
10452,ZDOM
10540,ZDOM
13107,ZDOM
11031,ZDOM
11616,ZDOM
11207,ZDOM
11864,ZDOM
12829,ZDOM
10649,ZDOM
10490,ZDOM
10194,ZDOM
13342,ZDOM
10066,ZDOM
10320,ZDOM
12395,ZDOM
11177,ZDOM
11437,ZDOM
11514,ZDOM
13226,ZDOM
11492,ZDOM
11287,ZDOM
10389,ZDOM
10937,ZDOM
10584,ZDOM
10790,ZDOM
13312,ZDOM
12138,ZDOM
10449,ZDOM
10115,ZDOM
11726,ZDOM
11683,ZDOM
10479,ZDOM
10836,ZDOM
10401,ZDOM
11501,ZDOM
10753,ZDOM
12692,ZDOM
13366,ZDOM
12257,ZDOM
11449,ZDOM
11446,ZDOM
10590,ZDOM
12938,ZDOM
12297,ZDOM
10591,ZDOM
11562,ZDOM
11262,ZDOM
11215,ZDOM
10377,ZDOM
11942,ZDOM
11263,ZDOM
12644,ZDOM
12532,ZDOM
12761,ZDOM
13143,ZDOM
11838,ZDOM
12958,ZDOM
10202,ZDOM
11707,ZDOM
13250,ZDOM
12817,ZDOM
12734,ZDOM
12802,ZDOM
13150,ZDOM
13182,ZDOM
11942,ZDOM
11911,ZDOM
11416,ZDOM
13106,ZDOM
10314,ZDOM
10344,ZDOM
13420,ZDOM
13115,ZDOM
11021,ZDOM
13063,ZDOM
10456,ZDOM
10047,ZDOM
11435,ZDOM
10344,ZDOM
12874,ZDOM
13014,ZDOM
11021,ZDOM
11500,ZDOM
13115,ZDOM
10194,ZDOM
13165,ZDOM
10492,ZDOM
11482,ZDOM
13168,ZDOM
10720,ZDOM
12303,ZDOM
10279,ZDOM
10382,ZDOM
10401,ZDOM
13226,ZDOM
10625,ZDOM
10219,ZDOM
12938,ZDOM
10268,ZDOM
10725,ZDOM
11865,ZDOM
10123,ZDOM
10816,ZDOM
11664,ZDOM
12734,ZDOM
10937,ZDOM
11446,ZDOM
12477,ZDOM
12532,ZDOM
10031,ZDOM
12829,ZDOM
11864,ZDOM
13070,ZDOM
10490,ZDOM
13246,ZDOM
11177,ZDOM
12029,ZDOM
10443,ZDOM
13366,ZDOM
13056,ZDOM
12830,ZDOM
11493,ZDOM
13108,ZDOM
13250,ZDOM
12029,ZDOM
10449,ZDOM
13383,ZDOM
10835,ZDOM
11543,ZDOM
11008,ZDOM
12163,ZDOM
12761,ZDOM
11478,ZDOM
12171,ZDOM
13253,ZDOM
13207,ZDOM
12302,ZDOM
10422,ZDOM
10595,ZDOM
12068,ZDOM
10187,ZDOM
13109,ZDOM
13397,ZDOM
10272,ZDOM
13334,ZDOM
11959,ZDOM
10584,ZDOM
11216,ZDOM
10118,ZDOM
10914,ZDOM
11888,ZDOM
12312,ZDOM
13175,ZDOM
12321,ZDOM
11102,ZDOM
12581,ZDOM
11948,ZDOM
12848,ZDOM
12848,ZDOM
11952,ZDOM
12843,ZDOM
10866,ZDOM
11978,ZDOM
10924,ZDOM
12547,ZDOM
12023,ZDOM
12647,ZDOM
11346,ZDOM
12091,ZDOM
11618,ZDOM
10978,ZDOM
11701,ZDOM
11917,ZDOM
12321,ZDOM
12637,ZDOM
12637,ZDOM
12008,ZDOM
12596,ZDOM
11950,ZDOM
10924,ZDOM
12823,ZDOM
11642,ZDOM
11947,ZDOM
11236,ZDOM
12312,ZDOM
11861,ZDOM
11949,ZDOM
12561,ZDOM
12647,ZDOM
13051,ZDOM
11796,ZDOM
12912,ZDOM
12664,ZDOM
10975,ZDOM
13643,ZDOM
11710,ZDOM
12848,ZDOM
11952,ZDOM
13793,ZDOM
12960,ZDOM
11876,ZDOM
13175,ZDOM
10975,ZDOM
12848,ZDOM
12596,ZDOM
11978,ZDOM
11947,ZDOM
11796,ZDOM
12547,ZDOM
11710,ZDOM
11102,ZDOM
13051,ZDOM
11951,ZDOM
12021,ZDOM
12561,ZDOM
12312,ZDOM
11899,ZDOM
12664,ZDOM
12637,ZDOM
10975,ZDOM
12647,ZDOM
10866,ZDOM
12023,ZDOM
10885,ZDOM
12008,ZDOM
11948,ZDOM
12647,ZDOM
12043,ZDOM
12912,ZDOM
11949,ZDOM
12637,ZDOM
11618,ZDOM
10813,ZDOM
11876,ZDOM
11642,ZDOM
11917,ZDOM
11091,ZDOM
12823,ZDOM
11899,ZDOM
12637,ZDOM
12017,ZDOM
11948,ZDOM
10975,ZDOM
13111,ZDOM
11947,ZDOM
11978,ZDOM
12091,ZDOM
12777,ZDOM
11949,ZDOM
12008,ZDOM
10813,ZDOM
11861,ZDOM
11777,ZDOM
11950,ZDOM
12596,ZDOM
10975,ZDOM
11797,ZDOM
12023,ZDOM
11653,ZDOM
12664,ZDOM
11796,ZDOM
11710,ZDOM
12818,ZDOM
12845,ZDOM
12541,ZDOM
11777,ZDOM
13025,ZDOM
13024,ZDOM
13551,ZDOM
12021,ZDOM
13116,ZDOM
12777,ZDOM
12912,ZDOM
12262,ZDOM
11906,ZDOM
13119,ZDOM
13190,ZDOM
11363,ZDOM
12959,ZDOM
12940,ZDOM
12959,ZDOM
12296,ZDOM
12079,ZDOM
12079,ZDOM
12182,ZDOM
12079,ZDOM
13219,ZDOM
11737,ZDOM
12006,ZDOM
13457,ZDOM
11980,ZDOM
11778,ZDOM
11238,ZDOM
11789,ZDOM
11921,ZDOM
11979,ZDOM
11705,ZDOM
11737,ZDOM
12865,ZDOM
11653,ZDOM
12961,ZDOM
12773,ZDOM
11260,ZDOM
11928,ZDOM
12957,ZDOM
13191,ZDOM
10975,ZDOM
10744,ZDOM
12940,ZDOM
11221,ZDOM
13218,ZDOM
11901,ZDOM
11929,ZDOM
11582,ZDOM
10929,ZDOM
11827,ZDOM
12569,ZDOM
13198,ZDOM
11091,ZDOM
11903,ZDOM
13179,ZDOM
12555,ZDOM
12471,ZDOM
13157,ZDOM
11847,ZDOM
11748,ZDOM
11672,ZDOM
12679,ZDOM
12069,ZDOM
12671,ZDOM
12969,ZDOM
12702,ZDOM
11996,ZDOM
13097,ZDOM
13403,ZDOM
13570,ZDOM
11927,ZDOM
12718,ZDOM
13570,ZDOM
12912,ZDOM
12137,ZDOM
11747,ZDOM
12960,ZDOM
11201,ZDOM
10851,ZDOM
11110,ZDOM
11568,ZDOM
12541,ZDOM
12962,ZDOM
12491,ZDOM
13025,ZDOM
11848,ZDOM
13405,ZDOM
11710,ZDOM
12137,ZDOM
13220,ZDOM
13198,ZDOM
10906,ZDOM
13096,ZDOM
12992,ZDOM
11762,ZDOM
12960,ZDOM
11140,ZDOM
12555,ZDOM
12988,ZDOM
11407,ZDOM
13130,ZDOM
13039,ZDOM
11306,ZDOM
13643,ZDOM
13000,ZDOM
12220,ZDOM
12019,ZDOM
13597,ZDOM
13172,ZDOM
12131,ZDOM
11708,ZDOM
12179,ZDOM
12777,ZDOM
12042,ZDOM
13180,ZDOM
10906,ZDOM
11927,ZDOM
12845,ZDOM
12988,ZDOM
13180,ZDOM
12101,ZDOM
11566,ZDOM
13175,ZDOM
11762,ZDOM
11557,ZDOM
13179,ZDOM
13598,ZDOM
13171,ZDOM
11140,ZDOM
11221,ZDOM
11777,ZDOM
11161,ZDOM
11363,ZDOM
13066,ZDOM
12079,ZDOM
11186,ZDOM
11689,ZDOM
13405,ZDOM
11441,ZDOM
13171,ZDOM
12321,ZDOM
11951,ZDOM
10851,ZDOM
12680,ZDOM
11346,ZDOM
11778,ZDOM
12321,ZDOM
12001,ZDOM
12823,ZDOM
11634,ZDOM
13069,ZDOM
13096,ZDOM
12969,ZDOM
11737,ZDOM
11110,ZDOM
13597,ZDOM
10975,ZDOM
11899,ZDOM
11737,ZDOM
12647,ZDOM
13024,ZDOM
13218,ZDOM
11582,ZDOM
11827,ZDOM
11519,ZDOM
11642,ZDOM
13149,ZDOM
11921,ZDOM
11161,ZDOM
11906,ZDOM
10978,ZDOM
11641,ZDOM
11568,ZDOM
12139,ZDOM
13428,ZDOM
12773,ZDOM
12261,ZDOM
12312,ZDOM
12777,ZDOM
11555,ZDOM
13026,ZDOM
12716,ZDOM
11988,ZDOM
13403,ZDOM
12137,ZDOM
11762,ZDOM
11653,ZDOM
13130,ZDOM
12969,ZDOM
10866,ZDOM
12079,ZDOM
11961,ZDOM
12637,ZDOM
12957,ZDOM
12647,ZDOM
12004,ZDOM
13551,ZDOM
12547,ZDOM
12755,ZDOM
11238,ZDOM
12889,ZDOM
12092,ZDOM
11797,ZDOM
11260,ZDOM
11102,ZDOM
11889,ZDOM
12664,ZDOM
12671,ZDOM
13157,ZDOM
10966,ZDOM
11542,ZDOM
11762,ZDOM
11956,ZDOM
13172,ZDOM
11789,ZDOM
12969,ZDOM
11346,ZDOM
11934,ZDOM
11618,ZDOM
12671,ZDOM
13404,ZDOM
10924,ZDOM
12962,ZDOM
11973,ZDOM
12006,ZDOM
12220,ZDOM
11617,ZDOM
11928,ZDOM
11705,ZDOM
12969,ZDOM
11787,ZDOM
11140,ZDOM
12833,ZDOM
12876,ZDOM
11955,ZDOM
11582,ZDOM
12527,ZDOM
12022,ZDOM
11929,ZDOM
12957,ZDOM
10885,ZDOM
13024,ZDOM
10904,ZDOM
13403,ZDOM
12841,ZDOM
10885,ZDOM
12909,ZDOM
11933,ZDOM
12261,ZDOM
11588,ZDOM
12164,ZDOM
12314,ZDOM
11996,ZDOM
10794,ZDOM
11102,ZDOM
12848,ZDOM
11989,ZDOM
12893,ZDOM
11301,ZDOM
10955,ZDOM
11919,ZDOM
12182,ZDOM
12865,ZDOM
13428,ZDOM
12296,ZDOM
13137,ZDOM
10877,ZDOM
12887,ZDOM
10826,ZDOM
11221,ZDOM
12541,ZDOM
11689,ZDOM
13643,ZDOM
13509,ZDOM
12186,ZDOM
13065,ZDOM
11979,ZDOM
11956,ZDOM
13198,ZDOM
11956,ZDOM
10866,ZDOM
11762,ZDOM
12702,ZDOM
13171,ZDOM
10906,ZDOM
12137,ZDOM
13039,ZDOM
12960,ZDOM
12940,ZDOM
13069,ZDOM
11407,ZDOM
12823,ZDOM
13457,ZDOM
12912,ZDOM
11921,ZDOM
12680,ZDOM
11901,ZDOM
11848,ZDOM
11778,ZDOM
10966,ZDOM
13382,ZDOM
12042,ZDOM
12843,ZDOM
12637,ZDOM
13175,ZDOM
11708,ZDOM
12541,ZDOM
11221,ZDOM
12182,ZDOM
12680,ZDOM
12843,ZDOM
13171,ZDOM
12042,ZDOM
11973,ZDOM
11102,ZDOM
11996,ZDOM
13119,ZDOM
11407,ZDOM
12321,ZDOM
10924,ZDOM
11346,ZDOM
11110,ZDOM
12940,ZDOM
12220,ZDOM
13069,ZDOM
11777,ZDOM
10975,ZDOM
11919,ZDOM
12679,ZDOM
11956,ZDOM
11737,ZDOM
12876,ZDOM
13172,ZDOM
12702,ZDOM
12893,ZDOM
13039,ZDOM
11952,ZDOM
13190,ZDOM
11787,ZDOM
12321,ZDOM
10885,ZDOM
11789,ZDOM
11989,ZDOM
13457,ZDOM
11221,ZDOM
11934,ZDOM
13793,ZDOM
13570,ZDOM
11950,ZDOM
12940,ZDOM
11546,ZDOM
11933,ZDOM
11778,ZDOM
12312,ZDOM
13157,ZDOM
13570,ZDOM
12541,ZDOM
11301,ZDOM
11582,ZDOM
12647,ZDOM
13405,ZDOM
13643,ZDOM
11588,ZDOM
10978,ZDOM
12777,ZDOM
13116,ZDOM
10866,ZDOM
11901,ZDOM
12022,ZDOM
12296,ZDOM
12164,ZDOM
11955,ZDOM
11701,ZDOM
12969,ZDOM
12912,ZDOM
12547,ZDOM
13025,ZDOM
11689,ZDOM
13024,ZDOM
11603,ZDOM
11956,ZDOM
13171,ZDOM
11653,ZDOM
12959,ZDOM
13382,ZDOM
12957,ZDOM
12647,ZDOM
13457,ZDOM
11989,ZDOM
12777,ZDOM
12773,ZDOM
11901,ZDOM
10885,ZDOM
12647,ZDOM
13570,ZDOM
11961,ZDOM
12541,ZDOM
11919,ZDOM
11588,ZDOM
11955,ZDOM
12596,ZDOM
11777,ZDOM
12959,ZDOM
13198,ZDOM
12912,ZDOM
11956,ZDOM
12717,ZDOM
11789,ZDOM
12848,ZDOM
11778,ZDOM
11996,ZDOM
13190,ZDOM
12876,ZDOM
10924,ZDOM
13097,ZDOM
13570,ZDOM
11653,ZDOM
13172,ZDOM
11221,ZDOM
13293,ZDOM
11642,ZDOM
12879,ZDOM
13035,ZDOM
13169,ZDOM
11936,ZDOM
12678,ZDOM
13670,ZDOM
11902,ZDOM
11902,ZDOM
12879,ZDOM
12878,ZDOM
12139,ZDOM
13035,ZDOM
12139,ZDOM
13169,ZDOM
13696,ZDOM
12903,ZDOM
12779,ZDOM
11980,ZDOM
13026,ZDOM
13180,ZDOM
11899,ZDOM
12637,ZDOM
12131,ZDOM
11762,ZDOM
10975,ZDOM
12137,ZDOM
12091,ZDOM
13403,ZDOM
10906,ZDOM
11672,ZDOM
11762,ZDOM
11557,ZDOM
11927,ZDOM
10885,ZDOM
12561,ZDOM
12755,ZDOM
13026,ZDOM
12969,ZDOM
12992,ZDOM
11568,ZDOM
12079,ZDOM
11140,ZDOM
11737,ZDOM
12021,ZDOM
13180,ZDOM
12969,ZDOM
13218,ZDOM
11653,ZDOM
13149,ZDOM
12296,ZDOM
12680,ZDOM
12823,ZDOM
12647,ZDOM
12777,ZDOM
12503,ZDOM
11221,ZDOM
11110,ZDOM
13096,ZDOM
11762,ZDOM
10929,ZDOM
10978,ZDOM
11441,ZDOM
12334,ZDOM
13171,ZDOM
12321,ZDOM
12101,ZDOM
10924,ZDOM
12177,ZDOM
12988,ZDOM
13405,ZDOM
13066,ZDOM
11186,ZDOM
12079,ZDOM
12848,ZDOM
11568,ZDOM
12006,ZDOM
11777,ZDOM
13119,ZDOM
13035,ZDOM
11927,ZDOM
13551,ZDOM
13598,ZDOM
11566,ZDOM
12957,ZDOM
11546,ZDOM
11555,ZDOM
10851,ZDOM
11346,ZDOM
13526,ZDOM
11102,ZDOM
11861,ZDOM
13509,ZDOM
13065,ZDOM
12716,ZDOM
10744,ZDOM
11789,ZDOM
13190,ZDOM
11705,ZDOM
12637,ZDOM
13428,ZDOM
12679,ZDOM
11737,ZDOM
11778,ZDOM
12026,ZDOM
11934,ZDOM
13220,ZDOM
11634,ZDOM
11238,ZDOM
12001,ZDOM
12959,ZDOM
11921,ZDOM
13069,ZDOM
11557,ZDOM
12164,ZDOM
11919,ZDOM
11582,ZDOM
11519,ZDOM
11641,ZDOM
11161,ZDOM
11827,ZDOM
11906,ZDOM
12841,ZDOM
11238,ZDOM
13597,ZDOM
12261,ZDOM
10894,ZDOM
13026,ZDOM
13116,ZDOM
10866,ZDOM
11689,ZDOM
12972,ZDOM
13130,ZDOM
12671,ZDOM
13403,ZDOM
11701,ZDOM
11988,ZDOM
12748,ZDOM
13179,ZDOM
11889,ZDOM
10991,ZDOM
10826,ZDOM
12186,ZDOM
10885,ZDOM
12541,ZDOM
12137,ZDOM
11762,ZDOM
11260,ZDOM
10924,ZDOM
11952,ZDOM
11738,ZDOM
12969,ZDOM
11901,ZDOM
11407,ZDOM
13643,ZDOM
11973,ZDOM
10877,ZDOM
12537,ZDOM
11708,ZDOM
13129,ZDOM
12845,ZDOM
12179,ZDOM
13570,ZDOM
12773,ZDOM
13001,ZDOM
12004,ZDOM
11363,ZDOM
11710,ZDOM
12647,ZDOM
12262,ZDOM
11161,ZDOM
13219,ZDOM
11933,ZDOM
11787,ZDOM
11928,ZDOM
11777,ZDOM
13157,ZDOM
12137,ZDOM
12541,ZDOM
11952,ZDOM
10866,ZDOM
12717,ZDOM
11346,ZDOM
13025,ZDOM
12312,ZDOM
11989,ZDOM
13171,ZDOM
11102,ZDOM
10924,ZDOM
12702,ZDOM
12843,ZDOM
13039,ZDOM
12664,ZDOM
11956,ZDOM
12957,ZDOM
12848,ZDOM
13175,ZDOM
11973,ZDOM
11582,ZDOM
13643,ZDOM
10885,ZDOM
11407,ZDOM
11950,ZDOM
12321,ZDOM
12777,ZDOM
12596,ZDOM
11221,ZDOM
12182,ZDOM
12679,ZDOM
10978,ZDOM
13570,ZDOM
13570,ZDOM
11933,ZDOM
12959,ZDOM
12680,ZDOM
10924,ZDOM
12547,ZDOM
12647,ZDOM
11363,ZDOM
11110,ZDOM
11519,ZDOM
12296,ZDOM
11848,ZDOM
12503,ZDOM
11161,ZDOM
11848,ZDOM
13216,ZDOM
13129,ZDOM
11778,ZDOM
12671,ZDOM
11748,ZDOM
13403,ZDOM
12296,ZDOM
12481,ZDOM
11363,ZDOM
11407,ZDOM
10966,ZDOM
11689,ZDOM
13001,ZDOM
13598,ZDOM
12957,ZDOM
11705,ZDOM
12541,ZDOM
12312,ZDOM
12547,ZDOM
11796,ZDOM
12833,ZDOM
11642,ZDOM
13039,ZDOM
10978,ZDOM
12878,ZDOM
13696,ZDOM
11947,ZDOM
12008,ZDOM
12879,ZDOM
12137,ZDOM
13175,ZDOM
12679,ZDOM
13293,ZDOM
12843,ZDOM
12865,ZDOM
12006,ZDOM
10975,ZDOM
13670,ZDOM
12664,ZDOM
13793,ZDOM
11102,ZDOM
12960,ZDOM
12561,ZDOM
10924,ZDOM
11236,ZDOM
12596,ZDOM
12647,ZDOM
11948,ZDOM
11346,ZDOM
12848,ZDOM
11952,ZDOM
13035,ZDOM
13171,ZDOM
13218,ZDOM
11847,ZDOM
11903,ZDOM
13169,ZDOM
11927,ZDOM
10744,ZDOM
10929,ZDOM
12139,ZDOM
11566,ZDOM
11921,ZDOM
13220,ZDOM
12334,ZDOM
13221,ZDOM
10991,ZDOM
12079,ZDOM
13180,ZDOM
11441,ZDOM
10929,ZDOM
12019,ZDOM
11201,ZDOM
11903,ZDOM
10991,ZDOM
12531,ZDOM
11936,ZDOM
11936,ZDOM
13038,ZDOM
12716,ZDOM
10972,ZDOM
11557,ZDOM
11256,ZDOM
13035,ZDOM
11902,ZDOM
10929,ZDOM
13219,ZDOM
12903,ZDOM
12779,ZDOM
10794,ZDOM
12748,ZDOM
12555,ZDOM
11140,ZDOM
12314,ZDOM
11902,ZDOM
13035,ZDOM
11902,ZDOM
10877,ZDOM
12879,ZDOM
11634,ZDOM
11071,ZDOM
12555,ZDOM
11762,ZDOM
13696,ZDOM
13149,ZDOM
12031,ZDOM
11979,ZDOM
10894,ZDOM
12079,ZDOM
12079,ZDOM
11988,ZDOM
12079,ZDOM
11889,ZDOM
13551,ZDOM
12079,ZDOM
12992,ZDOM
13428,ZDOM
12079,ZDOM
12637,ZDOM
13025,ZDOM
11186,ZDOM
12079,ZDOM
11236,ZDOM
10894,ZDOM
11186,ZDOM
11889,ZDOM
12960,ZDOM
10975,ZDOM
12079,ZDOM
11951,ZDOM
12079,ZDOM
13119,ZDOM
13171,ZDOM
12177,ZDOM
11238,ZDOM
12843,ZDOM
13180,ZDOM
10866,ZDOM
12004,ZDOM
11102,ZDOM
13171,ZDOM
13149,ZDOM
12079,ZDOM
12001,ZDOM
11555,ZDOM
11653,ZDOM
12137,ZDOM
13793,ZDOM
10851,ZDOM
13597,ZDOM
12021,ZDOM
11926,ZDOM
13382,ZDOM
10904,ZDOM
12637,ZDOM
11978,ZDOM
12647,ZDOM
11950,ZDOM
12596,ZDOM
12321,ZDOM
12647,ZDOM
12547,ZDOM
12912,ZDOM
12848,ZDOM
12561,ZDOM
11796,ZDOM
12960,ZDOM
12637,ZDOM
11917,ZDOM
10813,ZDOM
12023,ZDOM
12664,ZDOM
11861,ZDOM
12334,ZDOM
10877,ZDOM
12909,ZDOM
10794,ZDOM
13169,ZDOM
12569,ZDOM
12678,ZDOM
11902,ZDOM
12878,ZDOM
12131,ZDOM
12992,ZDOM
12220,ZDOM
10906,ZDOM
11672,ZDOM
10906,ZDOM
11979,ZDOM
12137,ZDOM
11747,ZDOM
11980,ZDOM
11161,ZDOM
13171,ZDOM
13171,ZDOM
11161,ZDOM
13171,ZDOM
11797,ZDOM
11899,ZDOM
12845,ZDOM
11738,ZDOM
11949,ZDOM
11947,ZDOM
12043,ZDOM
11951,ZDOM
10975,ZDOM
12008,ZDOM
11876,ZDOM
11710,ZDOM
11978,ZDOM
12818,ZDOM
11796,ZDOM
10813,ZDOM
12596,ZDOM
12334,ZDOM
10794,ZDOM
12531,ZDOM
10929,ZDOM
12139,ZDOM
12748,ZDOM
10991,ZDOM
11201,ZDOM
11071,ZDOM
13035,ZDOM
10877,ZDOM
11903,ZDOM
11936,ZDOM
10991,ZDOM
10972,ZDOM
11921,ZDOM
11903,ZDOM
13026,ZDOM
12909,ZDOM
12569,ZDOM
10744,ZDOM
11256,ZDOM
10991,ZDOM
11936,ZDOM
13219,ZDOM
11256,ZDOM
12555,ZDOM
12019,ZDOM
11519,ZDOM
11762,ZDOM
13149,ZDOM
11568,ZDOM
11778,ZDOM
11961,ZDOM
13509,ZDOM
12679,ZDOM
11642,ZDOM
11777,ZDOM
13116,ZDOM
13096,ZDOM
12988,ZDOM
12845,ZDOM
12321,ZDOM
12261,ZDOM
13190,ZDOM
11568,ZDOM
11737,ZDOM
13180,ZDOM
11927,ZDOM
11546,ZDOM
12777,ZDOM
12717,ZDOM
10929,ZDOM
13597,ZDOM
12001,ZDOM
11557,ZDOM
11140,ZDOM
13405,ZDOM
11634,ZDOM
11653,ZDOM
13403,ZDOM
13191,ZDOM
12537,ZDOM
11260,ZDOM
12541,ZDOM
10975,ZDOM
12865,ZDOM
12312,ZDOM
12137,ZDOM
11557,ZDOM
13180,ZDOM
12079,ZDOM
12091,ZDOM
11236,ZDOM
13026,ZDOM
11876,ZDOM
12637,ZDOM
11634,ZDOM
12561,ZDOM
12879,ZDOM
13169,ZDOM
13035,ZDOM
12139,ZDOM
11902,ZDOM
13035,ZDOM
13696,ZDOM
12879,ZDOM
12779,ZDOM
13169,ZDOM
10744,ZDOM
12878,ZDOM
10955,ZDOM
10966,ZDOM
10955,ZDOM
13219,ZDOM
10966,ZDOM
10955,ZDOM
12555,ZDOM
11256,ZDOM
12139,ZDOM
13180,ZDOM
12314,ZDOM
13026,ZDOM
12019,ZDOM
10972,ZDOM
11071,ZDOM
11936,ZDOM
13219,ZDOM
11921,ZDOM
12779,ZDOM
13026,ZDOM
13035,ZDOM
11557,ZDOM
11903,ZDOM
11927,ZDOM
11902,ZDOM
11847,ZDOM
11762,ZDOM
10991,ZDOM
13035,ZDOM
13169,ZDOM
11201,ZDOM
12748,ZDOM
11952,ZDOM
10978,ZDOM
11346,ZDOM
10866,ZDOM
13119,ZDOM
13039,ZDOM
12182,ZDOM
13793,ZDOM
11542,ZDOM
11989,ZDOM
12137,ZDOM
11140,ZDOM
11827,ZDOM
10906,ZDOM
12491,ZDOM
12992,ZDOM
13066,ZDOM
13180,ZDOM
11546,ZDOM
13024,ZDOM
13129,ZDOM
11260,ZDOM
11256,ZDOM
11110,ZDOM
13696,ZDOM
11902,ZDOM
12878,ZDOM
13035,ZDOM
13793,ZDOM
10978,ZDOM
10866,ZDOM
11952,ZDOM
13039,ZDOM
13180,ZDOM
11955,ZDOM
11256,ZDOM
11568,ZDOM
12893,ZDOM
13793,ZDOM
11952,ZDOM
11956,ZDOM
13219,ZDOM
10972,ZDOM
12019,ZDOM
13066,ZDOM
12527,ZDOM
11903,ZDOM
13026,ZDOM
11996,ZDOM
11346,ZDOM
11071,ZDOM
12312,ZDOM
12177,ZDOM
13180,ZDOM
10866,ZDOM
13171,ZDOM
13793,ZDOM
12079,ZDOM
12004,ZDOM
12001,ZDOM
13149,ZDOM
10794,ZDOM
13597,ZDOM
13219,ZDOM
12848,ZDOM
13180,ZDOM
10866,ZDOM
10877,ZDOM
10929,ZDOM
11926,ZDOM
13382,ZDOM
10904,ZDOM
12043,ZDOM
13066,ZDOM
10904,ZDOM
12893,ZDOM
13171,ZDOM
11161,ZDOM
13171,ZDOM
10978,ZDOM
12182,ZDOM
12865,ZDOM
12092,ZDOM
13039,ZDOM
12843,ZDOM
11947,ZDOM
13051,ZDOM
12845,ZDOM
10978,ZDOM
13428,ZDOM
13696,ZDOM
12879,ZDOM
12001,ZDOM
12023,ZDOM
12006,ZDOM
12865,ZDOM
11978,ZDOM
10975,ZDOM
12137,ZDOM
12992,ZDOM
11979,ZDOM
12079,ZDOM
12337,ZDOM
